# File produced by Open Asset Import Library (http://www.assimp.sf.net)
# (assimp v3.1.162486261)

mtllib Textured%20Silo%20V2%20final.mtl

# vertex positions
v 8.036273 21.645554 5.772352
v 7.879858 21.092691 5.772352
v 7.812726 21.092691 5.348490
v 7.961486 21.645554 5.300156
v 7.988855 21.747271 5.291263
v 8.065052 21.747271 5.772352
v 7.617899 21.092691 4.966119
v 7.744441 21.645554 4.874181
v 7.767723 21.747271 4.857265
v 7.314446 21.092691 4.662667
v 7.406385 21.645554 4.536125
v 7.423300 21.747271 4.512843
v 6.932076 21.092691 4.467839
v 6.980410 21.645554 4.319079
v 6.989302 21.747271 4.291710
v 6.508212 21.092691 4.400704
v 6.508212 21.645554 4.244291
v 6.508212 21.747271 4.215513
v 6.084351 21.092691 4.467839
v 6.036016 21.645554 4.319079
v 6.027123 21.747271 4.291710
v 5.701980 21.092691 4.662668
v 5.610041 21.645554 4.536125
v 5.593125 21.747271 4.512843
v 5.398528 21.092691 4.966120
v 5.271985 21.645554 4.874181
v 5.248703 21.747271 4.857265
v 5.203700 21.092691 5.348491
v 5.054940 21.645554 5.300156
v 5.027571 21.747271 5.291263
v 5.136566 21.092691 5.772352
v 4.980151 21.645554 5.772352
v 4.951374 21.747271 5.772352
v 5.191336 21.092691 6.091574
v 5.030569 21.645554 6.086546
v 5.000991 21.747271 6.085621
v 5.000991 31.558224 6.085621
v 5.000991 21.808716 6.085621
v 5.104710 21.747271 6.404836
v 5.104710 21.808716 6.404836
v 5.104710 31.558224 6.404836
v 5.104710 31.672535 6.404836
v 5.000991 31.672535 6.085621
v 5.128491 21.645554 6.391889
v 5.257754 21.092691 6.321515
v 5.398527 21.092691 6.578585
v 5.271985 21.645554 6.670525
v 5.248703 21.747271 6.687439
v 5.701980 21.092691 6.882038
v 5.610041 21.645554 7.008580
v 5.593125 21.747271 7.031862
v 6.084351 21.092691 7.076865
v 6.036016 21.645554 7.225625
v 6.027123 21.747271 7.252994
v 6.508212 21.092691 7.144000
v 6.508212 21.645554 7.300414
v 6.508212 21.747271 7.329191
v 6.932074 21.092691 7.076865
v 6.980410 21.645554 7.225625
v 6.989302 21.747271 7.252994
v 7.314445 21.092691 6.882038
v 7.406384 21.645554 7.008580
v 7.423299 21.747271 7.031862
v 7.617897 21.092691 6.578585
v 7.744440 21.645554 6.670525
v 7.767722 21.747271 6.687439
v 7.812725 21.092691 6.196215
v 7.961485 21.645554 6.244549
v 7.988854 21.747271 6.253442
v 7.752320 31.739826 4.868456
v 7.617898 32.327110 4.966119
v 7.812726 32.327110 5.348490
v 7.970749 31.739826 5.297146
v 7.988855 31.672535 5.291263
v 7.767723 31.672535 4.857265
v 7.879858 32.327110 5.772352
v 8.046013 31.739826 5.772352
v 8.065052 31.672535 5.772352
v 7.412110 31.739826 4.528245
v 7.314446 32.327110 4.662667
v 7.423300 31.672535 4.512843
v 6.983420 31.739826 4.309816
v 6.932074 32.327110 4.467839
v 6.989302 31.672535 4.291710
v 6.508212 31.739826 4.234551
v 6.508212 32.327110 4.400706
v 6.508212 31.672535 4.215513
v 6.033006 31.739826 4.309816
v 6.084351 32.327110 4.467839
v 6.027123 31.672535 4.291710
v 5.604315 31.739826 4.528245
v 5.701980 32.327110 4.662668
v 5.593125 31.672535 4.512843
v 5.264106 31.739826 4.868456
v 5.398527 32.327110 4.966119
v 5.248703 31.672535 4.857265
v 5.045677 31.739826 5.297146
v 5.203700 32.327110 5.348491
v 5.027571 31.672535 5.291263
v 4.970412 31.739826 5.772352
v 5.136567 32.327110 5.772352
v 4.951374 31.672535 5.772352
v 5.018344 31.739826 6.080102
v 5.169795 32.327110 6.031934
v 5.604315 31.739826 7.016459
v 5.701980 32.327110 6.882037
v 5.398527 32.327110 6.578585
v 5.264106 31.739826 6.676249
v 5.248703 31.672535 6.687439
v 5.593125 31.672535 7.031862
v 6.033006 31.739826 7.234888
v 6.084351 32.327110 7.076865
v 6.027123 31.672535 7.252994
v 6.508212 31.739826 7.310153
v 6.508212 32.327110 7.143998
v 6.508212 31.672535 7.329191
v 6.983419 31.739826 7.234888
v 6.932074 32.327110 7.076865
v 6.989302 31.672535 7.252994
v 7.412108 31.739826 7.016459
v 7.314445 32.327110 6.882037
v 7.423299 31.672535 7.031862
v 7.752319 31.739826 6.676249
v 7.617897 32.327110 6.578585
v 7.767722 31.672535 6.687439
v 7.970747 31.739826 6.247559
v 7.812725 32.327110 6.196215
v 7.988854 31.672535 6.253442
v 7.988855 31.558224 5.291263
v 7.988855 21.808716 5.291263
v 7.767723 21.808714 4.857265
v 7.767723 31.558224 4.857265
v 7.423300 21.808714 4.512843
v 7.423300 31.558224 4.512843
v 6.989302 21.808714 4.291710
v 6.989302 31.558224 4.291710
v 6.508212 21.808714 4.215513
v 6.508212 31.558224 4.215513
v 6.027123 21.808714 4.291710
v 6.027123 31.558224 4.291710
v 5.593125 21.808714 4.512843
v 5.593125 31.558224 4.512843
v 5.248703 21.808714 4.857265
v 5.248703 31.558224 4.857265
v 5.027571 21.808714 5.291263
v 5.027571 31.558224 5.291263
v 4.951374 21.808714 5.772352
v 4.951374 31.558224 5.772352
v 5.248703 21.808714 6.687439
v 5.248703 31.558224 6.687439
v 5.593125 21.808714 7.031862
v 5.593125 31.558224 7.031862
v 6.027123 21.808714 7.252994
v 6.027123 31.558224 7.252994
v 6.508212 21.808714 7.329191
v 6.508212 31.558224 7.329191
v 6.989302 21.808714 7.252994
v 6.989302 31.558224 7.252994
v 7.423299 21.808714 7.031862
v 7.423299 31.558224 7.031862
v 7.767722 21.808714 6.687439
v 7.767722 31.558224 6.687439
v 7.988854 21.808714 6.253442
v 7.988854 31.558224 6.253442
v 8.065052 21.808714 5.772352
v 8.065052 31.558224 5.772352
v 7.535988 32.327110 5.025630
v 7.254935 32.327110 4.744577
v 7.308550 32.327110 5.772352
v 7.609782 32.327110 5.772352
v 6.087451 32.327110 5.772352
v 6.508212 32.327110 5.772352
v 6.508212 32.327110 4.501953
v 6.115638 32.327110 4.564131
v 6.928975 32.327110 5.772352
v 6.900788 32.327110 4.564131
v 7.778612 32.327110 5.772352
v 7.716435 32.327110 5.379777
v 5.707876 32.327110 5.772352
v 5.761491 32.327110 4.744578
v 5.237575 32.327110 5.773856
v 5.406644 32.327110 5.772352
v 5.480437 32.327110 5.025630
v 5.299991 32.327110 5.379777
v 5.479361 32.327110 6.517998
v 5.267801 32.327110 6.009986
v 5.364334 32.327110 6.307943
v 5.761491 32.327110 6.800127
v 6.115638 32.327110 6.980573
v 6.508212 32.327110 7.042751
v 6.900786 32.327110 6.980573
v 7.254934 32.327110 6.800127
v 7.535987 32.327110 6.519074
v 7.716434 32.327110 6.164928
v 7.254935 21.092691 4.744577
v 7.308550 21.092691 5.772352
v 6.928975 21.092691 5.772352
v 6.900788 21.092691 4.564131
v 6.115638 21.092691 4.564131
v 6.087451 21.092691 5.772352
v 5.707876 21.092691 5.772352
v 5.761491 21.092691 4.744578
v 6.508212 21.092691 5.772352
v 6.508212 21.092691 4.501951
v 7.535988 21.092691 5.025630
v 7.716434 21.092691 5.379777
v 7.778612 21.092691 5.772352
v 7.609781 21.092691 5.772352
v 7.716434 21.092691 6.164928
v 7.535987 21.092691 6.519074
v 7.254934 21.092691 6.800127
v 6.900786 21.092691 6.980573
v 6.508212 21.092691 7.042754
v 5.761491 21.092691 6.800128
v 6.115638 21.092691 6.980573
v 5.406644 21.092691 5.772352
v 5.479361 21.092691 6.517997
v 5.350764 21.092691 6.283162
v 5.288954 21.092691 6.069174
v 5.237916 21.092691 5.771702
v 5.480438 21.092691 5.025631
v 5.299991 21.092691 5.379778
v 5.272103 32.327110 6.347719
v 5.121918 31.739826 6.398964
v 8.186594 26.588551 7.171246
v 8.343846 26.588551 7.013993
v 8.343846 26.780827 7.013993
v 8.186594 26.780827 7.171246
v 8.186594 27.357658 7.171246
v 8.343846 27.357658 7.013993
v 8.203320 27.357658 6.873466
v 8.046067 27.357658 7.030719
v 8.046067 26.513515 7.030719
v 8.203320 26.513515 6.873466
v 8.203320 26.724552 6.873466
v 8.046067 26.724552 7.030719
v 7.765013 26.611998 6.749665
v 7.624486 26.555721 6.609138
v 7.624486 26.288410 6.609138
v 7.765013 26.363445 6.749665
v 7.781738 26.288410 6.451885
v 7.922266 26.363445 6.592412
v 7.922266 27.357658 6.592412
v 7.781738 27.357658 6.451885
v 7.624486 27.357658 6.609138
v 7.765013 27.357658 6.749665
v 8.186594 27.165380 7.171246
v 8.046067 27.146622 7.030719
v 7.624486 27.090345 6.609138
v 7.765013 27.109104 6.749665
v 7.922266 27.109104 6.592412
v 7.781738 27.090345 6.451885
v 8.343846 27.165380 7.013993
v 8.203320 27.146622 6.873466
v 7.905540 27.357658 6.890192
v 7.905540 27.127863 6.890192
v 7.905540 26.668274 6.890192
v 7.905540 26.438480 6.890192
v 8.062793 26.438480 6.732940
v 8.062793 26.668274 6.732940
v 8.062793 27.357658 6.732940
v 8.062793 27.127863 6.732940
v 7.936991 27.357658 6.858741
v 7.624486 26.823032 6.609138
v 7.765013 26.860550 6.749665
v 8.046067 26.935587 7.030719
v 8.186594 26.973104 7.171246
v 8.343846 26.973104 7.013993
v 8.203320 26.935587 6.873466
v 7.922266 26.860550 6.592412
v 7.781738 26.823032 6.451885
v 7.922266 26.611998 6.592412
v 7.781738 26.555721 6.451885
v -7.535988 32.327110 5.025630
v -7.609782 32.327110 5.772352
v -7.308550 32.327110 5.772352
v -7.254935 32.327110 4.744577
v -6.087451 32.327110 5.772352
v -6.115638 32.327110 4.564131
v -6.508212 32.327110 4.501953
v -6.508212 32.327110 5.772352
v -6.900788 32.327110 4.564131
v -6.928975 32.327110 5.772352
v -7.716435 32.327110 5.379777
v -7.778612 32.327110 5.772352
v -5.707876 32.327110 5.772352
v -5.761491 32.327110 4.744578
v -5.237575 32.327110 5.773856
v -5.299991 32.327110 5.379777
v -5.480437 32.327110 5.025630
v -5.406644 32.327110 5.772352
v -5.479361 32.327110 6.517998
v -5.364334 32.327110 6.307943
v -5.267801 32.327110 6.009986
v -5.761491 32.327110 6.800127
v -6.115638 32.327110 6.980573
v -6.508212 32.327110 7.042751
v -6.900786 32.327110 6.980573
v -7.254934 32.327110 6.800127
v -7.535987 32.327110 6.519074
v -7.716434 32.327110 6.164928
v -7.254935 21.092691 4.744577
v -6.900788 21.092691 4.564131
v -6.928975 21.092691 5.772352
v -7.308550 21.092691 5.772352
v -6.115638 21.092691 4.564131
v -5.761491 21.092691 4.744578
v -5.707876 21.092691 5.772352
v -6.087451 21.092691 5.772352
v -6.508212 21.092691 4.501951
v -6.508212 21.092691 5.772352
v -7.535988 21.092691 5.025630
v -7.609781 21.092691 5.772352
v -7.778612 21.092691 5.772352
v -7.716434 21.092691 5.379777
v -7.535987 21.092691 6.519074
v -7.716434 21.092691 6.164928
v -7.254934 21.092691 6.800127
v -6.900786 21.092691 6.980573
v -6.508212 21.092691 7.042754
v -5.761491 21.092691 6.800128
v -6.115638 21.092691 6.980573
v -5.406644 21.092691 5.772352
v -5.237916 21.092691 5.771702
v -5.288954 21.092691 6.069174
v -5.350764 21.092691 6.283162
v -5.479361 21.092691 6.517997
v -5.480438 21.092691 5.025631
v -5.299991 21.092691 5.379778
v -7.752320 31.739826 4.868456
v -7.767723 31.672535 4.857265
v -7.988855 31.672535 5.291263
v -7.970749 31.739826 5.297146
v -7.812726 32.327110 5.348490
v -7.617898 32.327110 4.966119
v -7.412110 31.739826 4.528245
v -7.423300 31.672535 4.512843
v -7.314446 32.327110 4.662667
v -6.983420 31.739826 4.309816
v -6.989302 31.672535 4.291710
v -6.932074 32.327110 4.467839
v -6.508212 31.739826 4.234551
v -6.508212 31.672535 4.215513
v -6.508212 32.327110 4.400706
v -6.033006 31.739826 4.309816
v -6.027123 31.672535 4.291710
v -6.084351 32.327110 4.467839
v -5.604315 31.739826 4.528245
v -5.593125 31.672535 4.512843
v -5.701980 32.327110 4.662668
v -5.264106 31.739826 4.868456
v -5.248703 31.672535 4.857265
v -5.398527 32.327110 4.966119
v -5.045677 31.739826 5.297146
v -5.027571 31.672535 5.291263
v -5.203700 32.327110 5.348491
v -4.970412 31.739826 5.772352
v -4.951374 31.672535 5.772352
v -5.136567 32.327110 5.772352
v -5.018344 31.739826 6.080102
v -5.000991 31.672535 6.085621
v -5.169795 32.327110 6.031934
v -5.121918 31.739826 6.398964
v -5.104710 31.672535 6.404836
v -5.272103 32.327110 6.347719
v -5.264106 31.739826 6.676249
v -5.248703 31.672535 6.687439
v -5.398527 32.327110 6.578585
v -5.604315 31.739826 7.016459
v -5.593125 31.672535 7.031862
v -5.701980 32.327110 6.882037
v -6.033006 31.739826 7.234888
v -6.027123 31.672535 7.252994
v -6.084351 32.327110 7.076865
v -6.508212 31.739826 7.310153
v -6.508212 31.672535 7.329191
v -6.508212 32.327110 7.143998
v -6.983419 31.739826 7.234888
v -6.989302 31.672535 7.252994
v -6.932074 32.327110 7.076865
v -7.412108 31.739826 7.016459
v -7.423299 31.672535 7.031862
v -7.314445 32.327110 6.882037
v -7.752319 31.739826 6.676249
v -7.767722 31.672535 6.687439
v -7.617897 32.327110 6.578585
v -7.970747 31.739826 6.247559
v -7.988854 31.672535 6.253442
v -7.812725 32.327110 6.196215
v -8.046013 31.739826 5.772352
v -8.065052 31.672535 5.772352
v -7.879858 32.327110 5.772352
v -5.000991 21.808716 6.085621
v -5.000991 31.558224 6.085621
v -5.104710 31.558224 6.404836
v -5.104710 21.808716 6.404836
v -5.104710 21.747271 6.404836
v -5.000991 21.747271 6.085621
v -4.951374 21.808714 5.772352
v -4.951374 31.558224 5.772352
v -4.951374 21.747271 5.772352
v -5.027571 21.808714 5.291263
v -5.027571 31.558224 5.291263
v -5.027571 21.747271 5.291263
v -5.248703 21.808714 4.857265
v -5.248703 31.558224 4.857265
v -5.248703 21.747271 4.857265
v -5.593125 21.808714 4.512843
v -5.593125 31.558224 4.512843
v -5.593125 21.747271 4.512843
v -6.027123 21.808714 4.291710
v -6.027123 31.558224 4.291710
v -6.027123 21.747271 4.291710
v -6.508212 21.808714 4.215513
v -6.508212 31.558224 4.215513
v -6.508212 21.747271 4.215513
v -6.989302 21.808714 4.291710
v -6.989302 31.558224 4.291710
v -6.989302 21.747271 4.291710
v -7.423300 21.808714 4.512843
v -7.423300 31.558224 4.512843
v -7.423300 21.747271 4.512843
v -7.767723 21.808714 4.857265
v -7.767723 31.558224 4.857265
v -7.767723 21.747271 4.857265
v -7.988855 21.808716 5.291263
v -7.988855 31.558224 5.291263
v -7.988855 21.747271 5.291263
v -8.065052 21.808714 5.772352
v -8.065052 31.558224 5.772352
v -8.065052 21.747271 5.772352
v -7.988854 21.808714 6.253442
v -7.988854 31.558224 6.253442
v -7.988854 21.747271 6.253442
v -7.767722 21.808714 6.687439
v -7.767722 31.558224 6.687439
v -7.767722 21.747271 6.687439
v -7.423299 21.808714 7.031862
v -7.423299 31.558224 7.031862
v -7.423299 21.747271 7.031862
v -6.989302 21.808714 7.252994
v -6.989302 31.558224 7.252994
v -6.989302 21.747271 7.252994
v -6.508212 21.808714 7.329191
v -6.508212 31.558224 7.329191
v -6.508212 21.747271 7.329191
v -6.027123 21.808714 7.252994
v -6.027123 31.558224 7.252994
v -6.027123 21.747271 7.252994
v -5.593125 21.808714 7.031862
v -5.593125 31.558224 7.031862
v -5.593125 21.747271 7.031862
v -5.248703 21.808714 6.687439
v -5.248703 31.558224 6.687439
v -5.248703 21.747271 6.687439
v -8.036273 21.645554 5.772352
v -7.961486 21.645554 5.300156
v -7.812726 21.092691 5.348490
v -7.879858 21.092691 5.772352
v -7.961485 21.645554 6.244549
v -7.812725 21.092691 6.196215
v -7.744440 21.645554 6.670525
v -7.617897 21.092691 6.578585
v -7.406384 21.645554 7.008580
v -7.314445 21.092691 6.882038
v -6.980410 21.645554 7.225625
v -6.932074 21.092691 7.076865
v -6.508212 21.645554 7.300414
v -6.508212 21.092691 7.144000
v -6.036016 21.645554 7.225625
v -6.084351 21.092691 7.076865
v -5.610041 21.645554 7.008580
v -5.701980 21.092691 6.882038
v -5.271985 21.645554 6.670525
v -5.398527 21.092691 6.578585
v -5.128491 21.645554 6.391889
v -5.257754 21.092691 6.321515
v -5.030569 21.645554 6.086546
v -5.191336 21.092691 6.091574
v -4.980151 21.645554 5.772352
v -5.136566 21.092691 5.772352
v -5.054940 21.645554 5.300156
v -5.203700 21.092691 5.348491
v -5.271985 21.645554 4.874181
v -5.398528 21.092691 4.966120
v -5.610041 21.645554 4.536125
v -5.701980 21.092691 4.662668
v -6.036016 21.645554 4.319079
v -6.084351 21.092691 4.467839
v -6.508212 21.645554 4.244291
v -6.508212 21.092691 4.400704
v -6.980410 21.645554 4.319079
v -6.932076 21.092691 4.467839
v -7.406385 21.645554 4.536125
v -7.314446 21.092691 4.662667
v -7.744441 21.645554 4.874181
v -7.617899 21.092691 4.966119
v -8.062793 27.127863 6.732940
v -7.905540 27.127863 6.890192
v -8.046067 27.146622 7.030719
v -8.203320 27.146622 6.873466
v -8.046067 26.935587 7.030719
v -8.203320 26.935587 6.873466
v -7.922266 26.860550 6.592412
v -7.765013 26.860550 6.749665
v -7.765013 27.109104 6.749665
v -7.922266 27.109104 6.592412
v -8.062793 26.668274 6.732940
v -7.905540 26.668274 6.890192
v -7.765013 26.611998 6.749665
v -7.922266 26.611998 6.592412
v -8.046067 26.724552 7.030719
v -8.203320 26.724552 6.873466
v -7.765013 27.357658 6.749665
v -7.905540 27.357658 6.890192
v -8.046067 27.357658 7.030719
v -8.062793 27.357658 6.732940
v -8.203320 27.357658 6.873466
v -7.922266 27.357658 6.592412
v -8.343846 26.973104 7.013993
v -8.343846 26.780827 7.013993
v -8.186594 26.780827 7.171246
v -8.186594 26.973104 7.171246
v -8.343846 27.165380 7.013993
v -8.186594 27.165380 7.171246
v -8.343846 27.357658 7.013993
v -8.186594 27.357658 7.171246
v -8.062793 26.438480 6.732940
v -7.922266 26.363445 6.592412
v -7.765013 26.363445 6.749665
v -7.905540 26.438480 6.890192
v -8.203320 26.513515 6.873466
v -8.046067 26.513515 7.030719
v -8.186594 26.588551 7.171246
v -8.343846 26.588551 7.013993
v -7.624486 26.555721 6.609138
v -7.624486 26.823032 6.609138
v -7.781738 26.288410 6.451885
v -7.655936 26.288410 6.577687
v -7.624486 26.288410 6.609138
v -7.781738 26.823032 6.451885
v -7.781738 26.555721 6.451885
v -7.781738 27.090345 6.451885
v -7.781738 27.357658 6.451885
v -7.624486 27.357658 6.609138
v -7.624486 27.090345 6.609138
v 7.535988 32.327110 -5.025630
v 7.609782 32.327110 -5.772353
v 7.308550 32.327110 -5.772352
v 7.254935 32.327110 -4.744577
v 6.087451 32.327110 -5.772353
v 6.115638 32.327110 -4.564131
v 6.508212 32.327110 -4.501953
v 6.508212 32.327110 -5.772352
v 6.900788 32.327110 -4.564131
v 6.928975 32.327110 -5.772352
v 7.716435 32.327110 -5.379777
v 7.778612 32.327110 -5.772352
v 5.707876 32.327110 -5.772353
v 5.761491 32.327110 -4.744578
v 5.237575 32.327110 -5.773856
v 5.299991 32.327110 -5.379777
v 5.480437 32.327110 -5.025630
v 5.406644 32.327110 -5.772353
v 5.479361 32.327110 -6.517998
v 5.364334 32.327110 -6.307943
v 5.267801 32.327110 -6.009986
v 5.761491 32.327110 -6.800127
v 6.115638 32.327110 -6.980574
v 6.508212 32.327110 -7.042751
v 6.900786 32.327110 -6.980574
v 7.254934 32.327110 -6.800127
v 7.535987 32.327110 -6.519074
v 7.716434 32.327110 -6.164928
v 7.254935 21.092691 -4.744577
v 6.900788 21.092691 -4.564131
v 6.928975 21.092691 -5.772352
v 7.308550 21.092691 -5.772352
v 6.115638 21.092691 -4.564131
v 5.761491 21.092691 -4.744578
v 5.707876 21.092691 -5.772353
v 6.087451 21.092691 -5.772353
v 6.508212 21.092691 -4.501951
v 6.508212 21.092691 -5.772352
v 7.535988 21.092691 -5.025630
v 7.609781 21.092691 -5.772353
v 7.778612 21.092691 -5.772352
v 7.716434 21.092691 -5.379777
v 7.535987 21.092691 -6.519074
v 7.716434 21.092691 -6.164928
v 7.254934 21.092691 -6.800127
v 6.900786 21.092691 -6.980574
v 6.508212 21.092691 -7.042754
v 5.761491 21.092691 -6.800128
v 6.115638 21.092691 -6.980574
v 5.406644 21.092691 -5.772353
v 5.237916 21.092691 -5.771702
v 5.288954 21.092691 -6.069174
v 5.350764 21.092691 -6.283162
v 5.479361 21.092691 -6.517998
v 5.480438 21.092691 -5.025631
v 5.299991 21.092691 -5.379778
v 7.752320 31.739826 -4.868455
v 7.767723 31.672535 -4.857265
v 7.988855 31.672535 -5.291262
v 7.970749 31.739826 -5.297146
v 7.812726 32.327110 -5.348490
v 7.617898 32.327110 -4.966119
v 7.412110 31.739826 -4.528245
v 7.423300 31.672535 -4.512843
v 7.314446 32.327110 -4.662667
v 6.983420 31.739826 -4.309816
v 6.989302 31.672535 -4.291710
v 6.932074 32.327110 -4.467839
v 6.508212 31.739826 -4.234551
v 6.508212 31.672535 -4.215513
v 6.508212 32.327110 -4.400706
v 6.033006 31.739826 -4.309816
v 6.027123 31.672535 -4.291710
v 6.084351 32.327110 -4.467839
v 5.604315 31.739826 -4.528245
v 5.593125 31.672535 -4.512843
v 5.701980 32.327110 -4.662668
v 5.264106 31.739826 -4.868455
v 5.248703 31.672535 -4.857265
v 5.398527 32.327110 -4.966119
v 5.045677 31.739826 -5.297146
v 5.027571 31.672535 -5.291263
v 5.203700 32.327110 -5.348491
v 4.970412 31.739826 -5.772353
v 4.951374 31.672535 -5.772353
v 5.136567 32.327110 -5.772353
v 5.018344 31.739826 -6.080102
v 5.000991 31.672535 -6.085621
v 5.169795 32.327110 -6.031934
v 5.121918 31.739826 -6.398964
v 5.104710 31.672535 -6.404836
v 5.272103 32.327110 -6.347719
v 5.264106 31.739826 -6.676249
v 5.248703 31.672535 -6.687439
v 5.398527 32.327110 -6.578585
v 5.604315 31.739826 -7.016459
v 5.593125 31.672535 -7.031862
v 5.701980 32.327110 -6.882037
v 6.033006 31.739826 -7.234888
v 6.027123 31.672535 -7.252994
v 6.084351 32.327110 -7.076865
v 6.508212 31.739826 -7.310153
v 6.508212 31.672535 -7.329191
v 6.508212 32.327110 -7.143998
v 6.983419 31.739826 -7.234888
v 6.989302 31.672535 -7.252994
v 6.932074 32.327110 -7.076865
v 7.412108 31.739826 -7.016459
v 7.423299 31.672535 -7.031862
v 7.314445 32.327110 -6.882037
v 7.752319 31.739826 -6.676249
v 7.767722 31.672535 -6.687439
v 7.617897 32.327110 -6.578585
v 7.970747 31.739826 -6.247558
v 7.988854 31.672535 -6.253442
v 7.812725 32.327110 -6.196214
v 8.046013 31.739826 -5.772353
v 8.065052 31.672535 -5.772353
v 7.879858 32.327110 -5.772352
v 5.000991 21.808716 -6.085621
v 5.000991 31.558224 -6.085621
v 5.104710 31.558224 -6.404836
v 5.104710 21.808716 -6.404836
v 5.104710 21.747271 -6.404836
v 5.000991 21.747271 -6.085621
v 4.951374 21.808714 -5.772353
v 4.951374 31.558224 -5.772353
v 4.951374 21.747271 -5.772353
v 5.027571 21.808714 -5.291263
v 5.027571 31.558224 -5.291263
v 5.027571 21.747271 -5.291263
v 5.248703 21.808714 -4.857265
v 5.248703 31.558224 -4.857265
v 5.248703 21.747271 -4.857265
v 5.593125 21.808714 -4.512843
v 5.593125 31.558224 -4.512843
v 5.593125 21.747271 -4.512843
v 6.027123 21.808714 -4.291710
v 6.027123 31.558224 -4.291710
v 6.027123 21.747271 -4.291710
v 6.508212 21.808714 -4.215513
v 6.508212 31.558224 -4.215513
v 6.508212 21.747271 -4.215513
v 6.989302 21.808714 -4.291710
v 6.989302 31.558224 -4.291710
v 6.989302 21.747271 -4.291710
v 7.423300 21.808714 -4.512843
v 7.423300 31.558224 -4.512843
v 7.423300 21.747271 -4.512843
v 7.767723 21.808714 -4.857265
v 7.767723 31.558224 -4.857265
v 7.767723 21.747271 -4.857265
v 7.988855 21.808716 -5.291262
v 7.988855 31.558224 -5.291262
v 7.988855 21.747271 -5.291262
v 8.065052 21.808714 -5.772353
v 8.065052 31.558224 -5.772353
v 8.065052 21.747271 -5.772353
v 7.988854 21.808714 -6.253442
v 7.988854 31.558224 -6.253442
v 7.988854 21.747271 -6.253442
v 7.767722 21.808714 -6.687439
v 7.767722 31.558224 -6.687439
v 7.767722 21.747271 -6.687439
v 7.423299 21.808714 -7.031862
v 7.423299 31.558224 -7.031862
v 7.423299 21.747271 -7.031862
v 6.989302 21.808714 -7.252994
v 6.989302 31.558224 -7.252994
v 6.989302 21.747271 -7.252994
v 6.508212 21.808714 -7.329191
v 6.508212 31.558224 -7.329191
v 6.508212 21.747271 -7.329191
v 6.027123 21.808714 -7.252994
v 6.027123 31.558224 -7.252994
v 6.027123 21.747271 -7.252994
v 5.593125 21.808714 -7.031862
v 5.593125 31.558224 -7.031862
v 5.593125 21.747271 -7.031862
v 5.248703 21.808714 -6.687439
v 5.248703 31.558224 -6.687439
v 5.248703 21.747271 -6.687439
v 8.036273 21.645554 -5.772353
v 7.961486 21.645554 -5.300156
v 7.812726 21.092691 -5.348490
v 7.879858 21.092691 -5.772352
v 7.961485 21.645554 -6.244549
v 7.812725 21.092691 -6.196214
v 7.744440 21.645554 -6.670524
v 7.617897 21.092691 -6.578585
v 7.406384 21.645554 -7.008580
v 7.314445 21.092691 -6.882038
v 6.980410 21.645554 -7.225625
v 6.932074 21.092691 -7.076865
v 6.508212 21.645554 -7.300414
v 6.508212 21.092691 -7.144000
v 6.036016 21.645554 -7.225625
v 6.084351 21.092691 -7.076865
v 5.610041 21.645554 -7.008580
v 5.701980 21.092691 -6.882038
v 5.271985 21.645554 -6.670524
v 5.398527 21.092691 -6.578585
v 5.128491 21.645554 -6.391889
v 5.257754 21.092691 -6.321515
v 5.030569 21.645554 -6.086546
v 5.191336 21.092691 -6.091574
v 4.980151 21.645554 -5.772353
v 5.136566 21.092691 -5.772353
v 5.054940 21.645554 -5.300156
v 5.203700 21.092691 -5.348491
v 5.271985 21.645554 -4.874181
v 5.398528 21.092691 -4.966120
v 5.610041 21.645554 -4.536125
v 5.701980 21.092691 -4.662668
v 6.036016 21.645554 -4.319079
v 6.084351 21.092691 -4.467839
v 6.508212 21.645554 -4.244291
v 6.508212 21.092691 -4.400704
v 6.980410 21.645554 -4.319079
v 6.932076 21.092691 -4.467839
v 7.406385 21.645554 -4.536125
v 7.314446 21.092691 -4.662667
v 7.744441 21.645554 -4.874181
v 7.617899 21.092691 -4.966119
v 8.062793 27.127863 -6.732939
v 7.905540 27.127863 -6.890192
v 8.046067 27.146622 -7.030719
v 8.203320 27.146622 -6.873466
v 8.046067 26.935587 -7.030719
v 8.203320 26.935587 -6.873466
v 7.922266 26.860550 -6.592412
v 7.765013 26.860550 -6.749665
v 7.765013 27.109104 -6.749665
v 7.922266 27.109104 -6.592412
v 8.062793 26.668274 -6.732939
v 7.905540 26.668274 -6.890192
v 7.765013 26.611998 -6.749665
v 7.922266 26.611998 -6.592412
v 8.046067 26.724552 -7.030719
v 8.203320 26.724552 -6.873466
v 7.905540 27.357658 -6.890192
v 7.765013 27.357658 -6.749665
v 8.046067 27.357658 -7.030719
v 8.062793 27.357658 -6.732939
v 8.203320 27.357658 -6.873466
v 7.922266 27.357658 -6.592412
v 8.186594 26.973104 -7.171246
v 8.343846 26.973104 -7.013993
v 8.343846 26.780827 -7.013993
v 8.186594 26.780827 -7.171246
v 8.186594 27.165380 -7.171246
v 8.343846 27.165380 -7.013993
v 8.186594 27.357658 -7.171246
v 8.343846 27.357658 -7.013993
v 7.905540 26.438480 -6.890192
v 8.062793 26.438480 -6.732939
v 7.922266 26.363445 -6.592412
v 7.765013 26.363445 -6.749665
v 8.046067 26.513515 -7.030719
v 8.203320 26.513515 -6.873466
v 8.057309 27.148125 -7.041962
v 8.315741 26.573544 -6.985888
v 8.186594 26.588551 -7.171246
v 8.343846 26.588551 -7.013993
v 7.624486 26.823032 -6.609138
v 7.742529 26.854549 -6.727181
v 7.753771 26.857550 -6.738423
v 7.624486 26.555721 -6.609138
v 7.624486 26.288410 -6.609138
v 7.781738 26.288410 -6.451885
v 7.781738 26.555721 -6.451885
v 7.781738 26.823032 -6.451885
v 7.781738 27.090345 -6.451885
v 7.781738 27.357658 -6.451885
v 7.624486 27.357658 -6.609138
v 7.753771 27.107605 -6.738423
v 7.742529 27.106102 -6.727181
v 7.624486 27.090345 -6.609138
v -8.036273 21.645554 -5.772353
v -7.879858 21.092691 -5.772352
v -7.812726 21.092691 -5.348490
v -7.961486 21.645554 -5.300156
v -7.988855 21.747271 -5.291262
v -8.065052 21.747271 -5.772353
v -7.617899 21.092691 -4.966119
v -7.744441 21.645554 -4.874181
v -7.767723 21.747271 -4.857265
v -7.314446 21.092691 -4.662667
v -7.406385 21.645554 -4.536125
v -7.423300 21.747271 -4.512843
v -6.932076 21.092691 -4.467839
v -6.980410 21.645554 -4.319079
v -6.989302 21.747271 -4.291710
v -6.508212 21.092691 -4.400704
v -6.508212 21.645554 -4.244291
v -6.508212 21.747271 -4.215513
v -6.084351 21.092691 -4.467839
v -6.036016 21.645554 -4.319079
v -6.027123 21.747271 -4.291710
v -5.701980 21.092691 -4.662668
v -5.610041 21.645554 -4.536125
v -5.593125 21.747271 -4.512843
v -5.398528 21.092691 -4.966120
v -5.271985 21.645554 -4.874181
v -5.248703 21.747271 -4.857265
v -5.203700 21.092691 -5.348491
v -5.054940 21.645554 -5.300156
v -5.027571 21.747271 -5.291263
v -5.136566 21.092691 -5.772353
v -4.980151 21.645554 -5.772353
v -4.951374 21.747271 -5.772353
v -5.191336 21.092691 -6.091574
v -5.030569 21.645554 -6.086546
v -5.000991 21.747271 -6.085621
v -5.000991 31.558224 -6.085621
v -5.000991 21.808716 -6.085621
v -5.104710 21.747271 -6.404836
v -5.104710 21.808716 -6.404836
v -5.104710 31.558224 -6.404836
v -5.104710 31.672535 -6.404836
v -5.000991 31.672535 -6.085621
v -5.128491 21.645554 -6.391889
v -5.257754 21.092691 -6.321515
v -5.398527 21.092691 -6.578585
v -5.271985 21.645554 -6.670524
v -5.248703 21.747271 -6.687439
v -5.701980 21.092691 -6.882038
v -5.610041 21.645554 -7.008580
v -5.593125 21.747271 -7.031862
v -6.084351 21.092691 -7.076865
v -6.036016 21.645554 -7.225625
v -6.027123 21.747271 -7.252994
v -6.508212 21.092691 -7.144000
v -6.508212 21.645554 -7.300414
v -6.508212 21.747271 -7.329191
v -6.932074 21.092691 -7.076865
v -6.980410 21.645554 -7.225625
v -6.989302 21.747271 -7.252994
v -7.314445 21.092691 -6.882038
v -7.406384 21.645554 -7.008580
v -7.423299 21.747271 -7.031862
v -7.617897 21.092691 -6.578585
v -7.744440 21.645554 -6.670524
v -7.767722 21.747271 -6.687439
v -7.812725 21.092691 -6.196214
v -7.961485 21.645554 -6.244549
v -7.988854 21.747271 -6.253442
v -7.752320 31.739826 -4.868455
v -7.617898 32.327110 -4.966119
v -7.812726 32.327110 -5.348490
v -7.970749 31.739826 -5.297146
v -7.988855 31.672535 -5.291262
v -7.767723 31.672535 -4.857265
v -7.879858 32.327110 -5.772352
v -8.046013 31.739826 -5.772353
v -8.065052 31.672535 -5.772353
v -7.412110 31.739826 -4.528245
v -7.314446 32.327110 -4.662667
v -7.423300 31.672535 -4.512843
v -6.983420 31.739826 -4.309816
v -6.932074 32.327110 -4.467839
v -6.989302 31.672535 -4.291710
v -6.508212 31.739826 -4.234551
v -6.508212 32.327110 -4.400706
v -6.508212 31.672535 -4.215513
v -6.033006 31.739826 -4.309816
v -6.084351 32.327110 -4.467839
v -6.027123 31.672535 -4.291710
v -5.604315 31.739826 -4.528245
v -5.701980 32.327110 -4.662668
v -5.593125 31.672535 -4.512843
v -5.264106 31.739826 -4.868455
v -5.398527 32.327110 -4.966119
v -5.248703 31.672535 -4.857265
v -5.045677 31.739826 -5.297146
v -5.203700 32.327110 -5.348491
v -5.027571 31.672535 -5.291263
v -4.970412 31.739826 -5.772353
v -5.136567 32.327110 -5.772353
v -4.951374 31.672535 -5.772353
v -5.018344 31.739826 -6.080102
v -5.169795 32.327110 -6.031934
v -5.604315 31.739826 -7.016459
v -5.701980 32.327110 -6.882037
v -5.398527 32.327110 -6.578585
v -5.264106 31.739826 -6.676249
v -5.248703 31.672535 -6.687439
v -5.593125 31.672535 -7.031862
v -6.033006 31.739826 -7.234888
v -6.084351 32.327110 -7.076865
v -6.027123 31.672535 -7.252994
v -6.508212 31.739826 -7.310153
v -6.508212 32.327110 -7.143998
v -6.508212 31.672535 -7.329191
v -6.983419 31.739826 -7.234888
v -6.932074 32.327110 -7.076865
v -6.989302 31.672535 -7.252994
v -7.412108 31.739826 -7.016459
v -7.314445 32.327110 -6.882037
v -7.423299 31.672535 -7.031862
v -7.752319 31.739826 -6.676249
v -7.617897 32.327110 -6.578585
v -7.767722 31.672535 -6.687439
v -7.970747 31.739826 -6.247558
v -7.812725 32.327110 -6.196214
v -7.988854 31.672535 -6.253442
v -7.988855 31.558224 -5.291262
v -7.988855 21.808716 -5.291262
v -7.767723 21.808714 -4.857265
v -7.767723 31.558224 -4.857265
v -7.423300 21.808714 -4.512843
v -7.423300 31.558224 -4.512843
v -6.989302 21.808714 -4.291710
v -6.989302 31.558224 -4.291710
v -6.508212 21.808714 -4.215513
v -6.508212 31.558224 -4.215513
v -6.027123 21.808714 -4.291710
v -6.027123 31.558224 -4.291710
v -5.593125 21.808714 -4.512843
v -5.593125 31.558224 -4.512843
v -5.248703 21.808714 -4.857265
v -5.248703 31.558224 -4.857265
v -5.027571 21.808714 -5.291263
v -5.027571 31.558224 -5.291263
v -4.951374 21.808714 -5.772353
v -4.951374 31.558224 -5.772353
v -5.248703 21.808714 -6.687439
v -5.248703 31.558224 -6.687439
v -5.593125 21.808714 -7.031862
v -5.593125 31.558224 -7.031862
v -6.027123 21.808714 -7.252994
v -6.027123 31.558224 -7.252994
v -6.508212 21.808714 -7.329191
v -6.508212 31.558224 -7.329191
v -6.989302 21.808714 -7.252994
v -6.989302 31.558224 -7.252994
v -7.423299 21.808714 -7.031862
v -7.423299 31.558224 -7.031862
v -7.767722 21.808714 -6.687439
v -7.767722 31.558224 -6.687439
v -7.988854 21.808714 -6.253442
v -7.988854 31.558224 -6.253442
v -8.065052 21.808714 -5.772353
v -8.065052 31.558224 -5.772353
v -7.535988 32.327110 -5.025630
v -7.254935 32.327110 -4.744577
v -7.308550 32.327110 -5.772352
v -7.609782 32.327110 -5.772353
v -6.087451 32.327110 -5.772353
v -6.508212 32.327110 -5.772352
v -6.508212 32.327110 -4.501953
v -6.115638 32.327110 -4.564131
v -6.928975 32.327110 -5.772352
v -6.900788 32.327110 -4.564131
v -7.778612 32.327110 -5.772352
v -7.716435 32.327110 -5.379777
v -5.707876 32.327110 -5.772353
v -5.761491 32.327110 -4.744578
v -5.237575 32.327110 -5.773856
v -5.406644 32.327110 -5.772353
v -5.480437 32.327110 -5.025630
v -5.299991 32.327110 -5.379777
v -5.479361 32.327110 -6.517998
v -5.267801 32.327110 -6.009986
v -5.364334 32.327110 -6.307943
v -5.761491 32.327110 -6.800127
v -6.115638 32.327110 -6.980574
v -6.508212 32.327110 -7.042751
v -6.900786 32.327110 -6.980574
v -7.254934 32.327110 -6.800127
v -7.535987 32.327110 -6.519074
v -7.716434 32.327110 -6.164928
v -7.254935 21.092691 -4.744577
v -7.308550 21.092691 -5.772352
v -6.928975 21.092691 -5.772352
v -6.900788 21.092691 -4.564131
v -6.115638 21.092691 -4.564131
v -6.087451 21.092691 -5.772353
v -5.707876 21.092691 -5.772353
v -5.761491 21.092691 -4.744578
v -6.508212 21.092691 -5.772352
v -6.508212 21.092691 -4.501951
v -7.535988 21.092691 -5.025630
v -7.716434 21.092691 -5.379777
v -7.778612 21.092691 -5.772352
v -7.609781 21.092691 -5.772353
v -7.716434 21.092691 -6.164928
v -7.535987 21.092691 -6.519074
v -7.254934 21.092691 -6.800127
v -6.900786 21.092691 -6.980574
v -6.508212 21.092691 -7.042754
v -5.761491 21.092691 -6.800128
v -6.115638 21.092691 -6.980574
v -5.406644 21.092691 -5.772353
v -5.479361 21.092691 -6.517998
v -5.350764 21.092691 -6.283162
v -5.288954 21.092691 -6.069174
v -5.237916 21.092691 -5.771702
v -5.480438 21.092691 -5.025631
v -5.299991 21.092691 -5.379778
v -5.272103 32.327110 -6.347719
v -5.121918 31.739826 -6.398964
v -8.186594 26.780827 -7.171246
v -8.186594 26.588551 -7.171246
v -8.343846 26.588551 -7.013993
v -8.343846 26.780827 -7.013993
v -8.186594 27.357658 -7.171246
v -8.343846 27.357658 -7.013993
v -8.203320 27.357658 -6.873466
v -8.046067 27.357658 -7.030719
v -8.046067 26.513515 -7.030719
v -8.203320 26.513515 -6.873466
v -8.203320 26.724552 -6.873466
v -8.046067 26.724552 -7.030719
v -7.624486 26.288410 -6.609138
v -7.765013 26.363445 -6.749665
v -7.765013 26.611998 -6.749665
v -7.624486 26.555721 -6.609138
v -7.781738 26.288410 -6.451885
v -7.922266 26.363445 -6.592412
v -7.781738 26.555721 -6.451885
v -7.922266 26.611998 -6.592412
v -7.781738 27.357658 -6.451885
v -7.624486 27.357658 -6.609138
v -7.765013 27.357658 -6.749665
v -7.922266 27.357658 -6.592412
v -8.186594 27.165380 -7.171246
v -8.046067 27.146622 -7.030719
v -7.624486 27.090345 -6.609138
v -7.765013 27.109104 -6.749665
v -7.781738 27.090345 -6.451885
v -7.922266 27.109104 -6.592412
v -8.343846 27.165380 -7.013993
v -8.203320 27.146622 -6.873466
v -7.905540 27.357658 -6.890192
v -7.905540 27.127863 -6.890192
v -7.905540 26.668274 -6.890192
v -7.905540 26.438480 -6.890192
v -8.062793 26.438480 -6.732939
v -8.062793 26.668274 -6.732939
v -8.062793 27.127863 -6.732939
v -8.062793 27.357658 -6.732939
v -7.624486 26.823032 -6.609138
v -7.765013 26.860550 -6.749665
v -8.186594 26.973104 -7.171246
v -8.046067 26.935587 -7.030719
v -8.343846 26.973104 -7.013993
v -8.203320 26.935587 -6.873466
v -7.781738 26.823032 -6.451885
v -7.922266 26.860550 -6.592412
v 7.535988 9.518860 5.025630
v 7.609782 9.518860 5.772352
v 7.308550 9.518860 5.772352
v 7.254935 9.518860 4.744577
v 6.087451 9.518860 5.772352
v 6.115638 9.518860 4.564131
v 6.508212 9.518860 4.501953
v 6.508212 9.518860 5.772352
v 6.900788 9.518860 4.564131
v 6.928975 9.518860 5.772352
v 7.716435 9.518860 5.379777
v 7.778612 9.518860 5.772352
v 5.707876 9.518860 5.772352
v 5.761491 9.518860 4.744578
v 5.237575 9.518860 5.773856
v 5.299991 9.518860 5.379777
v 5.480437 9.518860 5.025630
v 5.406644 9.518860 5.772352
v 5.479361 9.518860 6.517998
v 5.364334 9.518860 6.307943
v 5.267801 9.518860 6.009986
v 5.761491 9.518860 6.800127
v 6.115638 9.518860 6.980573
v 6.508212 9.518860 7.042751
v 6.900786 9.518860 6.980573
v 7.254934 9.518860 6.800127
v 7.535987 9.518860 6.519074
v 7.716434 9.518860 6.164928
v 7.254935 20.753279 4.744577
v 6.900788 20.753279 4.564131
v 6.928975 20.753279 5.772352
v 7.308550 20.753279 5.772352
v 6.115638 20.753279 4.564131
v 5.761491 20.753279 4.744578
v 5.707876 20.753279 5.772352
v 6.087451 20.753279 5.772352
v 6.508212 20.753279 4.501951
v 6.508212 20.753279 5.772352
v 7.535988 20.753279 5.025630
v 7.609781 20.753279 5.772352
v 7.778612 20.753279 5.772352
v 7.716434 20.753279 5.379777
v 7.535987 20.753279 6.519074
v 7.716434 20.753279 6.164928
v 7.254934 20.753279 6.800127
v 6.900786 20.753279 6.980573
v 6.508212 20.753279 7.042754
v 5.761491 20.753279 6.800128
v 6.115638 20.753279 6.980573
v 5.406644 20.753279 5.772352
v 5.237916 20.753279 5.771702
v 5.288954 20.753279 6.069174
v 5.350764 20.753279 6.283162
v 5.479361 20.753279 6.517997
v 5.480438 20.753279 5.025631
v 5.299991 20.753279 5.379778
v 7.752320 10.106144 4.868456
v 7.767723 10.173435 4.857265
v 7.988855 10.173435 5.291263
v 7.970749 10.106144 5.297146
v 7.812726 9.518860 5.348490
v 7.617898 9.518860 4.966119
v 7.412110 10.106144 4.528245
v 7.423300 10.173435 4.512843
v 7.314446 9.518860 4.662667
v 6.983420 10.106144 4.309816
v 6.989302 10.173435 4.291710
v 6.932074 9.518860 4.467839
v 6.508212 10.106144 4.234551
v 6.508212 10.173435 4.215513
v 6.508212 9.518860 4.400706
v 6.033006 10.106144 4.309816
v 6.027123 10.173435 4.291710
v 6.084351 9.518860 4.467839
v 5.604315 10.106144 4.528245
v 5.593125 10.173435 4.512843
v 5.701980 9.518860 4.662668
v 5.264106 10.106144 4.868456
v 5.248703 10.173435 4.857265
v 5.398527 9.518860 4.966119
v 5.045677 10.106144 5.297146
v 5.027571 10.173435 5.291263
v 5.203700 9.518860 5.348491
v 4.970412 10.106144 5.772352
v 4.951374 10.173435 5.772352
v 5.136567 9.518860 5.772352
v 5.018344 10.106144 6.080102
v 5.000991 10.173435 6.085621
v 5.169795 9.518860 6.031934
v 5.121918 10.106144 6.398964
v 5.104710 10.173435 6.404836
v 5.272103 9.518860 6.347719
v 5.264106 10.106144 6.676249
v 5.248703 10.173435 6.687439
v 5.398527 9.518860 6.578585
v 5.604315 10.106144 7.016459
v 5.593125 10.173435 7.031862
v 5.701980 9.518860 6.882037
v 6.033006 10.106144 7.234888
v 6.027123 10.173435 7.252994
v 6.084351 9.518860 7.076865
v 6.508212 10.106144 7.310153
v 6.508212 10.173435 7.329191
v 6.508212 9.518860 7.143998
v 6.983419 10.106144 7.234888
v 6.989302 10.173435 7.252994
v 6.932074 9.518860 7.076865
v 7.412108 10.106144 7.016459
v 7.423299 10.173435 7.031862
v 7.314445 9.518860 6.882037
v 7.752319 10.106144 6.676249
v 7.767722 10.173435 6.687439
v 7.617897 9.518860 6.578585
v 7.970747 10.106144 6.247559
v 7.988854 10.173435 6.253442
v 7.812725 9.518860 6.196215
v 8.046013 10.106144 5.772352
v 8.065052 10.173435 5.772352
v 7.879858 9.518860 5.772352
v 5.000991 20.037254 6.085621
v 5.000991 10.287746 6.085621
v 5.104710 10.287746 6.404836
v 5.104710 20.037254 6.404836
v 5.104710 20.098700 6.404836
v 5.000991 20.098700 6.085621
v 4.951374 20.037256 5.772352
v 4.951374 10.287746 5.772352
v 4.951374 20.098700 5.772352
v 5.027571 20.037256 5.291263
v 5.027571 10.287746 5.291263
v 5.027571 20.098700 5.291263
v 5.248703 20.037256 4.857265
v 5.248703 10.287746 4.857265
v 5.248703 20.098700 4.857265
v 5.593125 20.037256 4.512843
v 5.593125 10.287746 4.512843
v 5.593125 20.098700 4.512843
v 6.027123 20.037256 4.291710
v 6.027123 10.287746 4.291710
v 6.027123 20.098700 4.291710
v 6.508212 20.037256 4.215513
v 6.508212 10.287746 4.215513
v 6.508212 20.098700 4.215513
v 6.989302 20.037256 4.291710
v 6.989302 10.287746 4.291710
v 6.989302 20.098700 4.291710
v 7.423300 20.037256 4.512843
v 7.423300 10.287746 4.512843
v 7.423300 20.098700 4.512843
v 7.767723 20.037256 4.857265
v 7.767723 10.287746 4.857265
v 7.767723 20.098700 4.857265
v 7.988855 20.037254 5.291263
v 7.988855 10.287746 5.291263
v 7.988855 20.098700 5.291263
v 8.065052 20.037256 5.772352
v 8.065052 10.287746 5.772352
v 8.065052 20.098700 5.772352
v 7.988854 20.037256 6.253442
v 7.988854 10.287746 6.253442
v 7.988854 20.098700 6.253442
v 7.767722 20.037256 6.687439
v 7.767722 10.287746 6.687439
v 7.767722 20.098700 6.687439
v 7.423299 20.037256 7.031862
v 7.423299 10.287746 7.031862
v 7.423299 20.098700 7.031862
v 6.989302 20.037256 7.252994
v 6.989302 10.287746 7.252994
v 6.989302 20.098700 7.252994
v 6.508212 20.037256 7.329191
v 6.508212 10.287746 7.329191
v 6.508212 20.098700 7.329191
v 6.027123 20.037256 7.252994
v 6.027123 10.287746 7.252994
v 6.027123 20.098700 7.252994
v 5.593125 20.037256 7.031862
v 5.593125 10.287746 7.031862
v 5.593125 20.098700 7.031862
v 5.248703 20.037256 6.687439
v 5.248703 10.287746 6.687439
v 5.248703 20.098700 6.687439
v 8.036273 20.200417 5.772352
v 7.961486 20.200417 5.300156
v 7.812726 20.753279 5.348490
v 7.879858 20.753279 5.772352
v 7.961485 20.200417 6.244549
v 7.812725 20.753279 6.196215
v 7.744440 20.200417 6.670525
v 7.617897 20.753279 6.578585
v 7.406384 20.200417 7.008580
v 7.314445 20.753279 6.882038
v 6.980410 20.200417 7.225625
v 6.932074 20.753279 7.076865
v 6.508212 20.200417 7.300414
v 6.508212 20.753279 7.144000
v 6.036016 20.200417 7.225625
v 6.084351 20.753279 7.076865
v 5.610041 20.200417 7.008580
v 5.701980 20.753279 6.882038
v 5.271985 20.200417 6.670525
v 5.398527 20.753279 6.578585
v 5.128491 20.200417 6.391889
v 5.257754 20.753279 6.321515
v 5.030569 20.200417 6.086546
v 5.191336 20.753279 6.091574
v 4.980151 20.200417 5.772352
v 5.136566 20.753279 5.772352
v 5.054940 20.200417 5.300156
v 5.203700 20.753279 5.348491
v 5.271985 20.200417 4.874181
v 5.398528 20.753279 4.966120
v 5.610041 20.200417 4.536125
v 5.701980 20.753279 4.662668
v 6.036016 20.200417 4.319079
v 6.084351 20.753279 4.467839
v 6.508212 20.200417 4.244291
v 6.508212 20.753279 4.400704
v 6.980410 20.200417 4.319079
v 6.932076 20.753279 4.467839
v 7.406385 20.200417 4.536125
v 7.314446 20.753279 4.662667
v 7.744441 20.200417 4.874181
v 7.617899 20.753279 4.966119
v 8.062793 14.718107 6.732940
v 7.905540 14.718107 6.890192
v 8.046067 14.699348 7.030719
v 8.203320 14.699348 6.873466
v 8.046067 14.910383 7.030719
v 8.203320 14.910383 6.873466
v 7.922266 14.985420 6.592412
v 7.765013 14.985420 6.749665
v 7.765013 14.736866 6.749665
v 7.922266 14.736866 6.592412
v 8.062793 15.177696 6.732940
v 7.905540 15.177696 6.890192
v 7.765013 15.233973 6.749665
v 7.922266 15.233973 6.592412
v 8.046067 15.121418 7.030719
v 8.203320 15.121418 6.873466
v 7.765013 14.488312 6.749665
v 7.905540 14.488312 6.890192
v 8.046067 14.488312 7.030719
v 8.203320 14.488312 6.873466
v 8.062793 14.488312 6.732940
v 7.922266 14.488312 6.592412
v 8.186594 14.872866 7.171246
v 8.343846 14.872866 7.013993
v 8.343846 15.065144 7.013993
v 8.186594 15.065144 7.171246
v 8.343846 14.680590 7.013993
v 8.186594 14.680590 7.171246
v 8.186594 14.488312 7.171246
v 8.343846 14.488312 7.013993
v 8.062793 15.407490 6.732940
v 7.922266 15.482525 6.592412
v 7.765013 15.482525 6.749665
v 7.905540 15.407490 6.890192
v 8.203320 15.332455 6.873466
v 8.046067 15.332455 7.030719
v 8.343846 15.257420 7.013993
v 8.186594 15.257420 7.171246
v 7.624486 15.290249 6.609138
v 7.624486 15.022938 6.609138
v 7.781738 15.557560 6.451885
v 7.624486 15.557560 6.609138
v 7.781738 15.290249 6.451885
v 7.781738 15.022938 6.451885
v 7.781738 14.755625 6.451885
v 7.781738 14.488312 6.451885
v 7.624486 14.488312 6.609138
v 7.624486 14.755625 6.609138
v -8.036273 20.200417 5.772352
v -7.879858 20.753279 5.772352
v -7.812726 20.753279 5.348490
v -7.961486 20.200417 5.300156
v -7.988855 20.098700 5.291263
v -8.065052 20.098700 5.772352
v -7.617899 20.753279 4.966119
v -7.744441 20.200417 4.874181
v -7.767723 20.098700 4.857265
v -7.314446 20.753279 4.662667
v -7.406385 20.200417 4.536125
v -7.423300 20.098700 4.512843
v -6.932076 20.753279 4.467839
v -6.980410 20.200417 4.319079
v -6.989302 20.098700 4.291710
v -6.508212 20.753279 4.400704
v -6.508212 20.200417 4.244291
v -6.508212 20.098700 4.215513
v -6.084351 20.753279 4.467839
v -6.036016 20.200417 4.319079
v -6.027123 20.098700 4.291710
v -5.701980 20.753279 4.662668
v -5.610041 20.200417 4.536125
v -5.593125 20.098700 4.512843
v -5.398528 20.753279 4.966120
v -5.271985 20.200417 4.874181
v -5.248703 20.098700 4.857265
v -5.203700 20.753279 5.348491
v -5.054940 20.200417 5.300156
v -5.027571 20.098700 5.291263
v -5.136566 20.753279 5.772352
v -4.980151 20.200417 5.772352
v -4.951374 20.098700 5.772352
v -5.191336 20.753279 6.091574
v -5.030569 20.200417 6.086546
v -5.000991 20.098700 6.085621
v -5.000991 10.287746 6.085621
v -5.000991 20.037254 6.085621
v -5.104710 20.098700 6.404836
v -5.104710 20.037254 6.404836
v -5.104710 10.287746 6.404836
v -5.104710 10.173435 6.404836
v -5.000991 10.173435 6.085621
v -5.128491 20.200417 6.391889
v -5.257754 20.753279 6.321515
v -5.398527 20.753279 6.578585
v -5.271985 20.200417 6.670525
v -5.248703 20.098700 6.687439
v -5.701980 20.753279 6.882038
v -5.610041 20.200417 7.008580
v -5.593125 20.098700 7.031862
v -6.084351 20.753279 7.076865
v -6.036016 20.200417 7.225625
v -6.027123 20.098700 7.252994
v -6.508212 20.753279 7.144000
v -6.508212 20.200417 7.300414
v -6.508212 20.098700 7.329191
v -6.932074 20.753279 7.076865
v -6.980410 20.200417 7.225625
v -6.989302 20.098700 7.252994
v -7.314445 20.753279 6.882038
v -7.406384 20.200417 7.008580
v -7.423299 20.098700 7.031862
v -7.617897 20.753279 6.578585
v -7.744440 20.200417 6.670525
v -7.767722 20.098700 6.687439
v -7.812725 20.753279 6.196215
v -7.961485 20.200417 6.244549
v -7.988854 20.098700 6.253442
v -7.752320 10.106144 4.868456
v -7.617898 9.518860 4.966119
v -7.812726 9.518860 5.348490
v -7.970749 10.106144 5.297146
v -7.988855 10.173435 5.291263
v -7.767723 10.173435 4.857265
v -7.879858 9.518860 5.772352
v -8.046013 10.106144 5.772352
v -8.065052 10.173435 5.772352
v -7.412110 10.106144 4.528245
v -7.314446 9.518860 4.662667
v -7.423300 10.173435 4.512843
v -6.983420 10.106144 4.309816
v -6.932074 9.518860 4.467839
v -6.989302 10.173435 4.291710
v -6.508212 10.106144 4.234551
v -6.508212 9.518860 4.400706
v -6.508212 10.173435 4.215513
v -6.033006 10.106144 4.309816
v -6.084351 9.518860 4.467839
v -6.027123 10.173435 4.291710
v -5.604315 10.106144 4.528245
v -5.701980 9.518860 4.662668
v -5.593125 10.173435 4.512843
v -5.264106 10.106144 4.868456
v -5.398527 9.518860 4.966119
v -5.248703 10.173435 4.857265
v -5.045677 10.106144 5.297146
v -5.203700 9.518860 5.348491
v -5.027571 10.173435 5.291263
v -4.970412 10.106144 5.772352
v -5.136567 9.518860 5.772352
v -4.951374 10.173435 5.772352
v -5.018344 10.106144 6.080102
v -5.169795 9.518860 6.031934
v -5.604315 10.106144 7.016459
v -5.701980 9.518860 6.882037
v -5.398527 9.518860 6.578585
v -5.264106 10.106144 6.676249
v -5.248703 10.173435 6.687439
v -5.593125 10.173435 7.031862
v -6.033006 10.106144 7.234888
v -6.084351 9.518860 7.076865
v -6.027123 10.173435 7.252994
v -6.508212 10.106144 7.310153
v -6.508212 9.518860 7.143998
v -6.508212 10.173435 7.329191
v -6.983419 10.106144 7.234888
v -6.932074 9.518860 7.076865
v -6.989302 10.173435 7.252994
v -7.412108 10.106144 7.016459
v -7.314445 9.518860 6.882037
v -7.423299 10.173435 7.031862
v -7.752319 10.106144 6.676249
v -7.617897 9.518860 6.578585
v -7.767722 10.173435 6.687439
v -7.970747 10.106144 6.247559
v -7.812725 9.518860 6.196215
v -7.988854 10.173435 6.253442
v -7.988855 10.287746 5.291263
v -7.988855 20.037254 5.291263
v -7.767723 20.037256 4.857265
v -7.767723 10.287746 4.857265
v -7.423300 20.037256 4.512843
v -7.423300 10.287746 4.512843
v -6.989302 20.037256 4.291710
v -6.989302 10.287746 4.291710
v -6.508212 20.037256 4.215513
v -6.508212 10.287746 4.215513
v -6.027123 20.037256 4.291710
v -6.027123 10.287746 4.291710
v -5.593125 20.037256 4.512843
v -5.593125 10.287746 4.512843
v -5.248703 20.037256 4.857265
v -5.248703 10.287746 4.857265
v -5.027571 20.037256 5.291263
v -5.027571 10.287746 5.291263
v -4.951374 20.037256 5.772352
v -4.951374 10.287746 5.772352
v -5.248703 20.037256 6.687439
v -5.248703 10.287746 6.687439
v -5.593125 20.037256 7.031862
v -5.593125 10.287746 7.031862
v -6.027123 20.037256 7.252994
v -6.027123 10.287746 7.252994
v -6.508212 20.037256 7.329191
v -6.508212 10.287746 7.329191
v -6.989302 20.037256 7.252994
v -6.989302 10.287746 7.252994
v -7.423299 20.037256 7.031862
v -7.423299 10.287746 7.031862
v -7.767722 20.037256 6.687439
v -7.767722 10.287746 6.687439
v -7.988854 20.037256 6.253442
v -7.988854 10.287746 6.253442
v -8.065052 20.037256 5.772352
v -8.065052 10.287746 5.772352
v -7.535988 9.518860 5.025630
v -7.254935 9.518860 4.744577
v -7.308550 9.518860 5.772352
v -7.609782 9.518860 5.772352
v -6.087451 9.518860 5.772352
v -6.508212 9.518860 5.772352
v -6.508212 9.518860 4.501953
v -6.115638 9.518860 4.564131
v -6.928975 9.518860 5.772352
v -6.900788 9.518860 4.564131
v -7.778612 9.518860 5.772352
v -7.716435 9.518860 5.379777
v -5.707876 9.518860 5.772352
v -5.761491 9.518860 4.744578
v -5.237575 9.518860 5.773856
v -5.406644 9.518860 5.772352
v -5.480437 9.518860 5.025630
v -5.299991 9.518860 5.379777
v -5.479361 9.518860 6.517998
v -5.267801 9.518860 6.009986
v -5.364334 9.518860 6.307943
v -5.761491 9.518860 6.800127
v -6.115638 9.518860 6.980573
v -6.508212 9.518860 7.042751
v -6.900786 9.518860 6.980573
v -7.254934 9.518860 6.800127
v -7.535987 9.518860 6.519074
v -7.716434 9.518860 6.164928
v -7.254935 20.753279 4.744577
v -7.308550 20.753279 5.772352
v -6.928975 20.753279 5.772352
v -6.900788 20.753279 4.564131
v -6.115638 20.753279 4.564131
v -6.087451 20.753279 5.772352
v -5.707876 20.753279 5.772352
v -5.761491 20.753279 4.744578
v -6.508212 20.753279 5.772352
v -6.508212 20.753279 4.501951
v -7.535988 20.753279 5.025630
v -7.716434 20.753279 5.379777
v -7.778612 20.753279 5.772352
v -7.609781 20.753279 5.772352
v -7.716434 20.753279 6.164928
v -7.535987 20.753279 6.519074
v -7.254934 20.753279 6.800127
v -6.900786 20.753279 6.980573
v -6.508212 20.753279 7.042754
v -5.761491 20.753279 6.800128
v -6.115638 20.753279 6.980573
v -5.406644 20.753279 5.772352
v -5.479361 20.753279 6.517997
v -5.350764 20.753279 6.283162
v -5.288954 20.753279 6.069174
v -5.237916 20.753279 5.771702
v -5.480438 20.753279 5.025631
v -5.299991 20.753279 5.379778
v -5.272103 9.518860 6.347719
v -5.121918 10.106144 6.398964
v -8.186594 15.065144 7.171246
v -8.186594 15.257420 7.171246
v -8.343846 15.257420 7.013993
v -8.343846 15.065144 7.013993
v -7.624486 15.557560 6.609138
v -7.765013 15.482525 6.749665
v -7.765013 15.233973 6.749665
v -7.624486 15.290249 6.609138
v -7.781738 15.557560 6.451885
v -7.922266 15.482525 6.592412
v -7.781738 15.290249 6.451885
v -7.922266 15.233973 6.592412
v -7.781738 14.488312 6.451885
v -7.624486 14.488312 6.609138
v -7.765013 14.488312 6.749665
v -7.922266 14.488312 6.592412
v -7.765013 14.736866 6.749665
v -7.624486 14.755625 6.609138
v -7.922266 14.736866 6.592412
v -7.781738 14.755625 6.451885
v -8.343846 14.680590 7.013993
v -8.343846 14.488312 7.013993
v -8.186594 14.488312 7.171246
v -8.186594 14.680590 7.171246
v -8.046067 14.699348 7.030719
v -8.046067 14.488312 7.030719
v -7.905540 14.488312 6.890192
v -7.905540 14.718107 6.890192
v -7.905540 15.407490 6.890192
v -8.046067 15.332455 7.030719
v -8.046067 15.121418 7.030719
v -7.905540 15.177696 6.890192
v -8.203320 15.332455 6.873466
v -8.062793 15.407490 6.732940
v -8.062793 15.177696 6.732940
v -8.203320 15.121418 6.873466
v -8.062793 14.488312 6.732940
v -8.203320 14.488312 6.873466
v -8.203320 14.699348 6.873466
v -8.062793 14.718107 6.732940
v -7.624486 15.022938 6.609138
v -7.765013 14.985420 6.749665
v -8.186594 14.872866 7.171246
v -8.343846 14.872866 7.013993
v -7.781738 15.022938 6.451885
v -7.922266 14.985420 6.592412
v -8.203320 14.910383 6.873466
v -8.046067 14.910383 7.030719
v 8.036273 20.200417 -5.772353
v 7.879858 20.753279 -5.772352
v 7.812726 20.753279 -5.348490
v 7.961486 20.200417 -5.300156
v 7.988855 20.098700 -5.291262
v 8.065052 20.098700 -5.772353
v 7.617899 20.753279 -4.966119
v 7.744441 20.200417 -4.874181
v 7.767723 20.098700 -4.857265
v 7.314446 20.753279 -4.662667
v 7.406385 20.200417 -4.536125
v 7.423300 20.098700 -4.512843
v 6.932076 20.753279 -4.467839
v 6.980410 20.200417 -4.319079
v 6.989302 20.098700 -4.291710
v 6.508212 20.753279 -4.400704
v 6.508212 20.200417 -4.244291
v 6.508212 20.098700 -4.215513
v 6.084351 20.753279 -4.467839
v 6.036016 20.200417 -4.319079
v 6.027123 20.098700 -4.291710
v 5.701980 20.753279 -4.662668
v 5.610041 20.200417 -4.536125
v 5.593125 20.098700 -4.512843
v 5.398528 20.753279 -4.966120
v 5.271985 20.200417 -4.874181
v 5.248703 20.098700 -4.857265
v 5.203700 20.753279 -5.348491
v 5.054940 20.200417 -5.300156
v 5.027571 20.098700 -5.291263
v 5.136566 20.753279 -5.772353
v 4.980151 20.200417 -5.772353
v 4.951374 20.098700 -5.772353
v 5.191336 20.753279 -6.091574
v 5.030569 20.200417 -6.086546
v 5.000991 20.098700 -6.085621
v 5.000991 10.287746 -6.085621
v 5.000991 20.037254 -6.085621
v 5.104710 20.098700 -6.404836
v 5.104710 20.037254 -6.404836
v 5.104710 10.287746 -6.404836
v 5.104710 10.173435 -6.404836
v 5.000991 10.173435 -6.085621
v 5.128491 20.200417 -6.391889
v 5.257754 20.753279 -6.321515
v 5.398527 20.753279 -6.578585
v 5.271985 20.200417 -6.670524
v 5.248703 20.098700 -6.687439
v 5.701980 20.753279 -6.882038
v 5.610041 20.200417 -7.008580
v 5.593125 20.098700 -7.031862
v 6.084351 20.753279 -7.076865
v 6.036016 20.200417 -7.225625
v 6.027123 20.098700 -7.252994
v 6.508212 20.753279 -7.144000
v 6.508212 20.200417 -7.300414
v 6.508212 20.098700 -7.329191
v 6.932074 20.753279 -7.076865
v 6.980410 20.200417 -7.225625
v 6.989302 20.098700 -7.252994
v 7.314445 20.753279 -6.882038
v 7.406384 20.200417 -7.008580
v 7.423299 20.098700 -7.031862
v 7.617897 20.753279 -6.578585
v 7.744440 20.200417 -6.670524
v 7.767722 20.098700 -6.687439
v 7.812725 20.753279 -6.196214
v 7.961485 20.200417 -6.244549
v 7.988854 20.098700 -6.253442
v 7.752320 10.106144 -4.868455
v 7.617898 9.518860 -4.966119
v 7.812726 9.518860 -5.348490
v 7.970749 10.106144 -5.297146
v 7.988855 10.173435 -5.291262
v 7.767723 10.173435 -4.857265
v 7.879858 9.518860 -5.772352
v 8.046013 10.106144 -5.772353
v 8.065052 10.173435 -5.772353
v 7.412110 10.106144 -4.528245
v 7.314446 9.518860 -4.662667
v 7.423300 10.173435 -4.512843
v 6.983420 10.106144 -4.309816
v 6.932074 9.518860 -4.467839
v 6.989302 10.173435 -4.291710
v 6.508212 10.106144 -4.234551
v 6.508212 9.518860 -4.400706
v 6.508212 10.173435 -4.215513
v 6.033006 10.106144 -4.309816
v 6.084351 9.518860 -4.467839
v 6.027123 10.173435 -4.291710
v 5.604315 10.106144 -4.528245
v 5.701980 9.518860 -4.662668
v 5.593125 10.173435 -4.512843
v 5.264106 10.106144 -4.868455
v 5.398527 9.518860 -4.966119
v 5.248703 10.173435 -4.857265
v 5.045677 10.106144 -5.297146
v 5.203700 9.518860 -5.348491
v 5.027571 10.173435 -5.291263
v 4.970412 10.106144 -5.772353
v 5.136567 9.518860 -5.772353
v 4.951374 10.173435 -5.772353
v 5.018344 10.106144 -6.080102
v 5.169795 9.518860 -6.031934
v 5.604315 10.106144 -7.016459
v 5.701980 9.518860 -6.882037
v 5.398527 9.518860 -6.578585
v 5.264106 10.106144 -6.676249
v 5.248703 10.173435 -6.687439
v 5.593125 10.173435 -7.031862
v 6.033006 10.106144 -7.234888
v 6.084351 9.518860 -7.076865
v 6.027123 10.173435 -7.252994
v 6.508212 10.106144 -7.310153
v 6.508212 9.518860 -7.143998
v 6.508212 10.173435 -7.329191
v 6.983419 10.106144 -7.234888
v 6.932074 9.518860 -7.076865
v 6.989302 10.173435 -7.252994
v 7.412108 10.106144 -7.016459
v 7.314445 9.518860 -6.882037
v 7.423299 10.173435 -7.031862
v 7.752319 10.106144 -6.676249
v 7.617897 9.518860 -6.578585
v 7.767722 10.173435 -6.687439
v 7.970747 10.106144 -6.247558
v 7.812725 9.518860 -6.196214
v 7.988854 10.173435 -6.253442
v 7.988855 10.287746 -5.291262
v 7.988855 20.037254 -5.291262
v 7.767723 20.037256 -4.857265
v 7.767723 10.287746 -4.857265
v 7.423300 20.037256 -4.512843
v 7.423300 10.287746 -4.512843
v 6.989302 20.037256 -4.291710
v 6.989302 10.287746 -4.291710
v 6.508212 20.037256 -4.215513
v 6.508212 10.287746 -4.215513
v 6.027123 20.037256 -4.291710
v 6.027123 10.287746 -4.291710
v 5.593125 20.037256 -4.512843
v 5.593125 10.287746 -4.512843
v 5.248703 20.037256 -4.857265
v 5.248703 10.287746 -4.857265
v 5.027571 20.037256 -5.291263
v 5.027571 10.287746 -5.291263
v 4.951374 20.037256 -5.772353
v 4.951374 10.287746 -5.772353
v 5.248703 20.037256 -6.687439
v 5.248703 10.287746 -6.687439
v 5.593125 20.037256 -7.031862
v 5.593125 10.287746 -7.031862
v 6.027123 20.037256 -7.252994
v 6.027123 10.287746 -7.252994
v 6.508212 20.037256 -7.329191
v 6.508212 10.287746 -7.329191
v 6.989302 20.037256 -7.252994
v 6.989302 10.287746 -7.252994
v 7.423299 20.037256 -7.031862
v 7.423299 10.287746 -7.031862
v 7.767722 20.037256 -6.687439
v 7.767722 10.287746 -6.687439
v 7.988854 20.037256 -6.253442
v 7.988854 10.287746 -6.253442
v 8.065052 20.037256 -5.772353
v 8.065052 10.287746 -5.772353
v 7.535988 9.518860 -5.025630
v 7.254935 9.518860 -4.744577
v 7.308550 9.518860 -5.772352
v 7.609782 9.518860 -5.772353
v 6.087451 9.518860 -5.772353
v 6.508212 9.518860 -5.772352
v 6.508212 9.518860 -4.501953
v 6.115638 9.518860 -4.564131
v 6.928975 9.518860 -5.772352
v 6.900788 9.518860 -4.564131
v 7.778612 9.518860 -5.772352
v 7.716435 9.518860 -5.379777
v 5.707876 9.518860 -5.772353
v 5.761491 9.518860 -4.744578
v 5.237575 9.518860 -5.773856
v 5.406644 9.518860 -5.772353
v 5.480437 9.518860 -5.025630
v 5.299991 9.518860 -5.379777
v 5.479361 9.518860 -6.517998
v 5.267801 9.518860 -6.009986
v 5.364334 9.518860 -6.307943
v 5.761491 9.518860 -6.800127
v 6.115638 9.518860 -6.980574
v 6.508212 9.518860 -7.042751
v 6.900786 9.518860 -6.980574
v 7.254934 9.518860 -6.800127
v 7.535987 9.518860 -6.519074
v 7.716434 9.518860 -6.164928
v 7.254935 20.753279 -4.744577
v 7.308550 20.753279 -5.772352
v 6.928975 20.753279 -5.772352
v 6.900788 20.753279 -4.564131
v 6.115638 20.753279 -4.564131
v 6.087451 20.753279 -5.772353
v 5.707876 20.753279 -5.772353
v 5.761491 20.753279 -4.744578
v 6.508212 20.753279 -5.772352
v 6.508212 20.753279 -4.501951
v 7.535988 20.753279 -5.025630
v 7.716434 20.753279 -5.379777
v 7.778612 20.753279 -5.772352
v 7.609781 20.753279 -5.772353
v 7.716434 20.753279 -6.164928
v 7.535987 20.753279 -6.519074
v 7.254934 20.753279 -6.800127
v 6.900786 20.753279 -6.980574
v 6.508212 20.753279 -7.042754
v 5.761491 20.753279 -6.800128
v 6.115638 20.753279 -6.980574
v 5.406644 20.753279 -5.772353
v 5.479361 20.753279 -6.517998
v 5.350764 20.753279 -6.283162
v 5.288954 20.753279 -6.069174
v 5.237916 20.753279 -5.771702
v 5.480438 20.753279 -5.025631
v 5.299991 20.753279 -5.379778
v 5.272103 9.518860 -6.347719
v 5.121918 10.106144 -6.398964
v 8.046067 14.488312 -7.030719
v 8.186594 14.488312 -7.171246
v 8.343846 14.488312 -7.013993
v 8.315741 14.488312 -6.985888
v 8.214561 14.488312 -6.884708
v 8.203320 14.488312 -6.873466
v 8.343846 15.257420 -7.013993
v 8.186594 15.257420 -7.171246
v 8.046067 15.332455 -7.030719
v 8.203320 15.332455 -6.873466
v 7.765013 15.482525 -6.749665
v 7.624486 15.557560 -6.609138
v 7.781738 15.557560 -6.451885
v 7.922266 15.482525 -6.592412
v 7.624486 14.488312 -6.609138
v 7.765013 14.488312 -6.749665
v 7.922266 14.488312 -6.592412
v 7.781738 14.488312 -6.451885
v 8.186594 14.680590 -7.171246
v 8.046067 14.699348 -7.030719
v 7.765013 14.736866 -6.749665
v 7.624486 14.755625 -6.609138
v 7.781738 14.755625 -6.451885
v 7.922266 14.736866 -6.592412
v 8.203320 14.699348 -6.873466
v 8.343846 14.680590 -7.013993
v 7.905540 14.488312 -6.890192
v 7.905540 14.718107 -6.890192
v 7.905540 15.407490 -6.890192
v 8.062793 15.407490 -6.732939
v 8.062793 14.718107 -6.732939
v 8.062793 14.488312 -6.732939
v 7.624486 15.022938 -6.609138
v 7.765013 14.985420 -6.749665
v 8.046067 14.910383 -7.030719
v 8.186594 14.872866 -7.171246
v 8.343846 14.872866 -7.013993
v 8.203320 14.910383 -6.873466
v 7.922266 14.985420 -6.592412
v 7.781738 15.022938 -6.451885
v 8.046067 15.121418 -7.030719
v 8.186594 15.065144 -7.171246
v 7.624486 15.290249 -6.609138
v 7.765013 15.233973 -6.749665
v 7.781738 15.290249 -6.451885
v 7.922266 15.233973 -6.592412
v 8.343846 15.065144 -7.013993
v 8.203320 15.121418 -6.873466
v 8.062793 15.177696 -6.732939
v 7.905540 15.177696 -6.890192
v -7.535988 9.518860 -5.025630
v -7.609782 9.518860 -5.772353
v -7.308550 9.518860 -5.772352
v -7.254935 9.518860 -4.744577
v -6.087451 9.518860 -5.772353
v -6.115638 9.518860 -4.564131
v -6.508212 9.518860 -4.501953
v -6.508212 9.518860 -5.772352
v -6.900788 9.518860 -4.564131
v -6.928975 9.518860 -5.772352
v -7.716435 9.518860 -5.379777
v -7.778612 9.518860 -5.772352
v -5.707876 9.518860 -5.772353
v -5.761491 9.518860 -4.744578
v -5.237575 9.518860 -5.773856
v -5.299991 9.518860 -5.379777
v -5.480437 9.518860 -5.025630
v -5.406644 9.518860 -5.772353
v -5.479361 9.518860 -6.517998
v -5.364334 9.518860 -6.307943
v -5.267801 9.518860 -6.009986
v -5.761491 9.518860 -6.800127
v -6.115638 9.518860 -6.980574
v -6.508212 9.518860 -7.042751
v -6.900786 9.518860 -6.980574
v -7.254934 9.518860 -6.800127
v -7.535987 9.518860 -6.519074
v -7.716434 9.518860 -6.164928
v -7.254935 20.753279 -4.744577
v -6.900788 20.753279 -4.564131
v -6.928975 20.753279 -5.772352
v -7.308550 20.753279 -5.772352
v -6.115638 20.753279 -4.564131
v -5.761491 20.753279 -4.744578
v -5.707876 20.753279 -5.772353
v -6.087451 20.753279 -5.772353
v -6.508212 20.753279 -4.501951
v -6.508212 20.753279 -5.772352
v -7.535988 20.753279 -5.025630
v -7.609781 20.753279 -5.772353
v -7.778612 20.753279 -5.772352
v -7.716434 20.753279 -5.379777
v -7.535987 20.753279 -6.519074
v -7.716434 20.753279 -6.164928
v -7.254934 20.753279 -6.800127
v -6.900786 20.753279 -6.980574
v -6.508212 20.753279 -7.042754
v -5.761491 20.753279 -6.800128
v -6.115638 20.753279 -6.980574
v -5.406644 20.753279 -5.772353
v -5.237916 20.753279 -5.771702
v -5.288954 20.753279 -6.069174
v -5.350764 20.753279 -6.283162
v -5.479361 20.753279 -6.517998
v -5.480438 20.753279 -5.025631
v -5.299991 20.753279 -5.379778
v -7.752320 10.106144 -4.868455
v -7.767723 10.173435 -4.857265
v -7.988855 10.173435 -5.291262
v -7.970749 10.106144 -5.297146
v -7.812726 9.518860 -5.348490
v -7.617898 9.518860 -4.966119
v -7.412110 10.106144 -4.528245
v -7.423300 10.173435 -4.512843
v -7.314446 9.518860 -4.662667
v -6.983420 10.106144 -4.309816
v -6.989302 10.173435 -4.291710
v -6.932074 9.518860 -4.467839
v -6.508212 10.106144 -4.234551
v -6.508212 10.173435 -4.215513
v -6.508212 9.518860 -4.400706
v -6.033006 10.106144 -4.309816
v -6.027123 10.173435 -4.291710
v -6.084351 9.518860 -4.467839
v -5.604315 10.106144 -4.528245
v -5.593125 10.173435 -4.512843
v -5.701980 9.518860 -4.662668
v -5.264106 10.106144 -4.868455
v -5.248703 10.173435 -4.857265
v -5.398527 9.518860 -4.966119
v -5.045677 10.106144 -5.297146
v -5.027571 10.173435 -5.291263
v -5.203700 9.518860 -5.348491
v -4.970412 10.106144 -5.772353
v -4.951374 10.173435 -5.772353
v -5.136567 9.518860 -5.772353
v -5.018344 10.106144 -6.080102
v -5.000991 10.173435 -6.085621
v -5.169795 9.518860 -6.031934
v -5.121918 10.106144 -6.398964
v -5.104710 10.173435 -6.404836
v -5.272103 9.518860 -6.347719
v -5.264106 10.106144 -6.676249
v -5.248703 10.173435 -6.687439
v -5.398527 9.518860 -6.578585
v -5.604315 10.106144 -7.016459
v -5.593125 10.173435 -7.031862
v -5.701980 9.518860 -6.882037
v -6.033006 10.106144 -7.234888
v -6.027123 10.173435 -7.252994
v -6.084351 9.518860 -7.076865
v -6.508212 10.106144 -7.310153
v -6.508212 10.173435 -7.329191
v -6.508212 9.518860 -7.143998
v -6.983419 10.106144 -7.234888
v -6.989302 10.173435 -7.252994
v -6.932074 9.518860 -7.076865
v -7.412108 10.106144 -7.016459
v -7.423299 10.173435 -7.031862
v -7.314445 9.518860 -6.882037
v -7.752319 10.106144 -6.676249
v -7.767722 10.173435 -6.687439
v -7.617897 9.518860 -6.578585
v -7.970747 10.106144 -6.247558
v -7.988854 10.173435 -6.253442
v -7.812725 9.518860 -6.196214
v -8.046013 10.106144 -5.772353
v -8.065052 10.173435 -5.772353
v -7.879858 9.518860 -5.772352
v -5.000991 20.037254 -6.085621
v -5.000991 10.287746 -6.085621
v -5.104710 10.287746 -6.404836
v -5.104710 20.037254 -6.404836
v -5.104710 20.098700 -6.404836
v -5.000991 20.098700 -6.085621
v -4.951374 20.037256 -5.772353
v -4.951374 10.287746 -5.772353
v -4.951374 20.098700 -5.772353
v -5.027571 20.037256 -5.291263
v -5.027571 10.287746 -5.291263
v -5.027571 20.098700 -5.291263
v -5.248703 20.037256 -4.857265
v -5.248703 10.287746 -4.857265
v -5.248703 20.098700 -4.857265
v -5.593125 20.037256 -4.512843
v -5.593125 10.287746 -4.512843
v -5.593125 20.098700 -4.512843
v -6.027123 20.037256 -4.291710
v -6.027123 10.287746 -4.291710
v -6.027123 20.098700 -4.291710
v -6.508212 20.037256 -4.215513
v -6.508212 10.287746 -4.215513
v -6.508212 20.098700 -4.215513
v -6.989302 20.037256 -4.291710
v -6.989302 10.287746 -4.291710
v -6.989302 20.098700 -4.291710
v -7.423300 20.037256 -4.512843
v -7.423300 10.287746 -4.512843
v -7.423300 20.098700 -4.512843
v -7.767723 20.037256 -4.857265
v -7.767723 10.287746 -4.857265
v -7.767723 20.098700 -4.857265
v -7.988855 20.037254 -5.291262
v -7.988855 10.287746 -5.291262
v -7.988855 20.098700 -5.291262
v -8.065052 20.037256 -5.772353
v -8.065052 10.287746 -5.772353
v -8.065052 20.098700 -5.772353
v -7.988854 20.037256 -6.253442
v -7.988854 10.287746 -6.253442
v -7.988854 20.098700 -6.253442
v -7.767722 20.037256 -6.687439
v -7.767722 10.287746 -6.687439
v -7.767722 20.098700 -6.687439
v -7.423299 20.037256 -7.031862
v -7.423299 10.287746 -7.031862
v -7.423299 20.098700 -7.031862
v -6.989302 20.037256 -7.252994
v -6.989302 10.287746 -7.252994
v -6.989302 20.098700 -7.252994
v -6.508212 20.037256 -7.329191
v -6.508212 10.287746 -7.329191
v -6.508212 20.098700 -7.329191
v -6.027123 20.037256 -7.252994
v -6.027123 10.287746 -7.252994
v -6.027123 20.098700 -7.252994
v -5.593125 20.037256 -7.031862
v -5.593125 10.287746 -7.031862
v -5.593125 20.098700 -7.031862
v -5.248703 20.037256 -6.687439
v -5.248703 10.287746 -6.687439
v -5.248703 20.098700 -6.687439
v -8.036273 20.200417 -5.772353
v -7.961486 20.200417 -5.300156
v -7.812726 20.753279 -5.348490
v -7.879858 20.753279 -5.772352
v -7.961485 20.200417 -6.244549
v -7.812725 20.753279 -6.196214
v -7.744440 20.200417 -6.670524
v -7.617897 20.753279 -6.578585
v -7.406384 20.200417 -7.008580
v -7.314445 20.753279 -6.882038
v -6.980410 20.200417 -7.225625
v -6.932074 20.753279 -7.076865
v -6.508212 20.200417 -7.300414
v -6.508212 20.753279 -7.144000
v -6.036016 20.200417 -7.225625
v -6.084351 20.753279 -7.076865
v -5.610041 20.200417 -7.008580
v -5.701980 20.753279 -6.882038
v -5.271985 20.200417 -6.670524
v -5.398527 20.753279 -6.578585
v -5.128491 20.200417 -6.391889
v -5.257754 20.753279 -6.321515
v -5.030569 20.200417 -6.086546
v -5.191336 20.753279 -6.091574
v -4.980151 20.200417 -5.772353
v -5.136566 20.753279 -5.772353
v -5.054940 20.200417 -5.300156
v -5.203700 20.753279 -5.348491
v -5.271985 20.200417 -4.874181
v -5.398528 20.753279 -4.966120
v -5.610041 20.200417 -4.536125
v -5.701980 20.753279 -4.662668
v -6.036016 20.200417 -4.319079
v -6.084351 20.753279 -4.467839
v -6.508212 20.200417 -4.244291
v -6.508212 20.753279 -4.400704
v -6.980410 20.200417 -4.319079
v -6.932076 20.753279 -4.467839
v -7.406385 20.200417 -4.536125
v -7.314446 20.753279 -4.662667
v -7.744441 20.200417 -4.874181
v -7.617899 20.753279 -4.966119
v -8.062793 14.718107 -6.732939
v -7.905540 14.718107 -6.890192
v -8.046067 14.699348 -7.030719
v -8.203320 14.699348 -6.873466
v -8.046067 14.910383 -7.030719
v -8.203320 14.910383 -6.873466
v -7.922266 14.985420 -6.592412
v -7.765013 14.985420 -6.749665
v -7.765013 14.736866 -6.749665
v -7.922266 14.736866 -6.592412
v -8.062793 15.177696 -6.732939
v -7.905540 15.177696 -6.890192
v -7.765013 15.233973 -6.749665
v -7.922266 15.233973 -6.592412
v -8.046067 15.121418 -7.030719
v -8.203320 15.121418 -6.873466
v -7.905540 14.488312 -6.890192
v -7.765013 14.488312 -6.749665
v -8.046067 14.488312 -7.030719
v -8.203320 14.488312 -6.873466
v -8.062793 14.488312 -6.732939
v -7.922266 14.488312 -6.592412
v -8.186594 14.872866 -7.171246
v -8.343846 14.872866 -7.013993
v -8.343846 15.065144 -7.013993
v -8.186594 15.065144 -7.171246
v -8.186594 14.680590 -7.171246
v -8.343846 14.680590 -7.013993
v -8.343846 14.488312 -7.013993
v -8.186594 14.488312 -7.171246
v -8.062793 15.407490 -6.732939
v -7.922266 15.482525 -6.592412
v -7.765013 15.482525 -6.749665
v -7.905540 15.407490 -6.890192
v -8.046067 15.332455 -7.030719
v -8.203320 15.332455 -6.873466
v -8.214561 14.907383 -6.884708
v -8.315741 14.880369 -6.985888
v -8.186594 15.257420 -7.171246
v -8.343846 15.257420 -7.013993
v -7.624486 15.290249 -6.609138
v -7.624486 15.022938 -6.609138
v -7.781738 15.557560 -6.451885
v -7.624486 15.557560 -6.609138
v -7.781738 15.022938 -6.451885
v -7.781738 15.290249 -6.451885
v -7.781738 14.755625 -6.451885
v -7.781738 14.488312 -6.451885
v -7.624486 14.488312 -6.609138
v -7.624486 14.755625 -6.609138
v 6.125846 20.680517 -1.990409
v 6.465122 20.700830 -2.100646
v 6.797826 20.700830 -0.000001
v 6.441091 20.680517 -0.000001
v 5.499561 20.700830 -3.995665
v 5.210956 20.680517 -3.785981
v 3.995665 20.700830 -5.499561
v 3.785981 20.680517 -5.210956
v 2.100645 20.700830 -6.465121
v 1.990408 20.680517 -6.125845
v -0.000000 20.700830 -6.797831
v -0.000000 20.680517 -6.441095
v -2.100645 20.700830 -6.465121
v -1.990408 20.680517 -6.125845
v -3.995665 20.700830 -5.499560
v -3.785980 20.680517 -5.210955
v -5.499559 20.700830 -3.995664
v -5.210954 20.680517 -3.785980
v -6.465119 20.700830 -2.100645
v -6.125843 20.680517 -1.990408
v -6.797829 20.700830 -0.000000
v -6.441092 20.680517 -0.000000
v -6.545642 20.701513 1.506782
v -6.183897 20.680517 1.499026
v -7.330507 20.747066 1.523610
v -6.826060 20.747066 3.076137
v -6.826060 20.785954 3.076137
v -7.330507 20.785954 1.523610
v -5.499559 20.700830 3.995663
v -6.173008 20.701513 2.735707
v -5.872015 20.680517 2.578801
v -5.210953 20.680517 3.785979
v -3.995663 20.700830 5.499558
v -3.785980 20.680517 5.210952
v -2.100645 20.700830 6.465119
v -1.990407 20.680517 6.125842
v -0.000000 20.700830 6.797827
v -0.000000 20.680517 6.441092
v 2.100643 20.700830 6.465119
v 1.990406 20.680517 6.125842
v 3.995661 20.700830 5.499557
v 3.785977 20.680517 5.210952
v 5.499557 20.700830 3.995662
v 5.210952 20.680517 3.785978
v 6.465117 20.700830 2.100644
v 6.125841 20.680517 1.990406
v 6.125846 21.201803 -1.990409
v 6.528268 21.177708 -2.121163
v 5.553277 21.177708 -4.034691
v 5.210956 21.201803 -3.785981
v 6.864222 21.177708 -0.000001
v 6.441091 21.201803 -0.000001
v 4.034691 21.177708 -5.553276
v 3.785981 21.201803 -5.210956
v 2.121163 21.177708 -6.528267
v 1.990408 21.201803 -6.125845
v -0.000000 21.177708 -6.864226
v -0.000000 21.201803 -6.441095
v -2.121163 21.177708 -6.528267
v -1.990408 21.201803 -6.125845
v -4.034690 21.177708 -5.553275
v -3.785980 21.201803 -5.210955
v -5.553274 21.177708 -4.034690
v -5.210954 21.201803 -3.785980
v -6.528265 21.177708 -2.121162
v -6.125843 21.201803 -1.990408
v -6.864223 21.177708 -0.000000
v -6.441092 21.201803 -0.000000
v -6.676277 21.176899 1.332967
v -6.285059 21.201803 1.218966
v -5.210953 21.201803 3.785979
v -5.553274 21.177708 4.034689
v -4.034690 21.177708 5.553273
v -3.785980 21.201803 5.210952
v -2.121162 21.177708 6.528264
v -1.990407 21.201803 6.125842
v -0.000000 21.177708 6.864223
v -0.000000 21.201803 6.441092
v 2.121161 21.177708 6.528264
v 1.990406 21.201803 6.125842
v 4.034688 21.177708 5.553272
v 3.785977 21.201803 5.210952
v 5.553272 21.177708 4.034689
v 5.210952 21.201803 3.785978
v 6.528263 21.177708 2.121161
v 6.125841 21.201803 1.990406
v 7.201235 20.744905 -2.339823
v 6.125737 20.744905 -4.450608
v 6.125737 20.784225 -4.450608
v 7.201235 20.784225 -2.339823
v 4.450608 20.744905 -6.125736
v 4.450608 20.784225 -6.125736
v 2.339823 20.744905 -7.201234
v 2.339823 20.784225 -7.201234
v -0.000000 20.744905 -7.571826
v -0.000000 20.784225 -7.571826
v -2.339823 20.744905 -7.201234
v -2.339823 20.784225 -7.201234
v -4.450607 20.744905 -6.125735
v -4.450607 20.784225 -6.125735
v -6.125735 20.744905 -4.450606
v -6.125735 20.784225 -4.450606
v -7.201232 20.744905 -2.339822
v -7.201233 20.784225 -2.339822
v -7.571824 20.744905 -0.000000
v -7.571824 20.784225 -0.000000
v -6.125735 20.744905 4.450606
v -6.125735 20.784225 4.450606
v -4.450606 20.744905 6.125733
v -4.450606 20.784225 6.125733
v -2.339822 20.744905 7.201231
v -2.339822 20.784225 7.201231
v -0.000000 20.744905 7.571823
v -0.000000 20.784225 7.571823
v 2.339821 20.744905 7.201231
v 2.339821 20.784225 7.201231
v 4.450605 20.744905 6.125733
v 4.450605 20.784225 6.125733
v 6.125732 20.744905 4.450605
v 6.125732 20.784225 4.450605
v 7.201231 20.744905 2.339821
v 7.201231 20.784225 2.339821
v 7.571822 20.744905 -0.000000
v 7.571822 20.784225 -0.000000
v 4.450606 21.201803 -0.000002
v 6.125735 21.201803 -0.000001
v -2.339823 21.201803 -0.000001
v -0.000000 21.201803 -0.000002
v 2.339822 21.201803 -0.000002
v -4.450606 21.201803 -0.000001
v -6.125735 21.201803 -0.000000
v -5.834116 21.201803 1.206913
v -5.804629 21.201803 2.701856
v 4.450606 20.680517 -0.000002
v 2.339822 20.680517 -0.000002
v -2.339823 20.680517 -0.000001
v -4.450609 20.680517 -0.000001
v -0.000000 20.680517 -0.000002
v 6.125735 20.680517 -0.000001
v -5.740683 20.680517 1.593601
v -6.125735 20.680517 -0.000000
v -6.186860 21.176899 2.841916
v -7.330507 21.101179 1.523610
v -6.826060 21.101179 3.076137
v -6.826060 21.135254 3.076137
v -7.330507 21.135254 1.523610
v -7.571824 21.102961 -0.000000
v -7.571824 21.137415 -0.000000
v -7.201232 21.102961 -2.339822
v -7.201232 21.137415 -2.339822
v -6.125735 21.102961 -4.450606
v -6.125735 21.137415 -4.450606
v -4.450607 21.102961 -6.125735
v -4.450607 21.137415 -6.125735
v -2.339823 21.102961 -7.201234
v -2.339823 21.137415 -7.201234
v -0.000000 21.102961 -7.571826
v -0.000000 21.137415 -7.571826
v 2.339823 21.102961 -7.201234
v 2.339823 21.137415 -7.201234
v 4.450608 21.102961 -6.125736
v 4.450608 21.137415 -6.125736
v 6.125737 21.102961 -4.450608
v 6.125737 21.137415 -4.450608
v 7.201235 21.102961 -2.339823
v 7.201235 21.137415 -2.339823
v 7.571822 21.102961 -0.000000
v 7.571822 21.137415 -0.000000
v 7.201231 21.102961 2.339821
v 7.201231 21.137415 2.339821
v 6.125732 21.102961 4.450605
v 6.125732 21.137415 4.450605
v 4.450605 21.102961 6.125733
v 4.450605 21.137415 6.125733
v 2.339821 21.102961 7.201231
v 2.339821 21.137415 7.201231
v -0.000000 21.102961 7.571823
v -0.000000 21.137415 7.571823
v -2.339822 21.102961 7.201231
v -2.339822 21.137415 7.201231
v -4.450606 21.102961 6.125733
v -4.450606 21.137415 6.125733
v -6.125735 21.102961 4.450606
v -6.125735 21.137415 4.450606
v 5.874879 21.155071 -4.268350
v 6.906336 21.155071 -2.244005
v 4.268350 21.155071 -5.874880
v 2.244004 21.155071 -6.906334
v -0.000000 21.155071 -7.261750
v -2.244004 21.155071 -6.906334
v -4.268349 21.155071 -5.874878
v -5.874877 21.155071 -4.268348
v -6.906332 21.155071 -2.244004
v -7.261748 21.155071 -0.000000
v -7.043818 21.153503 1.440069
v -6.545958 21.153503 2.973500
v -5.874877 21.155071 4.268348
v -4.268348 21.155071 5.874876
v -2.244004 21.155071 6.906332
v -0.000000 21.155071 7.261746
v 2.244002 21.155071 6.906332
v 4.268347 21.155071 5.874876
v 5.874876 21.155071 4.268348
v 6.906331 21.155071 2.244003
v 7.261745 21.155071 -0.000001
v 7.234238 20.725681 -0.000001
v 6.880174 20.725681 -2.235504
v 6.880168 20.725681 2.235502
v 5.852621 20.725681 4.252179
v 4.252178 20.725681 5.852621
v 2.235502 20.725681 6.880169
v -0.000000 20.725681 7.234239
v -2.235503 20.725681 6.880169
v -4.252180 20.725681 5.852622
v -5.852623 20.725681 4.252179
v -6.541226 20.727198 2.927656
v -6.988182 20.727198 1.516270
v -7.234239 20.725681 -0.000000
v -6.880170 20.725681 -2.235503
v -5.852623 20.725681 -4.252180
v -4.252180 20.725681 -5.852623
v -2.235504 20.725681 -6.880172
v -0.000000 20.725681 -7.234241
v 2.235503 20.725681 -6.880172
v 4.252181 20.725681 -5.852624
v 5.852625 20.725681 -4.252181
v -6.680096 0.777983 8.651111
v -6.680096 0.603527 8.651111
v 6.467909 0.603527 8.651111
v 6.467909 0.777983 8.651111
v 6.467909 1.881306 8.651111
v -6.680096 1.881306 8.651111
v 6.680096 0.777983 -8.651111
v 6.680096 0.603527 -8.651111
v -6.680096 0.603527 -8.651111
v -6.680096 0.777983 -8.651111
v -6.680096 1.881306 -8.651111
v 6.680096 1.881306 -8.651111
v 9.088333 0.777983 6.056037
v 9.088333 0.603527 6.056037
v 9.088333 0.603527 -6.056039
v 9.088333 0.777983 -6.056039
v 9.088333 1.881306 -6.056039
v 9.088333 1.881306 6.056037
v -9.088333 0.777983 -6.056037
v -9.088333 0.603527 -6.056037
v -9.088333 0.603527 6.056037
v -9.088333 0.777983 6.056037
v -9.088333 1.881306 6.056037
v -9.088333 1.881306 -6.056037
v -9.058684 0.603527 6.461994
v -9.058684 0.777983 6.461994
v -9.058684 1.881306 6.461994
v -8.970466 0.603527 6.857958
v -8.970466 0.777983 6.857958
v -8.970466 1.881306 6.857958
v -8.825852 0.603527 7.234176
v -8.825852 0.777983 7.234176
v -8.825852 1.881306 7.234176
v -8.628403 0.603527 7.581383
v -8.628403 0.777983 7.581383
v -8.628403 1.881306 7.581383
v -8.382977 0.603527 7.891031
v -8.382977 0.777983 7.891031
v -8.382977 1.881306 7.891031
v -8.095623 0.603527 8.155496
v -8.095623 0.777983 8.155496
v -8.095623 1.881306 8.155496
v -7.773413 0.603527 8.368264
v -7.773413 0.777983 8.368265
v -7.773413 1.881306 8.368264
v -7.424282 0.603527 8.524098
v -7.424282 0.777983 8.524098
v -7.424282 1.881306 8.524098
v -7.056827 0.603527 8.619161
v -7.056827 0.777983 8.619162
v -7.056827 1.881306 8.619161
v 6.680096 0.777983 8.651111
v 6.680096 0.603527 8.651111
v 7.056827 0.603527 8.619161
v 7.056827 0.777983 8.619162
v 7.056827 1.881306 8.619161
v 6.680096 1.881306 8.651111
v 7.424282 0.603527 8.524098
v 7.424282 0.777983 8.524098
v 7.424282 1.881306 8.524098
v 7.773413 0.603527 8.368264
v 7.773413 0.777983 8.368265
v 7.773413 1.881306 8.368264
v 8.095623 0.603527 8.155496
v 8.095623 0.777983 8.155496
v 8.095623 1.881306 8.155496
v 8.382977 0.603527 7.891031
v 8.382977 0.777983 7.891031
v 8.382977 1.881306 7.891031
v 8.628403 0.603527 7.581383
v 8.628403 0.777983 7.581383
v 8.628403 1.881306 7.581383
v 8.825852 0.603527 7.234176
v 8.825852 0.777983 7.234176
v 8.825852 1.881306 7.234176
v 8.970466 0.603527 6.857958
v 8.970466 0.777983 6.857958
v 8.970466 1.881306 6.857958
v 9.058684 0.603527 6.461994
v 9.058684 0.777983 6.461994
v 9.058684 1.881306 6.461994
v -9.058684 0.777983 -6.461995
v -9.058684 0.603527 -6.461995
v -9.058684 1.881306 -6.461995
v -8.970465 0.777983 -6.857959
v -8.970466 0.603527 -6.857959
v -8.970466 1.881306 -6.857959
v -8.825852 0.777983 -7.234175
v -8.825852 0.603527 -7.234175
v -8.825852 1.881306 -7.234175
v -8.628403 0.777983 -7.581382
v -8.628403 0.603527 -7.581383
v -8.628403 1.881306 -7.581383
v -8.382977 0.777983 -7.891031
v -8.382977 0.603527 -7.891031
v -8.382977 1.881306 -7.891031
v -8.095623 0.777983 -8.155496
v -8.095623 0.603527 -8.155496
v -8.095623 1.881306 -8.155496
v -7.773413 0.777983 -8.368264
v -7.773413 0.603527 -8.368264
v -7.773413 1.881306 -8.368264
v -7.424282 0.777983 -8.524098
v -7.424282 0.603527 -8.524098
v -7.424282 1.881306 -8.524098
v -7.056827 0.777983 -8.619162
v -7.056827 0.603527 -8.619161
v -7.056827 1.881306 -8.619161
v 7.056827 0.777983 -8.619162
v 7.056827 0.603527 -8.619161
v 7.056827 1.881306 -8.619161
v 7.424282 0.777983 -8.524098
v 7.424282 0.603527 -8.524098
v 7.424282 1.881306 -8.524098
v 7.773413 0.777983 -8.368264
v 7.773413 0.603527 -8.368264
v 7.773413 1.881306 -8.368264
v 8.095623 0.777983 -8.155496
v 8.095623 0.603527 -8.155496
v 8.095623 1.881306 -8.155496
v 8.382977 0.777983 -7.891031
v 8.382977 0.603527 -7.891031
v 8.382977 1.881306 -7.891031
v 8.628403 0.777983 -7.581382
v 8.628403 0.603527 -7.581383
v 8.628403 1.881306 -7.581383
v 8.825852 0.777983 -7.234175
v 8.825852 0.603527 -7.234175
v 8.825852 1.881306 -7.234175
v 8.970465 0.777983 -6.857961
v 8.970466 0.603527 -6.857961
v 8.970466 1.881306 -6.857961
v 9.058684 0.777983 -6.461997
v 9.058684 0.603527 -6.461997
v 9.058684 1.881306 -6.461997
v 8.820443 2.613144 -6.425860
v 8.740142 2.613144 -6.786291
v 8.687219 2.781305 -6.769821
v 8.765701 2.781305 -6.417555
v 8.608708 2.613144 -7.128217
v 8.558814 2.781305 -7.103869
v 8.429648 2.613144 -7.443087
v 8.383980 2.781305 -7.411309
v 8.207678 2.613144 -7.723142
v 8.167397 2.781305 -7.684565
v 7.948553 2.613144 -7.961627
v 7.914759 2.781305 -7.917080
v 7.658854 2.613144 -8.152927
v 7.632531 2.781305 -8.103448
v 7.345770 2.613144 -8.292671
v 7.327730 2.781305 -8.239495
v 7.016905 2.613144 -8.377750
v 7.007731 2.781305 -8.322280
v 6.670083 2.613144 -8.407164
v 6.667781 2.781305 -8.351110
v -6.670083 2.613144 -8.407164
v -6.667781 2.781305 -8.351110
v -7.016905 2.613144 -8.377750
v -7.007731 2.781305 -8.322280
v -7.345770 2.613144 -8.292671
v -7.327730 2.781305 -8.239495
v -7.658854 2.613144 -8.152927
v -7.632531 2.781305 -8.103448
v -7.948553 2.613144 -7.961627
v -7.914759 2.781305 -7.917080
v -8.207678 2.613144 -7.723142
v -8.167397 2.781305 -7.684565
v -8.429648 2.613144 -7.443087
v -8.383980 2.781305 -7.411309
v -8.608708 2.613144 -7.128217
v -8.558814 2.781305 -7.103869
v -8.740142 2.613144 -6.786289
v -8.687219 2.781305 -6.769821
v -8.820443 2.613144 -6.425858
v -8.765701 2.781305 -6.417555
v -8.848114 2.613144 -6.047003
v -8.792916 2.781305 -6.044927
v -8.848114 2.613144 6.047003
v -8.792916 2.781305 6.044927
v -8.820443 2.613144 6.425858
v -8.765701 2.781305 6.417555
v -8.740142 2.613144 6.786288
v -8.687219 2.781305 6.769820
v -8.608708 2.613144 7.128217
v -8.558814 2.781305 7.103869
v -8.429648 2.613144 7.443087
v -8.383980 2.781305 7.411310
v -8.207678 2.613144 7.723143
v -8.167397 2.781305 7.684566
v -7.948553 2.613144 7.961627
v -7.914759 2.781305 7.917080
v -7.658854 2.613144 8.152927
v -7.632531 2.781305 8.103448
v -7.345770 2.613144 8.292671
v -7.327730 2.781305 8.239495
v -7.016905 2.613144 8.377750
v -7.007731 2.781305 8.322280
v -6.670083 2.613144 8.407164
v -6.667781 2.781305 8.351110
v 6.458214 2.613144 8.407164
v 6.455986 2.781305 8.351110
v 6.670083 2.613144 8.407164
v 7.016905 2.613144 8.377750
v 7.007731 2.781305 8.322280
v 6.667781 2.781305 8.351110
v 7.345770 2.613144 8.292671
v 7.327730 2.781305 8.239495
v 7.658854 2.613144 8.152927
v 7.632531 2.781305 8.103448
v 7.948553 2.613144 7.961627
v 7.914759 2.781305 7.917080
v 8.207678 2.613144 7.723143
v 8.167397 2.781305 7.684566
v 8.429648 2.613144 7.443087
v 8.383980 2.781305 7.411310
v 8.608708 2.613144 7.128217
v 8.558814 2.781305 7.103869
v 8.740142 2.613144 6.786288
v 8.687219 2.781305 6.769820
v 8.820443 2.613144 6.425858
v 8.765701 2.781305 6.417555
v 8.848114 2.613144 6.047003
v 8.792916 2.781305 6.044927
v 8.848114 2.613144 -6.047004
v 8.792916 2.781305 -6.044927
v -2.707389 1.859438 8.323360
v -2.538939 1.859438 8.323360
v -2.538939 7.907852 8.323360
v -2.707389 7.907852 8.323360
v -2.707389 9.419766 6.811446
v -2.538939 9.419766 6.811446
v -2.538939 9.419766 -6.811446
v -2.707389 9.419766 -6.811446
v -2.707389 7.907852 -8.323360
v -2.538939 7.907852 -8.323360
v -2.538939 1.859438 -8.323360
v -2.707389 1.859438 -8.323360
v -2.707389 8.976937 7.880531
v -2.538939 8.976937 7.880531
v -2.707389 8.976937 -7.880531
v -2.538939 8.976937 -7.880531
v 2.478877 7.907852 8.323360
v 2.478874 1.859438 8.323360
v 2.707389 1.859438 8.323360
v 2.707389 7.907852 8.323360
v 2.478874 8.976937 7.880531
v 2.707389 8.976937 7.880531
v 2.478874 9.419766 6.811446
v 2.707389 9.419766 6.811446
v 2.478877 9.419766 -6.811446
v 2.707389 9.419766 -6.811446
v 2.478874 8.976937 -7.880531
v 2.707389 8.976937 -7.880531
v 2.478874 7.907852 -8.323360
v 2.707389 7.907852 -8.323360
v 2.478874 1.859438 -8.323360
v 2.707389 1.859438 -8.323360
v 2.556257 1.845257 -4.992390
v 2.619714 3.571817 -4.992390
v 2.619714 3.571817 -8.650075
v 2.619714 1.845257 -8.650075
v 2.619714 8.751494 -4.992385
v 2.619714 8.751494 -8.650075
v 2.619714 5.345527 -8.650075
v 2.619714 5.345527 -4.992390
v 11.101089 8.747807 -3.228704
v 12.158155 8.751494 -3.010466
v 11.825653 8.751494 -3.649256
v 11.177954 8.751494 -5.340246
v 9.778071 3.571817 3.929800
v 9.284886 3.571817 5.340360
v 8.811500 1.845257 5.340360
v 9.043988 1.845257 3.929800
v 11.493653 5.391291 3.929799
v 10.964848 5.389780 5.340359
v 11.963455 5.391560 -3.008333
v 11.637063 5.389938 -3.647708
v 10.009155 3.571817 -3.008336
v 9.848814 3.571817 -3.647709
v 11.678364 8.739868 3.929003
v 11.176476 8.728241 5.340359
v 9.043988 1.845257 -3.008332
v 9.043988 1.845257 -3.647706
v 9.215547 1.845257 2.170409
v 9.215547 1.845257 1.920060
v 10.176812 3.571817 1.920058
v 10.042098 3.571817 2.876890
v 9.043988 1.845257 2.876890
v 12.192198 8.751494 1.918638
v 12.226318 8.748547 2.875501
v 12.030664 5.392418 2.876890
v 12.016017 5.392800 1.920059
v 2.615627 9.551150 -4.407236
v 6.985695 9.550715 -4.407182
v 7.007424 9.551363 -7.299969
v 2.615562 9.551158 -7.299969
v 8.665472 3.571817 8.354747
v 7.233606 3.571817 8.649994
v 8.948355 5.370775 8.354753
v 7.388865 5.363873 8.649994
v 7.160303 1.845257 -8.650075
v 7.233595 3.571817 -8.650075
v 8.665452 3.571817 -8.354885
v 7.388774 5.363872 -8.650075
v 8.948174 5.369919 -8.354887
v 7.399824 8.751494 -8.650075
v 8.970003 8.751494 -8.354887
v 8.969880 8.746849 8.354753
v 7.399759 8.751494 8.649995
v 2.619714 1.845257 8.649995
v 2.619714 3.571817 8.649995
v 2.619714 5.345527 8.649995
v 2.619714 8.751494 8.649995
v 9.195709 3.571817 7.348457
v 8.825852 1.881306 7.234175
v 9.284886 3.571817 -5.340246
v 9.088333 1.845257 -5.340242
v 9.195682 3.571817 -7.348645
v 9.606499 8.751494 -7.348649
v 10.963371 5.385646 -5.340246
v 9.576187 5.375966 -7.348649
v 9.606329 8.742201 7.348461
v 9.576438 5.377681 7.348461
v 9.606470 8.749915 -4.419517
v 11.100283 8.733448 2.803142
v 9.606373 8.744623 2.803142
v 2.616024 9.550337 7.299862
v 7.056634 9.551514 7.299860
v 6.969077 9.549586 3.856071
v 2.615937 9.550649 3.856072
v 8.584410 9.550756 -4.068308
v 8.256981 9.551976 -6.518045
v 8.050658 9.551670 -7.216070
v 8.134462 9.547970 6.714105
v 8.657884 9.548103 3.365384
v 8.011969 9.549742 7.318409
v 2.619714 8.751494 3.856072
v 2.615894 9.550776 1.972619
v 2.619714 8.751494 1.972602
v 8.212000 9.550735 -4.426085
v 8.253989 9.548844 3.592495
v 2.619714 5.345527 3.856072
v 2.619714 3.571817 3.856070
v 2.536121 1.845257 3.856070
v 10.176812 3.571817 -2.170491
v 9.215547 1.845257 -2.170492
v 12.016017 5.392800 -2.170489
v 12.192198 8.751494 -2.172713
v 11.100930 8.744984 -2.179368
v 11.100414 8.735781 1.940346
v 9.606448 8.748708 -2.179368
v 9.606392 8.745634 1.953126
v 8.834821 9.549824 -2.194792
v 8.835630 9.548246 1.972825
v 8.335390 9.550022 -2.292356
v 8.336151 9.548625 2.060476
v 6.969077 9.550220 -2.194833
v 6.969077 9.550649 1.972619
v 2.615677 9.551145 -2.194922
v 2.619714 8.751494 -2.195053
v 2.619714 5.345527 -2.195056
v 2.619714 5.345527 1.972606
v 2.619714 3.571817 -2.195056
v 2.619714 3.571817 1.972604
v 2.507727 1.845257 -1.855117
v 2.507727 1.845257 1.972604
v 2.507727 1.845257 -2.195056
v 2.507727 1.845257 2.227672
v -2.556257 1.845257 -4.992390
v -2.619714 1.845257 -8.650074
v -2.619710 3.571817 -8.650075
v -2.619710 3.571817 -4.992390
v -2.619714 5.345527 -8.650075
v -2.619714 5.345527 -4.992390
v -11.101089 8.747807 -3.228704
v -11.177954 8.751494 -5.340246
v -11.825653 8.751494 -3.649256
v -12.158155 8.751494 -3.010466
v -9.778069 3.571817 3.929800
v -9.043988 1.845257 3.929800
v -9.034202 1.845257 5.340360
v -9.284883 3.571817 5.340360
v -11.493653 5.391291 3.929799
v -10.964848 5.389780 5.340359
v -11.963455 5.391560 -3.008333
v -11.637063 5.389938 -3.647708
v -9.848810 3.571817 -3.647709
v -10.009153 3.571817 -3.008336
v -9.043988 1.845257 -3.647709
v -9.043988 1.845257 -3.008336
v -8.382977 1.881304 7.891031
v -7.160313 1.845257 8.649995
v -7.233603 3.571817 8.649995
v -8.665468 3.571817 8.354747
v -7.388865 5.363873 8.649995
v -8.948355 5.370775 8.354753
v -8.665449 3.571817 -8.354885
v -7.233593 3.571817 -8.650075
v -8.948174 5.369919 -8.354887
v -7.388774 5.363872 -8.650075
v -8.970466 1.881304 6.857958
v -9.195705 3.571817 7.348457
v -9.284883 3.571817 -5.340246
v -9.195679 3.571817 -7.348645
v -9.088333 1.845257 -5.340246
v -10.963371 5.385646 -5.340246
v -9.576187 5.375966 -7.348649
v -9.576438 5.377681 7.348461
v -9.606470 8.749915 -4.419517
v -9.606499 8.751494 -7.348649
v -12.226318 8.748547 2.875501
v -11.678364 8.739868 3.929003
v -11.176476 8.728242 5.340359
v -11.100283 8.733448 2.803142
v -9.606329 8.742199 7.348461
v -9.606373 8.744623 3.509917
v -7.007424 9.551363 -7.299969
v -8.050658 9.551670 -7.216070
v -8.212000 9.550735 -4.426085
v -6.985695 9.550715 -4.407182
v -7.056634 9.551514 7.299860
v -6.991778 9.549586 3.513856
v -8.253989 9.548844 3.592495
v -8.011969 9.549741 7.318409
v -10.042095 3.571817 2.876890
v -12.030664 5.392418 2.876890
v -9.043988 1.845257 2.876890
v -2.619710 3.571817 8.649995
v -2.619710 3.571817 3.856070
v -2.619714 5.345527 3.856072
v -2.619714 5.345527 8.649995
v -2.619714 1.845257 8.649995
v -2.536121 1.845257 3.856070
v -8.657884 9.548103 3.365384
v -8.134462 9.547970 6.714105
v -8.256981 9.551976 -6.518045
v -8.584410 9.550756 -4.068308
v -2.615627 9.551150 -4.407236
v -2.615562 9.551158 -7.299969
v -2.616024 9.550337 7.299862
v -2.615937 9.550649 3.513748
v -8.969880 8.746849 8.354753
v -7.399759 8.751494 8.649995
v -2.619714 8.751494 8.649995
v -2.619714 8.751494 3.856070
v -2.619714 8.751494 -4.992385
v -2.619714 8.751494 -8.650075
v -7.399824 8.751494 -8.650075
v -8.970003 8.751494 -8.354887
v -10.176809 3.571817 2.170409
v -10.176809 3.571817 -2.170491
v -9.215547 1.845257 -2.170492
v -9.215547 1.845257 2.170409
v -12.016017 5.392800 2.170409
v -12.016017 5.392800 -2.170489
v -12.192198 8.751494 -2.172713
v -12.192198 8.751494 2.169039
v -11.100930 8.744984 -2.179368
v -11.100383 8.735217 2.192482
v -9.606388 8.745446 2.206042
v -9.606448 8.748708 -2.179368
v -8.835680 9.548150 2.227891
v -8.834821 9.549824 -2.194792
v -8.335390 9.550022 -2.292356
v -8.336198 9.548541 2.326879
v -6.969748 9.548930 2.227828
v -6.969077 9.550220 -2.194833
v -2.615908 9.550754 2.227682
v -2.615677 9.551145 -2.194922
v -2.619714 8.751494 -2.195053
v -2.619714 8.751494 2.227672
v -2.619714 5.345527 -2.195056
v -2.619714 5.345527 2.227675
v -2.619710 3.571817 -2.195056
v -2.619710 3.571817 2.227672
v -2.507727 1.845257 -2.195056
v -2.507727 1.845257 2.227672
v -2.507727 1.845257 1.972604
v 0.003109 5.010420 8.218833
v 0.003109 5.010420 8.188558
v -0.112481 5.237278 8.188558
v -0.112481 5.237278 8.218833
v -0.112481 5.237278 8.638906
v -0.112481 5.237278 8.671887
v 0.003109 5.010420 8.671887
v 0.003109 5.010420 8.638906
v -0.292516 5.417313 8.188558
v -0.292516 5.417313 8.218833
v -0.292516 5.417313 8.638906
v -0.292516 5.417313 8.671887
v -0.519374 5.532904 8.188558
v -0.519374 5.532904 8.218833
v -0.519374 5.532904 8.638906
v -0.519374 5.532904 8.671887
v -0.770847 5.572732 8.188558
v -0.770847 5.572732 8.218833
v -0.770847 5.572732 8.638906
v -0.770847 5.572732 8.671887
v -0.802134 5.770269 8.218833
v -0.802134 5.770269 8.188558
v -0.821334 5.766890 8.188558
v -1.083363 5.720772 8.188558
v -1.083363 5.720772 8.218833
v -1.083363 5.720772 8.638906
v -1.083363 5.720772 8.671887
v -0.821334 5.766890 8.671887
v -0.802134 5.770269 8.671887
v -0.802134 5.770269 8.638906
v -1.312039 5.609151 8.188558
v -1.339977 5.595513 8.188558
v -1.339977 5.595513 8.218833
v -1.339977 5.595513 8.638906
v -1.339977 5.595513 8.671887
v -1.312039 5.609151 8.671887
v -1.249178 5.417313 8.638906
v -1.249178 5.417313 8.218833
v -1.249178 5.417313 8.188558
v -1.346397 5.320093 8.188558
v -1.357199 5.309292 8.188558
v -1.357199 5.309292 8.218833
v -1.357199 5.309292 8.638906
v -1.357199 5.309292 8.671887
v -1.346397 5.320093 8.671887
v -1.249178 5.417313 8.671887
v -1.429214 5.237278 8.218833
v -1.429214 5.237278 8.188558
v -1.544803 5.010420 8.188558
v -1.544803 5.010420 8.218833
v -1.544803 5.010420 8.638906
v -1.544803 5.010420 8.671887
v -1.429214 5.237278 8.671887
v -1.429214 5.237278 8.638906
v -1.548786 4.985273 8.671887
v -1.548786 4.985273 8.188558
v -1.584633 4.758946 8.188558
v -1.584633 4.758946 8.218833
v -1.584633 4.758946 8.638906
v -1.584633 4.758946 8.671887
v -1.544803 4.507473 8.188558
v -1.544803 4.507473 8.218833
v -1.544803 4.507473 8.638906
v -1.544803 4.507473 8.671887
v -1.429214 4.280615 8.188558
v -1.429214 4.280615 8.218833
v -1.429214 4.280615 8.638906
v -1.429214 4.280615 8.671887
v -1.249178 4.100580 8.188558
v -1.249178 4.100580 8.218833
v -1.249178 4.100580 8.638906
v -1.249178 4.100580 8.671887
v -1.022321 3.984991 8.188558
v -1.022321 3.984991 8.218833
v -1.022321 3.984991 8.638906
v -1.022321 3.984991 8.671887
v -0.770847 3.945162 8.188558
v -0.770847 3.945162 8.218833
v -0.770847 3.945162 8.638906
v -0.770847 3.945162 8.671887
v -0.519374 3.984991 8.188558
v -0.519374 3.984991 8.218833
v -0.519374 3.984991 8.638906
v -0.519374 3.984991 8.671887
v -0.292516 4.100580 8.188558
v -0.292516 4.100580 8.218833
v -0.292516 4.100580 8.638906
v -0.292516 4.100580 8.671887
v -0.112481 4.280615 8.188558
v -0.112481 4.280615 8.218833
v -0.112481 4.280615 8.638906
v -0.112481 4.280615 8.671887
v 0.003109 4.507473 8.188558
v 0.003109 4.507473 8.218833
v 0.003109 4.507473 8.638906
v 0.003109 4.507473 8.671887
v 0.042938 4.758946 8.188558
v 0.042938 4.758946 8.218833
v 0.042938 4.758946 8.638906
v 0.042938 4.758946 8.671887
v -0.020527 4.515154 8.671887
v 0.018086 4.758946 8.671887
v -0.022505 4.758946 8.671887
v -0.039901 4.758946 8.671887
v -0.075676 4.533072 8.671887
v -0.059131 4.527698 8.671887
v -0.132586 5.222671 8.671887
v -0.307123 5.397207 8.671887
v -0.330982 5.364368 8.671887
v -0.341208 5.350295 8.671887
v -0.179499 5.188587 8.671887
v -0.165425 5.198813 8.671887
v -0.770847 3.970013 8.671887
v -0.527053 4.008626 8.671887
v -0.539597 4.047231 8.671887
v -0.544972 4.063776 8.671887
v -0.770847 4.028000 8.671887
v -0.770847 4.010605 8.671887
v -0.307124 4.120686 8.671887
v -0.330983 4.153524 8.671887
v -0.341208 4.167600 8.671887
v -0.020526 5.002741 8.671887
v -0.059131 4.990197 8.671887
v -0.075676 4.984821 8.671887
v -0.527053 5.509268 8.671887
v -0.539597 5.470663 8.671887
v -0.544972 5.454118 8.671887
v -0.770847 5.547880 8.671887
v -0.770847 5.507290 8.671887
v -0.770847 5.489893 8.671887
v -0.788016 5.570013 8.671887
v -1.022321 5.532904 8.671887
v -1.014641 5.509268 8.671887
v -1.002098 5.470663 8.671887
v -0.996722 5.454118 8.671887
v -0.786268 5.487451 8.671887
v -1.224480 5.429897 8.671887
v -1.234571 5.397207 8.671887
v -1.210712 5.364368 8.671887
v -1.200487 5.350294 8.671887
v -1.178303 5.361598 8.671887
v -1.287809 5.226300 8.671887
v -1.339293 5.280261 8.671887
v -1.310046 5.232844 8.671887
v -1.297512 5.212523 8.671887
v -1.402232 5.217322 8.671887
v -1.510854 5.008852 8.671887
v -1.455404 5.006292 8.671887
v -1.431639 5.005195 8.671887
v -1.339276 5.170759 8.671887
v -1.358163 5.184729 8.671887
v -1.515747 4.983862 8.671887
v -1.461782 4.981558 8.671887
v -1.438655 4.980570 8.671887
v -1.559781 4.758946 8.671887
v -1.521168 4.515154 8.671887
v -1.482563 4.527698 8.671887
v -1.466019 4.533072 8.671887
v -1.501794 4.758946 8.671887
v -1.519190 4.758946 8.671887
v -1.014641 4.008626 8.671887
v -0.996722 4.063776 8.671887
v -1.002098 4.047231 8.671887
v -1.234571 4.120686 8.671887
v -1.200487 4.167600 8.671887
v -1.210712 4.153524 8.671887
v -0.132586 4.295223 8.671887
v -0.179499 4.329308 8.671887
v -0.165425 4.319082 8.671887
v -1.409108 4.295223 8.671887
v -1.376269 4.319082 8.671887
v -1.362195 4.329308 8.671887
v -0.179499 4.329308 8.188558
v -0.075676 4.533072 8.188558
v -0.039901 4.758946 8.188558
v -0.075676 4.984821 8.188558
v -0.544972 4.063776 8.188558
v -0.341208 4.167600 8.188558
v -0.770847 4.028000 8.188558
v -0.179499 5.188587 8.188558
v -0.544972 5.454118 8.188558
v -0.770847 5.489893 8.188558
v -0.341208 5.350295 8.188558
v -0.996722 4.063776 8.188558
v -1.200487 4.167600 8.188558
v -1.362195 4.329308 8.188558
v -1.466019 4.533072 8.188558
v -1.501794 4.758946 8.188558
v -1.431639 5.005195 8.188558
v -1.438655 4.980570 8.188558
v -1.339276 5.170759 8.188558
v -1.200487 5.350294 8.188558
v -1.287809 5.226300 8.188558
v -1.297512 5.212523 8.188558
v -1.224480 5.429897 8.188558
v -1.022321 5.532904 8.188558
v -0.996722 5.454118 8.188558
v -1.178303 5.361598 8.188558
v -0.788016 5.570013 8.188558
v -0.786268 5.487451 8.188558
v -0.259507 4.592802 8.275558
v -0.259507 4.592802 8.188558
v -0.335875 4.442921 8.188558
v -0.335875 4.442921 8.275558
v -0.335875 4.442921 8.623554
v -0.335875 4.442921 8.671887
v -0.259507 4.592802 8.671887
v -0.259507 4.592802 8.623554
v -0.259507 4.925091 8.275558
v -0.259507 4.925091 8.188558
v -0.233192 4.758946 8.188558
v -0.233192 4.758946 8.275558
v -0.233192 4.758946 8.623554
v -0.233192 4.758946 8.671887
v -0.259507 4.925091 8.671887
v -0.259507 4.925091 8.623554
v -0.454821 4.323975 8.275558
v -0.454821 4.323975 8.188558
v -0.604703 4.247606 8.188558
v -0.604703 4.247606 8.275558
v -0.604703 4.247606 8.623554
v -0.604703 4.247606 8.671887
v -0.454821 4.323975 8.671887
v -0.454821 4.323975 8.623554
v -0.770847 4.221292 8.188558
v -0.770847 4.221292 8.275558
v -0.770847 4.221292 8.623554
v -0.770847 4.221292 8.671887
v -0.335875 5.074973 8.275558
v -0.335875 5.074973 8.188558
v -0.335875 5.074973 8.671887
v -0.335875 5.074973 8.623554
v -0.770847 5.296602 8.275558
v -0.770847 5.296602 8.188558
v -0.604703 5.270288 8.188558
v -0.604703 5.270288 8.275558
v -0.604703 5.270288 8.623554
v -0.604703 5.270288 8.671887
v -0.770847 5.296602 8.671887
v -0.770847 5.296602 8.623554
v -0.454821 5.193920 8.188558
v -0.454821 5.193920 8.275558
v -0.454821 5.193920 8.623554
v -0.454821 5.193920 8.671887
v -0.936992 4.247606 8.188558
v -0.936992 4.247606 8.275558
v -0.936992 4.247606 8.623554
v -0.936992 4.247606 8.671887
v -1.086873 4.323975 8.188558
v -1.086873 4.323975 8.275558
v -1.086873 4.323975 8.623554
v -1.086873 4.323975 8.671887
v -1.205819 4.442921 8.188558
v -1.205819 4.442921 8.275558
v -1.205819 4.442921 8.623554
v -1.205819 4.442921 8.671887
v -1.282188 4.592802 8.188558
v -1.282188 4.592802 8.275558
v -1.282188 4.592802 8.623554
v -1.282188 4.592802 8.671887
v -1.308502 4.758946 8.188558
v -1.308502 4.758946 8.275558
v -1.308502 4.758946 8.623554
v -1.308502 4.758946 8.671887
v -1.284819 4.908477 8.188558
v -1.282188 4.925091 8.188558
v -1.282188 4.925091 8.275558
v -1.282188 4.925091 8.623554
v -1.282188 4.925091 8.671887
v -1.284819 4.908477 8.671887
v -1.158241 5.122551 8.621887
v -1.158241 5.122551 8.261889
v -1.158241 5.122551 8.171890
v -1.151104 5.129688 8.173557
v -1.086873 5.193918 8.188558
v -1.086873 5.193918 8.275558
v -1.086873 5.193918 8.623554
v -1.086873 5.193918 8.671887
v -1.151104 5.129688 8.671887
v -1.158241 5.122551 8.671887
v -1.070555 5.202232 8.188558
v -0.936992 5.270288 8.188558
v -0.936992 5.270288 8.275558
v -0.936992 5.270288 8.623554
v -0.936992 5.270288 8.671887
v -1.070555 5.202232 8.671887
v -0.782190 5.294806 8.275558
v -0.782190 5.294806 8.188558
v -0.782190 5.294806 8.671887
v -0.782190 5.294806 8.623554
v -0.241124 4.586829 8.671887
v -0.320238 4.431560 8.671887
v -0.443460 4.308336 8.671887
v -0.598730 4.229223 8.671887
v -0.770847 4.201962 8.671887
v -0.942965 4.229223 8.671887
v -1.098234 4.308336 8.671887
v -1.221457 4.431560 8.671887
v -1.300571 4.586829 8.671887
v -1.327832 4.758946 8.671887
v -1.300203 4.915686 8.671887
v -1.297133 4.933102 8.671887
v -1.126411 5.248339 8.671887
v -1.172168 5.131549 8.671887
v -0.942965 5.288671 8.671887
v -0.770847 5.315932 8.671887
v -0.598730 5.288671 8.671887
v -0.443460 5.209557 8.671887
v -0.320237 5.086334 8.671887
v -0.241123 4.931065 8.671887
v -0.213863 4.758946 8.671887
v -0.241124 4.586829 8.188558
v -0.213863 4.758946 8.188558
v -0.241123 4.931065 8.188558
v -0.320237 5.086334 8.188558
v -0.443460 5.209557 8.188558
v -0.598730 5.288671 8.188558
v -0.770847 5.315932 8.188558
v -0.942965 5.288671 8.188558
v -1.098234 5.209557 8.188558
v -1.172168 5.131549 8.173557
v -1.297133 4.933102 8.188558
v -1.327832 4.758946 8.188558
v -1.300571 4.586829 8.188558
v -1.221457 4.431560 8.188558
v -1.098234 4.308336 8.188558
v -0.942965 4.229223 8.188558
v -0.770847 4.201962 8.188558
v -0.598730 4.229223 8.188558
v -0.443460 4.308336 8.188558
v -0.320238 4.431560 8.188558
v -1.431639 5.005195 8.623554
v -1.431639 5.005195 8.275558
v -1.339276 5.170759 8.275558
v -1.339276 5.170759 8.623554
v -1.297512 5.212523 8.623554
v -1.297512 5.212523 8.275558
v -0.799022 5.750625 8.188558
v -1.077292 5.702087 8.188558
v -0.799022 5.750625 8.671887
v -0.818021 5.747310 8.671887
v -1.077292 5.702087 8.671887
v -1.330946 5.577790 8.188558
v -1.330946 5.577790 8.671887
v -1.303331 5.591323 8.671887
v 0.013532 7.343237 8.671887
v 0.013532 7.343237 8.188558
v -0.029441 7.594193 8.188558
v -0.029441 7.594193 8.671887
v -0.147861 7.819586 8.188558
v -0.147861 7.819586 8.671887
v -0.330135 7.997354 8.188558
v -0.330135 7.997354 8.671887
v -0.558421 8.110096 8.188558
v -0.558421 8.110096 8.671887
v -0.529608 8.308008 8.671887
v -0.529608 8.308008 8.188558
v -0.812845 8.344297 8.188558
v -0.812845 8.344297 8.671887
v -1.095086 8.300932 8.188558
v -1.095086 8.300932 8.671887
v -1.061329 8.103802 8.188558
v -1.196565 8.032750 8.188558
v -1.196565 8.032750 8.671887
v -1.061329 8.103802 8.671887
v -1.286723 7.985382 8.188558
v -1.464491 7.803108 8.188558
v -1.464491 7.803108 8.671887
v -1.286723 7.985382 8.671887
v -1.577233 7.574822 8.188558
v -1.577233 7.574822 8.671887
v -1.613913 7.322870 8.188558
v -1.613913 7.322870 8.671887
v -1.570939 7.071915 8.188558
v -1.570939 7.071915 8.671887
v -1.452520 6.846521 8.188558
v -1.452520 6.846521 8.671887
v -1.270246 6.668753 8.188558
v -1.270246 6.668753 8.671887
v -1.041960 6.556011 8.188558
v -1.041960 6.556011 8.671887
v -0.790008 6.519331 8.188558
v -0.790008 6.519331 8.671887
v -0.539052 6.562304 8.188558
v -0.539052 6.562304 8.671887
v -0.313659 6.680724 8.188558
v -0.313659 6.680724 8.671887
v -0.135890 6.862999 8.188558
v -0.135890 6.862999 8.671887
v -0.023149 7.091284 8.188558
v -0.023149 7.091284 8.671887
v -0.203513 6.910847 8.671887
v -0.102247 7.115895 8.671887
v -0.107900 7.567610 8.671887
v -0.214265 7.770060 8.671887
v -1.017349 6.635111 8.671887
v -0.791044 6.602164 8.671887
v -0.565635 6.640762 8.671887
v -0.069301 7.342199 8.671887
v -0.377984 7.929731 8.671887
v -0.583032 8.030997 8.671887
v -0.810373 8.146775 8.671887
v -0.809337 8.063942 8.671887
v -1.034746 8.025343 8.671887
v -1.168322 7.922618 8.671887
v -1.357989 7.764499 8.671887
v -1.220608 7.895148 8.671887
v -1.498134 7.550211 8.671887
v -1.531080 7.323908 8.671887
v -1.222396 6.736376 8.671887
v -1.386116 6.896048 8.671887
v -0.363185 6.747128 8.671887
v -1.492481 7.098497 8.671887
v -0.361298 7.022495 8.188558
v -0.478747 6.902069 8.188558
v -0.262577 7.339781 8.188558
v -0.286811 7.173320 8.188558
v -0.627661 6.823833 8.188558
v -0.793463 6.795441 8.188558
v -0.959924 6.819674 8.188558
v -0.290969 7.505583 8.188558
v -0.489632 7.771947 8.188558
v -0.640457 7.846433 8.188558
v -0.369207 7.654498 8.188558
v -1.110749 6.894161 8.188558
v -1.231174 7.011610 8.188558
v -1.309412 7.160522 8.188558
v -1.337804 7.326326 8.188558
v -1.313570 7.492786 8.188558
v -1.357989 7.764499 8.188558
v -1.239083 7.643612 8.188558
v -1.220608 7.895148 8.188558
v -1.034746 8.025343 8.188558
v -1.168322 7.922618 8.188558
v -0.810373 8.146775 8.188558
v -0.806918 7.870667 8.188558
v -0.972721 7.842275 8.188558
v -0.361298 7.022495 8.671887
v -0.478747 6.902069 8.671887
v -0.262577 7.339781 8.671887
v -0.286811 7.173320 8.671887
v -0.627661 6.823833 8.671887
v -0.793463 6.795441 8.671887
v -0.959924 6.819674 8.671887
v -0.290969 7.505583 8.671887
v -0.640457 7.846433 8.671887
v -0.489632 7.771947 8.671887
v -0.369207 7.654498 8.671887
v -1.110749 6.894161 8.671887
v -1.231174 7.011610 8.671887
v -1.309412 7.160522 8.671887
v -1.337804 7.326326 8.671887
v -1.313570 7.492786 8.671887
v -1.239083 7.643612 8.671887
v -1.062069 7.795332 8.171890
v -0.972721 7.842275 8.671887
v -1.062069 7.795332 8.671887
v -0.806918 7.870667 8.671887
v -1.309412 7.160522 8.623554
v -1.091729 8.281326 8.188558
v 11.652765 8.593357 0.842483
v 11.502018 8.593357 0.546628
v 11.502018 9.379961 0.546628
v 11.652765 9.379961 0.842483
v 11.267227 8.593357 0.311836
v 11.267227 9.379961 0.311836
v 10.971371 8.593357 0.161090
v 10.971371 9.379961 0.161090
v 10.643414 8.593357 0.109147
v 10.643414 9.379961 0.109147
v 10.315455 8.593357 0.161091
v 10.315455 9.379961 0.161091
v 10.019600 8.593357 0.311836
v 10.019600 9.379961 0.311836
v 9.784808 8.593357 0.546628
v 9.784808 9.379961 0.546628
v 9.634062 8.593357 0.842484
v 9.634062 9.379961 0.842484
v 9.582120 8.593357 1.170441
v 9.582120 9.379961 1.170441
v 9.634062 8.593357 1.498399
v 9.634062 9.379961 1.498399
v 9.784808 8.593357 1.794254
v 9.784808 9.379961 1.794254
v 10.019600 8.593357 2.029046
v 10.019600 9.379961 2.029046
v 10.315455 8.593357 2.179792
v 10.315455 9.379961 2.179792
v 10.643414 8.593357 2.231735
v 10.643414 9.379961 2.231735
v 10.971371 8.593357 2.179792
v 10.971371 9.379961 2.179792
v 11.267227 8.593357 2.029046
v 11.267227 9.379961 2.029046
v 11.502018 8.593357 1.794254
v 11.502018 9.379961 1.794254
v 11.652765 8.593357 1.498399
v 11.652765 9.379961 1.498399
v 11.704707 8.593357 1.170441
v 11.704707 9.379961 1.170441
v 10.643414 9.379961 1.170441
v 10.643414 9.379961 1.483702
v 10.643414 9.379961 0.350314
v 10.643414 9.379961 0.574584
v 10.643414 9.379961 1.990569
v 10.643414 9.379961 0.857180
v 10.643414 9.379961 1.766298
v 10.643414 8.593357 1.766299
v 10.643414 8.593357 1.483702
v 10.643414 8.593357 1.170441
v 10.643414 8.593357 0.857180
v 10.643414 8.593357 1.990569
v 10.643414 8.593357 0.574584
v 10.643414 8.593357 0.350314
v 11.652765 8.593357 -1.526267
v 11.502018 8.593357 -1.822122
v 11.502018 9.379961 -1.822122
v 11.652765 9.379961 -1.526267
v 11.267227 8.593357 -2.056914
v 11.267227 9.379961 -2.056914
v 10.971371 8.593357 -2.207660
v 10.971371 9.379961 -2.207660
v 10.643414 8.593357 -2.259603
v 10.643414 9.379961 -2.259603
v 10.315455 8.593357 -2.207660
v 10.315455 9.379961 -2.207660
v 10.019600 8.593357 -2.056914
v 10.019600 9.379961 -2.056914
v 9.784808 8.593357 -1.822122
v 9.784808 9.379961 -1.822122
v 9.634062 8.593357 -1.526267
v 9.634062 9.379961 -1.526267
v 9.582120 8.593357 -1.198309
v 9.582120 9.379961 -1.198309
v 9.634062 8.593357 -0.870351
v 9.634062 9.379961 -0.870351
v 9.784808 8.593357 -0.574496
v 9.784808 9.379961 -0.574496
v 10.019600 8.593357 -0.339704
v 10.019600 9.379961 -0.339704
v 10.315455 8.593357 -0.188959
v 10.315455 9.379961 -0.188959
v 10.643414 8.593357 -0.137015
v 10.643414 9.379961 -0.137015
v 10.971371 8.593357 -0.188959
v 10.971371 9.379961 -0.188959
v 11.267227 8.593357 -0.339704
v 11.267227 9.379961 -0.339704
v 11.502018 8.593357 -0.574496
v 11.502018 9.379961 -0.574496
v 11.652765 8.593357 -0.870351
v 11.652765 9.379961 -0.870351
v 11.704707 8.593357 -1.198309
v 11.704707 9.379961 -1.198309
v 10.643414 9.379961 -1.198309
v 10.643414 9.379961 -0.885048
v 10.643414 9.379961 -2.018437
v 10.643414 9.379961 -1.794167
v 10.643414 9.379961 -0.378182
v 10.643414 9.379961 -1.511570
v 10.643414 9.379961 -0.602452
v 10.643414 8.593357 -0.602452
v 10.643414 8.593357 -0.885048
v 10.643414 8.593357 -1.198309
v 10.643414 8.593357 -1.511570
v 10.643414 8.593357 -0.378182
v 10.643414 8.593357 -1.794167
v 10.643414 8.593357 -2.018437
v 12.189763 8.951477 3.076927
v 10.894744 8.935781 3.111898
v 10.894665 8.933434 4.153033
v 9.190426 8.944614 5.444882
v 9.190107 8.945630 3.132405
v 10.895514 8.947803 -4.321805
v 9.189310 8.949912 -5.613439
v 9.189687 8.948456 -2.940275
v 10.895242 8.944233 -2.942000
v 12.191273 8.951492 -2.935292
v 10.895141 8.735781 3.111481
v 12.192198 8.751494 3.076747
v 10.895035 8.733448 4.150928
v 9.188780 8.745634 3.131930
v 9.188761 8.744623 5.442853
v 9.188858 8.749915 -5.615559
v 10.895683 8.747807 -4.323183
v 10.895522 8.744233 -2.942418
v 9.188832 8.748458 -2.940752
v 12.192198 8.751494 -2.935470
v 9.215548 1.845257 -2.932034
v 10.176812 3.571817 -2.932020
v 10.334539 3.452110 -2.932020
v 9.390289 1.747969 -2.932034
v 10.176812 3.571817 3.079021
v 9.215547 1.845257 3.079025
v 9.390288 1.747969 3.079025
v 10.334539 3.452110 3.079021
v 11.371696 5.392800 -2.932019
v 12.186238 5.316500 -2.932019
v 12.186237 5.316500 3.079021
v 11.371696 5.392800 3.079021
v 12.178320 8.486914 -2.935196
v 12.378046 8.476439 -2.935196
v 12.378045 8.476439 3.076927
v 12.178319 8.486915 3.076927
v 12.324100 8.774359 3.076927
v 12.324854 8.774365 -2.935244
v -10.895522 8.744233 -2.942418
v -12.192198 8.751494 -2.935470
v -10.895683 8.747807 -4.323183
v -10.895035 8.733448 4.150928
v -12.192198 8.751494 3.076747
v -10.895141 8.735781 3.111481
v -9.215548 1.845257 -2.932024
v -9.390289 1.747969 -2.932024
v -10.334539 3.452110 -2.932020
v -10.176812 3.571817 -2.932020
v -10.176812 3.571817 3.079021
v -10.334539 3.452110 3.079021
v -9.390288 1.747969 3.079025
v -9.215547 1.845257 3.079025
v -11.540140 5.392800 -2.932019
v -12.186238 5.316500 -2.932019
v -12.186237 5.316500 3.079021
v -11.449881 5.392800 3.079021
v -12.378046 8.476439 -2.935196
v -12.178320 8.486914 -2.935196
v -12.178319 8.486915 3.076927
v -12.378045 8.476439 3.076927
v -12.189763 8.951477 3.076927
v -12.324100 8.774359 3.076927
v -12.324854 8.774365 -2.935244
v -9.189687 8.948456 -2.940275
v -9.188832 8.748458 -2.940752
v -9.188836 8.748708 -3.480064
v -9.188858 8.749915 -5.615559
v -9.189310 8.949912 -5.613439
v -10.894665 8.933434 4.153033
v -12.191273 8.951492 -2.935292
v -10.895514 8.947803 -4.321805
v -9.190107 8.945630 3.132405
v -9.188780 8.745634 3.131930
v -10.894744 8.935781 3.111898
v -10.895242 8.944233 -2.942000
v -9.190426 8.944614 5.444882
v -9.188761 8.744623 5.442853
v -9.292819 8.745034 3.130684
v -9.292891 8.748200 -2.940853
v -1.525254 35.068031 8.663105
v -1.525254 35.068031 8.196192
v -1.525254 35.068031 8.162541
v -1.548509 34.785988 8.162541
v -1.548509 34.785988 8.196192
v -1.548509 34.785988 8.663105
v -1.548509 34.785988 8.699763
v -1.525254 35.068031 8.699763
v -1.483471 34.510567 8.162541
v -1.483471 34.510567 8.196192
v -1.483471 34.510567 8.663105
v -1.483471 34.510567 8.699763
v -1.336505 34.268723 8.162541
v -1.336505 34.268723 8.196192
v -1.336505 34.268723 8.663105
v -1.336505 34.268723 8.699763
v -1.121998 34.084129 8.162541
v -1.121998 34.084129 8.699763
v -1.207834 33.879066 8.162541
v -0.912999 33.761551 8.162541
v -0.912999 33.761551 8.699763
v -1.207834 33.879066 8.699763
v -0.631558 33.733479 8.699763
v -0.597174 33.730049 8.162541
v -0.597174 33.730049 8.699763
v -0.413653 33.990623 8.699763
v -0.578907 33.951599 8.699763
v -0.578907 33.951599 8.162541
v -0.413653 33.990623 8.162541
v -0.061638 34.163605 8.699763
v -0.061638 34.163605 8.162541
v 0.122955 34.378109 8.162541
v 0.122955 34.378109 8.699763
v 0.232228 34.639160 8.162541
v 0.232228 34.639160 8.699763
v 0.255484 34.921200 8.162541
v 0.255484 34.921200 8.699763
v 0.190445 35.196625 8.162541
v 0.190445 35.196625 8.699763
v 0.043480 35.438469 8.162541
v 0.043480 35.438469 8.196192
v 0.043480 35.438469 8.699763
v -0.171027 35.623062 8.162541
v -0.171027 35.623062 8.196192
v -0.171027 35.623062 8.663105
v -0.171027 35.623062 8.699763
v -0.432078 35.732338 8.162541
v -0.432078 35.732338 8.196192
v -0.432078 35.732338 8.663105
v -0.432078 35.732338 8.699763
v -0.714119 35.755592 8.162541
v -0.714119 35.755592 8.196192
v -0.714119 35.755592 8.663105
v -0.714119 35.755592 8.699763
v -0.989542 35.690552 8.162541
v -0.989542 35.690552 8.196192
v -0.989542 35.690552 8.663105
v -0.989542 35.690552 8.699763
v -1.231387 35.543587 8.162541
v -1.231387 35.543587 8.196192
v -1.231387 35.543587 8.663105
v -1.231387 35.543587 8.699763
v -1.415981 35.329082 8.162541
v -1.415981 35.329082 8.196192
v -1.415981 35.329082 8.663105
v -1.415981 35.329082 8.699763
v -0.492666 34.283443 8.699763
v -0.601846 34.257660 8.699763
v -0.413549 34.116997 8.699763
v -0.165586 34.234665 8.162541
v -0.349657 34.132084 8.162541
v -0.303483 34.016640 8.162541
v -0.413549 34.116997 8.162541
v -1.032930 35.309464 8.162541
v -0.873147 35.406559 8.162541
v -0.873147 35.406559 8.699763
v -1.032930 35.309464 8.699763
v -1.227083 34.995270 8.162541
v -1.154888 35.167740 8.162541
v -1.154888 35.167740 8.699763
v -1.227083 34.995270 8.699763
v -0.691179 35.449532 8.162541
v -0.504839 35.434166 8.162541
v -0.504839 35.434166 8.699763
v -0.691179 35.449532 8.699763
v -0.332367 35.361969 8.162541
v -0.332367 35.361969 8.699763
v -1.242447 34.808929 8.162541
v -1.242447 34.808929 8.699763
v -0.960659 34.345219 8.162541
v -1.102380 34.467178 8.162541
v -1.102380 34.467178 8.699763
v -0.960659 34.345219 8.699763
v -1.199478 34.626961 8.162541
v -1.199478 34.626961 8.699763
v -0.190646 35.240013 8.162541
v -0.190646 35.240013 8.699763
v -0.093548 35.080231 8.162541
v -0.093548 35.080231 8.699763
v -0.050578 34.898262 8.162541
v -0.050578 34.898262 8.699763
v -0.065943 34.711922 8.162541
v -0.065943 34.711922 8.699763
v -0.138137 34.539452 8.162541
v -0.138137 34.539452 8.699763
v -0.492666 34.283443 8.244050
v -0.492666 34.283443 8.144015
v -0.601846 34.257660 8.162541
v -0.788186 34.273026 8.162541
v -0.788186 34.273026 8.699763
v -0.303483 34.016640 8.699763
v -0.349657 34.132084 8.699763
v -0.165586 34.234665 8.699763
v -0.860948 33.974854 8.699763
v -1.046822 35.325851 8.162541
v -1.173164 35.179035 8.162541
v -1.247955 35.000362 8.162541
v -1.263872 34.807323 8.162541
v -1.219357 34.618813 8.162541
v -0.860948 33.974854 8.162541
v -0.260095 34.397728 8.162541
v -0.045071 34.706829 8.162541
v -0.029154 34.899868 8.162541
v -0.073668 35.088379 8.162541
v -0.174257 35.253906 8.162541
v -0.321073 35.380249 8.162541
v -0.499746 35.455036 8.162541
v -0.692785 35.470955 8.162541
v -0.881294 35.426441 8.162541
v -0.165586 34.234665 8.259241
v -0.165586 34.234665 8.646042
v -0.260095 34.397728 8.699763
v -0.484754 34.266800 8.245569
v -0.413549 34.116997 8.259241
v -0.349657 34.132084 8.259241
v -0.413549 34.116997 8.646042
v -0.349658 34.132084 8.638552
v 2.506330 36.169365 -2.195056
v 2.506330 37.896023 -2.195056
v 2.618317 37.895924 -8.650075
v 2.616787 36.169365 -8.650075
v 2.506330 34.395653 -2.195056
v 2.615216 34.395649 -8.650075
v 12.188939 32.703060 -2.172713
v 10.892301 32.710720 -2.179368
v 10.892589 32.704208 -4.600779
v 11.670400 32.703529 -3.143939
v 9.865572 36.162949 3.385652
v 9.218406 37.890079 3.385652
v 9.218406 37.890079 4.600893
v 9.553003 36.163223 4.600893
v 11.379992 34.342133 3.385650
v 10.744249 34.344204 4.600893
v 11.506721 34.343372 -3.142604
v 12.015733 34.340057 -2.170489
v 9.928085 36.162888 -3.142606
v 10.178141 36.162663 -2.170491
v 10.891560 32.727463 4.600893
v 11.540250 32.715271 3.384965
v 9.218407 37.890079 -3.142606
v 9.218405 37.890079 -2.170492
v 9.218405 37.890079 2.170409
v 10.178141 36.162663 2.170409
v 12.015733 34.340057 2.170409
v 12.188939 32.703060 2.169039
v 2.550838 31.911888 -7.299969
v 7.003458 31.907791 -7.299969
v 6.965113 31.908970 -2.194833
v 2.550953 31.911903 -2.194923
v 9.037062 37.890244 7.348457
v 8.362639 37.890678 8.185837
v 8.666800 36.164001 8.354749
v 9.197039 36.163540 7.348458
v 8.948091 34.364799 8.354753
v 9.576167 34.357342 7.348463
v 8.666780 36.164001 -8.354885
v 8.544393 37.890678 -8.354882
v 9.037043 37.890244 -7.348645
v 9.197010 36.163540 -7.348647
v 8.947910 34.365658 -8.354887
v 9.575917 34.359055 -7.348650
v 9.603238 32.705360 -7.348650
v 8.966745 32.705917 -8.354887
v 9.603078 32.714653 7.348464
v 8.966626 32.710564 8.354753
v 2.616787 36.169365 8.649995
v 7.234938 36.165279 8.649998
v 7.163172 37.891903 8.649995
v 2.622576 37.895924 8.649995
v 7.163163 37.891903 -8.650075
v 7.234925 36.165279 -8.650075
v 2.555698 32.711544 -8.650075
v 2.738823 34.395073 -8.650075
v 7.388517 34.373085 -8.650075
v 7.396566 32.707314 -8.650075
v 2.622576 32.711433 8.649995
v 7.396502 32.707314 8.649995
v 7.388609 34.373085 8.649995
v 2.615216 34.395649 8.649995
v 9.553003 36.163223 -4.600779
v 9.232610 36.163509 -7.073860
v 9.055180 37.890224 -7.073858
v 9.218406 37.890079 -4.600779
v 9.692646 34.357983 -7.073863
v 10.743203 34.348339 -4.600779
v 9.603191 32.708145 -2.179368
v 10.891869 32.720490 2.192482
v 9.603134 32.711407 2.206042
v 2.551184 31.912292 2.227682
v 6.965785 31.910259 2.227828
v 7.052669 31.907597 7.299862
v 2.551301 31.912710 7.299863
v 9.333195 32.545498 -7.182529
v 8.830853 31.907715 -2.194792
v 8.253014 31.906075 -6.518046
v 8.782734 32.546047 -8.127124
v 8.046691 31.906563 -7.216071
v 8.130497 31.910189 6.714106
v 8.831716 31.909389 2.227891
v 8.008000 31.908525 7.318409
v 2.506330 34.395653 2.227675
v 2.555698 32.711544 2.227672
v 2.506330 36.169365 2.227672
v 2.506330 37.896023 2.227672
v -2.418379 36.173820 -2.195056
v -2.418379 36.173820 -8.650075
v -2.416848 37.900387 -8.650075
v -2.304861 37.900288 -2.195056
v -2.422967 32.716003 -2.195053
v -2.422967 32.716003 -8.650075
v -2.419949 34.400120 -8.650075
v -2.419949 34.400120 -2.195056
v -11.995443 32.724491 -2.172713
v -11.476907 32.724030 -3.143939
v -10.699095 32.723343 -4.600779
v -10.698796 32.729855 -2.179368
v -9.662902 36.180244 3.385652
v -9.350336 36.179970 4.600893
v -9.012679 37.906231 4.600893
v -9.012679 37.906231 3.385652
v -11.180544 34.362118 3.385650
v -10.544802 34.363056 4.600893
v -11.816290 34.361160 -2.170489
v -11.307276 34.363571 -3.142604
v -9.975471 36.180523 -2.170491
v -9.725414 36.180302 -3.142606
v -11.346739 32.735535 3.384965
v -10.698026 32.746597 4.600893
v -9.012679 37.906231 -2.170492
v -9.012679 37.906231 -3.142606
v -9.975470 36.180523 2.170409
v -9.012679 37.906231 2.170409
v -11.995443 32.724491 2.169039
v -11.816290 34.361160 2.170409
v -2.419637 31.916359 -2.194923
v -6.773036 31.921143 -2.194833
v -6.811384 31.920031 -7.299969
v -2.419523 31.916344 -7.299969
v -8.338683 38.031570 8.185837
v -8.464130 36.179184 8.354750
v -7.032271 36.176414 8.649995
v -6.957447 37.904411 8.681452
v -8.748607 34.380478 8.354753
v -7.189114 34.385998 8.649995
v -6.957438 37.904411 -8.650075
v -7.032258 36.177917 -8.650075
v -8.464111 36.179184 -8.354885
v -8.338666 37.905632 -8.354885
v -7.189023 34.385998 -8.650075
v -8.748426 34.381332 -8.354887
v -7.203073 32.720238 -8.650075
v -8.773254 32.721638 -8.354887
v -8.773127 32.726284 8.354753
v -7.203008 32.720238 8.649995
v -2.418379 36.173820 8.649995
v -2.416848 37.900387 8.649995
v -2.419949 34.400120 8.649995
v -2.422967 32.716003 8.649995
v -8.994371 36.179646 7.348458
v -8.831334 37.906071 7.348457
v -8.849469 37.906086 7.073700
v -8.831315 37.906071 -7.348645
v -8.994343 36.179646 -7.348647
v -9.350336 36.179970 -4.600779
v -9.012679 37.906231 -4.600779
v -9.376448 34.375843 -7.348650
v -9.409748 32.722198 -7.348650
v -10.543749 34.367195 -4.600779
v -9.409570 32.731491 7.348464
v -9.376701 34.374130 7.348463
v -9.409696 32.724983 -2.179368
v -10.698346 32.739620 2.192482
v -9.409632 32.728241 2.206042
v -2.419985 31.917168 7.299863
v -6.860594 31.919924 7.299862
v -6.773706 31.922430 2.227828
v -2.419869 31.916750 2.227682
v -8.060937 31.920525 -6.518046
v -8.638774 31.923189 -2.194792
v -7.854613 31.920649 -7.216071
v -8.639635 31.924862 2.227891
v -7.938416 31.924423 6.714106
v -7.815923 31.922543 7.318409
v -8.139345 31.922548 -2.292356
v -8.140150 31.924030 2.326879
v -2.422967 32.716003 2.227672
v -2.419949 34.400120 2.227675
v -2.418379 36.173820 2.227672
v -2.304861 37.900288 2.227672
v 2.555698 32.711544 -2.195053
v 6.916760 39.295971 8.681451
v -6.740582 39.308067 8.681453
v -6.741714 38.030289 8.681453
v 6.915628 38.018192 8.681453
v -6.740582 39.308067 -8.620769
v 6.916760 39.295971 -8.620769
v 6.915628 38.018192 -8.620769
v -6.741714 38.030289 -8.620769
v -9.202382 39.310249 6.086379
v -9.202382 39.310249 -6.025695
v -9.203512 38.032471 -6.025695
v -9.203512 38.032471 6.086379
v 9.378559 39.293789 -6.006639
v 9.378559 39.293789 6.086379
v 9.377429 38.016010 6.086379
v 9.377429 38.016010 -6.006639
v 9.348251 39.293816 6.492336
v 9.347121 38.016037 6.492336
v 9.258071 39.293896 6.888301
v 9.256941 38.016117 6.888301
v 9.110241 39.294025 7.264517
v 9.109111 38.016251 7.264517
v 8.908400 39.294201 7.611725
v 8.907269 38.016430 7.611725
v 8.657516 39.294426 7.921372
v 8.656385 38.016651 7.921372
v 8.363770 39.294689 8.185838
v 8.362639 38.016907 8.185838
v 8.034395 39.294979 8.398606
v 8.033263 38.017200 8.398606
v 7.677497 39.295300 8.554440
v 7.676365 38.017517 8.554440
v 7.301869 39.295628 8.649503
v 7.300738 38.017853 8.649503
v -7.125691 39.308407 8.649503
v -7.126823 38.030632 8.649503
v -7.501319 39.308739 8.554440
v -7.502451 38.030960 8.554440
v -7.858216 39.309055 8.398606
v -7.859349 38.031277 8.398606
v -8.187593 39.309349 8.185838
v -8.188723 38.031570 8.185838
v -8.481339 39.309605 7.921372
v -8.482469 38.031830 7.921372
v -8.732223 39.309830 7.611725
v -8.733353 38.032055 7.611725
v -8.934064 39.310009 7.264517
v -8.935194 38.032234 7.264517
v -9.081893 39.310143 6.888301
v -9.083023 38.032360 6.888301
v -9.172073 39.310219 6.492336
v -9.173204 38.032444 6.492336
v 9.348251 39.293816 -6.431652
v 9.347121 38.016037 -6.431652
v 9.258071 39.293896 -6.827617
v 9.256941 38.016117 -6.827617
v 9.110241 39.294025 -7.203834
v 9.109111 38.016251 -7.203834
v 8.908400 39.294201 -7.551041
v 8.907269 38.016430 -7.551041
v 8.657516 39.294426 -7.860689
v 8.656385 38.016651 -7.860689
v 8.363770 39.294689 -8.125154
v 8.362639 38.016907 -8.125154
v 8.034395 39.294979 -8.337922
v 8.033263 38.017200 -8.337922
v 7.677497 39.295300 -8.493756
v 7.676365 38.017517 -8.493756
v 7.301869 39.295628 -8.588819
v 7.300738 38.017853 -8.588819
v -7.125691 39.308407 -8.588819
v -7.126823 38.030632 -8.588819
v -7.501319 39.308739 -8.493756
v -7.502451 38.030960 -8.493756
v -7.858216 39.309055 -8.337922
v -7.859349 38.031277 -8.337922
v -8.187593 39.309349 -8.125154
v -8.188723 38.031570 -8.125154
v -8.481339 39.309605 -7.860689
v -8.482469 38.031830 -7.860689
v -8.732223 39.309830 -7.551041
v -8.733353 38.032055 -7.551041
v -8.934064 39.310009 -7.203834
v -8.935194 38.032234 -7.203834
v -9.081893 39.310143 -6.827617
v -9.083023 38.032360 -6.827617
v -9.172073 39.310219 -6.431652
v -9.173204 38.032444 -6.431652
v -8.794273 37.132107 -6.739478
v -8.874502 37.132179 -6.387213
v -8.663013 37.131992 -7.073527
v -8.484291 37.131832 -7.380968
v -8.262892 37.131634 -7.654223
v -8.004635 37.131409 -7.886738
v -7.716130 37.131149 -8.073106
v -7.404550 37.130875 -8.209153
v -7.077434 37.130585 -8.291938
v -6.729923 37.130280 -8.320768
v 6.902242 37.118202 -8.320768
v 7.249753 37.117893 -8.291938
v 7.576869 37.117607 -8.209153
v 7.888449 37.117329 -8.073106
v 8.176956 37.117073 -7.886738
v 8.435214 37.116844 -7.654223
v 8.656613 37.116650 -7.380968
v 8.835335 37.116489 -7.073527
v 8.966596 37.116371 -6.739478
v 9.046824 37.116302 -6.387213
v 9.074646 37.116280 -6.014585
v 9.074646 37.116280 6.075269
v 9.046824 37.116302 6.447897
v 8.966596 37.116371 6.800163
v 8.835335 37.116489 7.134211
v 8.656613 37.116650 7.441652
v 8.435214 37.116844 7.714907
v 8.176956 37.117073 7.947423
v 7.888449 37.117329 8.133790
v 7.576869 37.117607 8.269837
v 7.249753 37.117893 8.352622
v 6.902242 37.118202 8.381453
v -6.729923 37.130280 8.381453
v -7.077434 37.130585 8.352622
v -7.404550 37.130875 8.269837
v -7.716130 37.131149 8.133790
v -8.004635 37.131409 7.947423
v -8.262892 37.131634 7.714907
v -8.484291 37.131832 7.441652
v -8.663013 37.131992 7.134211
v -8.794273 37.132107 6.800163
v -8.874502 37.132179 6.447897
v -8.902324 37.132202 6.075269
v -8.902324 37.132202 -6.014585
v -2.504537 37.886295 8.323360
v -2.509896 33.559731 8.323360
v 2.904881 33.554947 8.323360
v 2.910240 37.881496 8.323360
v -2.504537 37.886295 -8.323360
v 2.910240 37.881496 -8.323360
v 2.904881 33.554947 -8.323360
v -2.509896 33.559731 -8.323360
v -2.511235 32.047829 6.811446
v 2.903543 32.043018 6.811446
v 2.903934 32.485847 7.880531
v -2.510842 32.490654 7.880531
v 2.903934 32.485847 -7.880531
v -2.510842 32.490654 -7.880531
v 2.903543 32.043018 -6.811446
v -2.511235 32.047829 -6.811446
v 7.557516 21.009317 -0.000001
v 7.187630 21.009317 -2.335404
v 8.449416 22.418316 -2.745381
v 8.884235 22.418316 0.000000
v 6.114164 21.009317 -4.442200
v 7.187502 22.418316 -5.222026
v 4.442200 21.009317 -6.114164
v 5.222026 22.418316 -7.187501
v 2.335403 21.009317 -7.187630
v 2.745381 22.418316 -8.449414
v 0.000000 21.009317 -7.557521
v 0.000000 22.418316 -8.884239
v -2.335402 21.009317 -7.187630
v -2.745381 22.418316 -8.449414
v -4.442199 21.009317 -6.114162
v -5.222024 22.418316 -7.187500
v -6.114161 21.009317 -4.442199
v -7.187500 22.418316 -5.222024
v -7.187627 21.009317 -2.335402
v -8.449412 22.418316 -2.745380
v -7.557518 21.009317 0.000000
v -8.884237 22.418316 0.000000
v -7.255743 21.009317 1.758850
v -8.601094 22.465612 1.787696
v -8.009212 22.465612 3.609320
v -8.009212 30.960312 3.609320
v -8.601094 30.960312 1.787696
v -6.889803 21.009317 3.025781
v -6.114161 21.009317 4.442198
v -7.187500 22.418316 5.222024
v -4.442198 21.009317 6.114160
v -5.222024 22.418316 7.187499
v -2.335402 21.009317 7.187626
v -2.745380 22.418316 8.449411
v -0.000000 21.009317 7.557518
v -0.000000 22.418316 8.884236
v 2.335400 21.009317 7.187626
v 2.745379 22.418316 8.449411
v 4.442196 21.009317 6.114160
v 5.222023 22.418316 7.187498
v 6.114159 21.009317 4.442196
v 7.187498 22.418316 5.222023
v 7.187625 21.009317 2.335401
v 8.449410 22.418316 2.745379
v 7.187502 31.007607 -5.222026
v 6.114164 32.416607 -4.442200
v 7.187630 32.416607 -2.335404
v 8.449416 31.007607 -2.745381
v 7.557516 32.416607 -0.000001
v 8.884235 31.007607 0.000000
v 5.222026 31.007607 -7.187501
v 4.442200 32.416607 -6.114164
v 2.745381 31.007607 -8.449414
v 2.335403 32.416607 -7.187630
v 0.000000 31.007607 -8.884239
v 0.000000 32.416607 -7.557521
v -2.745381 31.007607 -8.449414
v -2.335402 32.416607 -7.187630
v -5.222024 31.007607 -7.187500
v -4.442199 32.416607 -6.114162
v -7.187500 31.007607 -5.222024
v -6.114161 32.416607 -4.442199
v -8.449412 31.007607 -2.745380
v -7.187627 32.416607 -2.335402
v -8.884237 31.007607 0.000000
v -7.557518 32.416607 0.000000
v -7.374440 32.416607 1.430248
v -5.222024 31.007607 7.187499
v -4.442198 32.416607 6.114160
v -6.114161 32.416607 4.442198
v -7.187500 31.007607 5.222024
v -2.745380 31.007607 8.449411
v -2.335402 32.416607 7.187626
v -0.000000 31.007607 8.884236
v -0.000000 32.416607 7.557518
v 2.745379 31.007607 8.449411
v 2.335400 32.416607 7.187626
v 5.222023 31.007607 7.187498
v 4.442196 32.416607 6.114160
v 7.187498 31.007607 5.222023
v 6.114159 32.416607 4.442196
v 8.449410 31.007607 2.745379
v 7.187625 32.416607 2.335401
v -0.000000 32.416607 -0.000002
v -0.000000 21.009317 -0.000002
v -6.810739 32.416607 3.170165
v 8.884235 10.863707 0.000000
v 7.557516 9.454709 -0.000001
v 7.187630 9.454709 -2.335404
v 8.449416 10.863707 -2.745381
v 6.114164 9.454709 -4.442200
v 7.187502 10.863707 -5.222026
v 4.442200 9.454709 -6.114164
v 5.222026 10.863707 -7.187501
v 2.335403 9.454709 -7.187630
v 2.745381 10.863707 -8.449414
v 0.000000 9.454709 -7.557521
v 0.000000 10.863707 -8.884239
v -2.335402 9.454709 -7.187630
v -2.745381 10.863707 -8.449414
v -4.442199 9.454709 -6.114162
v -5.222024 10.863707 -7.187500
v -6.114161 9.454709 -4.442199
v -7.187500 10.863707 -5.222024
v -7.187627 9.454709 -2.335402
v -8.449412 10.863707 -2.745380
v -7.557518 9.454709 0.000000
v -8.884237 10.863707 0.000000
v -7.255743 9.454709 1.758850
v -8.601094 10.911003 1.787696
v -8.009212 10.911003 3.609320
v -8.009212 19.405701 3.609320
v -8.601094 19.405701 1.787696
v -6.889803 9.454709 3.025781
v -6.114161 9.454709 4.442198
v -7.187500 10.863707 5.222024
v -4.442198 9.454709 6.114160
v -5.222024 10.863707 7.187499
v -2.335402 9.454709 7.187626
v -2.745380 10.863707 8.449411
v -0.000000 9.454709 7.557518
v -0.000000 10.863707 8.884236
v 2.335400 9.454709 7.187626
v 2.745379 10.863707 8.449411
v 4.442196 9.454709 6.114160
v 5.222023 10.863707 7.187498
v 6.114159 9.454709 4.442196
v 7.187498 10.863707 5.222023
v 7.187625 9.454709 2.335401
v 8.449410 10.863707 2.745379
v 6.114164 20.861996 -4.442200
v 7.187630 20.861996 -2.335404
v 8.449416 19.452997 -2.745381
v 7.187502 19.452997 -5.222026
v 7.557516 20.861996 -0.000001
v 8.884235 19.452997 0.000000
v 4.442200 20.861996 -6.114164
v 5.222026 19.452997 -7.187501
v 2.335403 20.861996 -7.187630
v 2.745381 19.452997 -8.449414
v 0.000000 20.861996 -7.557521
v 0.000000 19.452997 -8.884239
v -2.335402 20.861996 -7.187630
v -2.745381 19.452997 -8.449414
v -4.442199 20.861996 -6.114162
v -5.222024 19.452997 -7.187500
v -6.114161 20.861996 -4.442199
v -7.187500 19.452997 -5.222024
v -7.187627 20.861996 -2.335402
v -8.449412 19.452997 -2.745380
v -7.557518 20.861996 0.000000
v -8.884237 19.452997 0.000000
v -7.374440 20.861996 1.430248
v -4.442198 20.861996 6.114160
v -6.114161 20.861996 4.442198
v -7.187500 19.452997 5.222024
v -5.222024 19.452997 7.187499
v -2.335402 20.861996 7.187626
v -2.745380 19.452997 8.449411
v -0.000000 20.861996 7.557518
v -0.000000 19.452997 8.884236
v 2.335400 20.861996 7.187626
v 2.745379 19.452997 8.449411
v 4.442196 20.861996 6.114160
v 5.222023 19.452997 7.187498
v 6.114159 20.861996 4.442196
v 7.187498 19.452997 5.222023
v 7.187625 20.861996 2.335401
v 8.449410 19.452997 2.745379
v 5.222026 18.699030 -7.187501
v -0.000000 20.861996 -0.000002
v -0.000000 9.454709 -0.000002
v -6.810739 20.861996 3.170165
v -9.238712 8.614464 0.842483
v -9.238712 8.593357 0.842483
v -9.389460 8.593357 0.546628
v -9.389460 8.614464 0.546628
v -9.389460 9.361293 0.546628
v -9.389460 9.379961 0.546628
v -9.238712 9.379961 0.842483
v -9.238712 9.361293 0.842483
v -9.624250 8.593357 0.311836
v -9.624250 8.614464 0.311836
v -9.624250 9.361293 0.311836
v -9.624250 9.379961 0.311836
v -9.920106 8.593357 0.161090
v -9.920106 8.614464 0.161090
v -9.920106 9.361293 0.161090
v -9.920106 9.379961 0.161090
v -10.248064 8.593357 0.109147
v -10.248064 8.614464 0.109147
v -10.248064 9.361293 0.109147
v -10.248064 9.379961 0.109147
v -10.576022 8.593357 0.161091
v -10.576022 8.614464 0.161091
v -10.576022 9.361293 0.161091
v -10.576022 9.379961 0.161091
v -10.871878 8.593357 0.311836
v -10.871878 8.614464 0.311836
v -10.871878 9.361293 0.311836
v -10.871878 9.379961 0.311836
v -11.106668 8.593357 0.546628
v -11.106668 8.614464 0.546628
v -11.106668 9.361293 0.546628
v -11.106668 9.379961 0.546628
v -11.257416 8.593357 0.842484
v -11.257416 8.614464 0.842484
v -11.257416 9.361293 0.842484
v -11.257416 9.379961 0.842484
v -11.309358 8.593357 1.170441
v -11.309358 8.614464 1.170441
v -11.309358 9.361293 1.170441
v -11.309358 9.379961 1.170441
v -11.257416 8.593357 1.498399
v -11.257416 8.614464 1.498399
v -11.257416 9.361293 1.498399
v -11.257416 9.379961 1.498399
v -11.106668 8.593357 1.794254
v -11.106668 8.614464 1.794254
v -11.106668 9.361293 1.794254
v -11.106668 9.379961 1.794254
v -10.871878 8.593357 2.029046
v -10.871878 8.614464 2.029046
v -10.871878 9.361293 2.029046
v -10.871878 9.379961 2.029046
v -10.576022 8.593357 2.179792
v -10.576022 8.614464 2.179792
v -10.576022 9.361293 2.179792
v -10.576022 9.379961 2.179792
v -10.248064 8.593357 2.231735
v -10.248064 8.614464 2.231735
v -10.248064 9.361293 2.231735
v -10.248064 9.379961 2.231735
v -9.920106 8.593357 2.179792
v -9.920106 8.614464 2.179792
v -9.920106 9.361293 2.179792
v -9.920106 9.379961 2.179792
v -9.624250 8.593357 2.029046
v -9.624250 8.614464 2.029046
v -9.624250 9.361293 2.029046
v -9.624250 9.379961 2.029046
v -9.389460 8.593357 1.794254
v -9.389460 8.614464 1.794254
v -9.389460 9.361293 1.794254
v -9.389460 9.379961 1.794254
v -9.238712 8.593357 1.498399
v -9.238712 8.614464 1.498399
v -9.238712 9.361293 1.498399
v -9.238712 9.379961 1.498399
v -9.186770 8.593357 1.170441
v -9.186770 8.614464 1.170441
v -9.186770 9.361293 1.170441
v -9.186770 9.379961 1.170441
v -10.248064 9.379961 1.170441
v -10.248064 9.379961 1.483702
v -10.248064 9.379961 0.350314
v -10.248064 9.379961 0.574584
v -10.248064 9.379961 1.990569
v -10.248064 9.379961 0.857180
v -10.248064 9.379961 1.766298
v -10.248064 8.593357 1.766299
v -10.248064 8.593357 1.483702
v -10.248064 8.593357 1.170441
v -10.248064 8.593357 0.857180
v -10.248064 8.593357 1.990569
v -10.248064 8.593357 0.574584
v -10.248064 8.593357 0.350314
v -9.238712 8.593357 -1.526267
v -9.389460 8.593357 -1.822122
v -9.389460 9.379961 -1.822122
v -9.238712 9.379961 -1.526267
v -9.624250 8.593357 -2.056914
v -9.624250 9.379961 -2.056914
v -9.920106 8.593357 -2.207660
v -9.920106 9.379961 -2.207660
v -10.248064 8.593357 -2.259603
v -10.248064 9.379961 -2.259603
v -10.576022 8.593357 -2.207660
v -10.576022 9.379961 -2.207660
v -10.871878 8.593357 -2.056914
v -10.871878 9.379961 -2.056914
v -11.106668 8.593357 -1.822122
v -11.106668 9.361293 -1.822122
v -11.106668 9.379961 -1.822122
v -11.257416 8.593357 -1.526267
v -11.257416 9.379961 -1.526267
v -11.309358 8.593357 -1.198309
v -11.309358 9.379961 -1.198309
v -11.257416 8.593357 -0.870351
v -11.257416 9.379961 -0.870351
v -11.106668 8.593357 -0.574496
v -11.106668 9.379961 -0.574496
v -10.871878 8.593357 -0.339704
v -10.871878 9.379961 -0.339704
v -10.576022 8.593357 -0.188959
v -10.576022 9.379961 -0.188959
v -10.248064 8.593357 -0.137015
v -10.248064 9.379961 -0.137015
v -9.920106 8.593357 -0.188959
v -9.920106 9.379961 -0.188959
v -9.624250 8.593357 -0.339704
v -9.624250 9.379961 -0.339704
v -9.389460 8.593357 -0.574496
v -9.389460 9.379961 -0.574496
v -9.238712 8.593357 -0.870351
v -9.238712 9.379961 -0.870351
v -9.186770 8.593357 -1.198309
v -9.186770 9.379961 -1.198309
v -10.248064 9.379961 -1.198309
v -10.248064 9.379961 -0.885048
v -10.248064 9.379961 -2.018437
v -10.248064 9.379961 -1.794167
v -10.248064 9.379961 -0.378182
v -10.248064 9.379961 -1.511570
v -11.068191 9.379961 -1.794167
v -10.248064 9.379961 -0.602452
v -10.248064 8.593357 -0.602452
v -10.248064 8.593357 -0.885048
v -10.248064 8.593357 -1.198309
v -10.248064 8.593357 -1.511570
v -10.248064 8.593357 -0.378182
v -10.248064 8.593357 -1.794167
v -10.248064 8.593357 -2.018437
v 0.003109 5.010420 -8.612029
v 0.003109 5.010420 -8.642304
v -0.112481 5.237278 -8.642304
v -0.112481 5.237278 -8.612029
v -0.112481 5.237278 -8.191957
v -0.112481 5.237278 -8.158975
v 0.003109 5.010420 -8.158975
v 0.003109 5.010420 -8.191957
v -0.292516 5.417313 -8.642304
v -0.292516 5.417313 -8.612029
v -0.292516 5.417313 -8.191957
v -0.292516 5.417313 -8.158975
v -0.519374 5.532904 -8.642304
v -0.519374 5.532904 -8.612029
v -0.519374 5.532904 -8.191957
v -0.519374 5.532904 -8.158975
v -0.770847 5.572732 -8.642304
v -0.770847 5.572732 -8.612029
v -0.770847 5.572732 -8.191957
v -0.770847 5.572732 -8.158975
v -0.802134 5.770269 -8.612029
v -0.802134 5.770269 -8.642304
v -0.821334 5.766890 -8.642304
v -1.083363 5.720772 -8.642304
v -1.083363 5.720772 -8.612029
v -1.083363 5.720772 -8.191957
v -1.083363 5.720772 -8.158975
v -0.821334 5.766890 -8.158975
v -0.802134 5.770269 -8.158975
v -0.802134 5.770269 -8.191957
v -1.312039 5.609151 -8.642304
v -1.339977 5.595513 -8.642304
v -1.339977 5.595513 -8.612029
v -1.339977 5.595513 -8.191957
v -1.339977 5.595513 -8.158975
v -1.312039 5.609151 -8.158975
v -1.249178 5.417313 -8.191957
v -1.249178 5.417313 -8.612029
v -1.249178 5.417313 -8.642304
v -1.346397 5.320093 -8.642304
v -1.357199 5.309292 -8.642304
v -1.357199 5.309292 -8.612029
v -1.357199 5.309292 -8.191957
v -1.357199 5.309292 -8.158975
v -1.346397 5.320093 -8.158975
v -1.249178 5.417313 -8.158975
v -1.429214 5.237278 -8.612029
v -1.429214 5.237278 -8.642304
v -1.544803 5.010420 -8.642304
v -1.544803 5.010420 -8.612029
v -1.544803 5.010420 -8.191957
v -1.544803 5.010420 -8.158975
v -1.429214 5.237278 -8.158975
v -1.429214 5.237278 -8.191957
v -1.548786 4.985273 -8.158975
v -1.548786 4.985273 -8.642304
v -1.584633 4.758946 -8.642304
v -1.584633 4.758946 -8.612029
v -1.584633 4.758946 -8.191957
v -1.584633 4.758946 -8.158975
v -1.544803 4.507473 -8.642304
v -1.544803 4.507473 -8.612029
v -1.544803 4.507473 -8.191957
v -1.544803 4.507473 -8.158975
v -1.429214 4.280615 -8.642304
v -1.429214 4.280615 -8.612029
v -1.429214 4.280615 -8.191957
v -1.429214 4.280615 -8.158975
v -1.249178 4.100580 -8.642304
v -1.249178 4.100580 -8.612029
v -1.249178 4.100580 -8.191957
v -1.249178 4.100580 -8.158975
v -1.022321 3.984991 -8.642304
v -1.022321 3.984991 -8.612029
v -1.022321 3.984991 -8.191957
v -1.022321 3.984991 -8.158975
v -0.770847 3.945162 -8.642304
v -0.770847 3.945162 -8.612029
v -0.770847 3.945162 -8.191957
v -0.770847 3.945162 -8.158975
v -0.519374 3.984991 -8.642304
v -0.519374 3.984991 -8.612029
v -0.519374 3.984991 -8.191957
v -0.519374 3.984991 -8.158975
v -0.292516 4.100580 -8.642304
v -0.292516 4.100580 -8.612029
v -0.292516 4.100580 -8.191957
v -0.292516 4.100580 -8.158975
v -0.112481 4.280615 -8.642304
v -0.112481 4.280615 -8.612029
v -0.112481 4.280615 -8.191957
v -0.112481 4.280615 -8.158975
v 0.003109 4.507473 -8.642304
v 0.003109 4.507473 -8.612029
v 0.003109 4.507473 -8.191957
v 0.003109 4.507473 -8.158975
v 0.042938 4.758946 -8.642304
v 0.042938 4.758946 -8.612029
v 0.042938 4.758946 -8.191957
v 0.042938 4.758946 -8.158975
v -0.020527 4.515154 -8.158975
v 0.018086 4.758946 -8.158975
v -0.022505 4.758946 -8.158975
v -0.039901 4.758946 -8.158975
v -0.075676 4.533072 -8.158975
v -0.059131 4.527698 -8.158975
v -0.132586 5.222671 -8.158975
v -0.307123 5.397207 -8.158975
v -0.330982 5.364368 -8.158975
v -0.341208 5.350295 -8.158975
v -0.179499 5.188587 -8.158975
v -0.165425 5.198813 -8.158975
v -0.770847 3.970013 -8.158975
v -0.527053 4.008626 -8.158975
v -0.539597 4.047231 -8.158975
v -0.544972 4.063776 -8.158975
v -0.770847 4.028000 -8.158975
v -0.770847 4.010605 -8.158975
v -0.307124 4.120686 -8.158975
v -0.330983 4.153524 -8.158975
v -0.341208 4.167600 -8.158975
v -0.020526 5.002741 -8.158975
v -0.059131 4.990197 -8.158975
v -0.075676 4.984821 -8.158975
v -0.527053 5.509268 -8.158975
v -0.539597 5.470663 -8.158975
v -0.544972 5.454118 -8.158975
v -0.770847 5.547880 -8.158975
v -0.770847 5.507290 -8.158975
v -0.770847 5.489893 -8.158975
v -0.788016 5.570013 -8.158975
v -1.022321 5.532904 -8.158975
v -1.014641 5.509268 -8.158975
v -1.002098 5.470663 -8.158975
v -0.996722 5.454118 -8.158975
v -0.786268 5.487451 -8.158975
v -1.224480 5.429897 -8.158975
v -1.234571 5.397207 -8.158975
v -1.210712 5.364368 -8.158975
v -1.200487 5.350294 -8.158975
v -1.178303 5.361598 -8.158975
v -1.287809 5.226300 -8.158975
v -1.339293 5.280261 -8.158975
v -1.310046 5.232844 -8.158975
v -1.297512 5.212523 -8.158975
v -1.402232 5.217322 -8.158975
v -1.510854 5.008852 -8.158975
v -1.455404 5.006292 -8.158975
v -1.431639 5.005195 -8.158975
v -1.339276 5.170759 -8.158975
v -1.358163 5.184729 -8.158975
v -1.515747 4.983862 -8.158975
v -1.461782 4.981558 -8.158975
v -1.438655 4.980570 -8.158975
v -1.559781 4.758946 -8.158975
v -1.521168 4.515154 -8.158975
v -1.482563 4.527698 -8.158975
v -1.466019 4.533072 -8.158975
v -1.501794 4.758946 -8.158975
v -1.519190 4.758946 -8.158975
v -1.014641 4.008626 -8.158975
v -0.996722 4.063776 -8.158975
v -1.002098 4.047231 -8.158975
v -1.234571 4.120686 -8.158975
v -1.200487 4.167600 -8.158975
v -1.210712 4.153524 -8.158975
v -0.132586 4.295223 -8.158975
v -0.179499 4.329308 -8.158975
v -0.165425 4.319082 -8.158975
v -1.409108 4.295223 -8.158975
v -1.376269 4.319082 -8.158975
v -1.362195 4.329308 -8.158975
v -0.179499 4.329308 -8.642304
v -0.075676 4.533072 -8.642304
v -0.039901 4.758946 -8.642304
v -0.075676 4.984821 -8.642304
v -0.544972 4.063776 -8.642304
v -0.341208 4.167600 -8.642304
v -0.770847 4.028000 -8.642304
v -0.179499 5.188587 -8.642304
v -0.544972 5.454118 -8.642304
v -0.770847 5.489893 -8.642304
v -0.341208 5.350295 -8.642304
v -0.996722 4.063776 -8.642304
v -1.200487 4.167600 -8.642304
v -1.362195 4.329308 -8.642304
v -1.466019 4.533072 -8.642304
v -1.501794 4.758946 -8.642304
v -1.431639 5.005195 -8.642304
v -1.438655 4.980570 -8.642304
v -1.339276 5.170759 -8.642304
v -1.200487 5.350294 -8.642304
v -1.287809 5.226300 -8.642304
v -1.297512 5.212523 -8.642304
v -1.224480 5.429897 -8.642304
v -1.022321 5.532904 -8.642304
v -0.996722 5.454118 -8.642304
v -1.178303 5.361598 -8.642304
v -0.788016 5.570013 -8.642304
v -0.786268 5.487451 -8.642304
v -0.259507 4.592802 -8.555305
v -0.259507 4.592802 -8.642304
v -0.335875 4.442921 -8.642304
v -0.335875 4.442921 -8.555305
v -0.335875 4.442921 -8.207308
v -0.335875 4.442921 -8.158975
v -0.259507 4.592802 -8.158975
v -0.259507 4.592802 -8.207308
v -0.259507 4.925091 -8.555305
v -0.259507 4.925091 -8.642304
v -0.233192 4.758946 -8.642304
v -0.233192 4.758946 -8.555305
v -0.233192 4.758946 -8.207308
v -0.233192 4.758946 -8.158975
v -0.259507 4.925091 -8.158975
v -0.259507 4.925091 -8.207308
v -0.454821 4.323975 -8.555305
v -0.454821 4.323975 -8.642304
v -0.604703 4.247606 -8.642304
v -0.604703 4.247606 -8.555305
v -0.604703 4.247606 -8.207308
v -0.604703 4.247606 -8.158975
v -0.454821 4.323975 -8.158975
v -0.454821 4.323975 -8.207308
v -0.770847 4.221292 -8.642304
v -0.770847 4.221292 -8.555305
v -0.770847 4.221292 -8.207308
v -0.770847 4.221292 -8.158975
v -0.335875 5.074973 -8.555305
v -0.335875 5.074973 -8.642304
v -0.335875 5.074973 -8.158975
v -0.335875 5.074973 -8.207308
v -0.770847 5.296602 -8.555305
v -0.770847 5.296602 -8.642304
v -0.604703 5.270288 -8.642304
v -0.604703 5.270288 -8.555305
v -0.604703 5.270288 -8.207308
v -0.604703 5.270288 -8.158975
v -0.770847 5.296602 -8.158975
v -0.770847 5.296602 -8.207308
v -0.454821 5.193920 -8.642304
v -0.454821 5.193920 -8.555305
v -0.454821 5.193920 -8.207308
v -0.454821 5.193920 -8.158975
v -0.936992 4.247606 -8.642304
v -0.936992 4.247606 -8.555305
v -0.936992 4.247606 -8.207308
v -0.936992 4.247606 -8.158975
v -1.086873 4.323975 -8.642304
v -1.086873 4.323975 -8.555305
v -1.086873 4.323975 -8.207308
v -1.086873 4.323975 -8.158975
v -1.205819 4.442921 -8.642304
v -1.205819 4.442921 -8.555305
v -1.205819 4.442921 -8.207308
v -1.205819 4.442921 -8.158975
v -1.282188 4.592802 -8.642304
v -1.282188 4.592802 -8.555305
v -1.282188 4.592802 -8.207308
v -1.282188 4.592802 -8.158975
v -1.308502 4.758946 -8.642304
v -1.308502 4.758946 -8.555305
v -1.308502 4.758946 -8.207308
v -1.308502 4.758946 -8.158975
v -1.284819 4.908477 -8.642304
v -1.282188 4.925091 -8.642304
v -1.282188 4.925091 -8.555305
v -1.282188 4.925091 -8.207308
v -1.282188 4.925091 -8.158975
v -1.284819 4.908477 -8.158975
v -1.158241 5.122551 -8.208975
v -1.158241 5.122551 -8.568973
v -1.158241 5.122551 -8.658972
v -1.151104 5.129688 -8.657305
v -1.086873 5.193918 -8.642304
v -1.086873 5.193918 -8.555305
v -1.086873 5.193918 -8.207308
v -1.086873 5.193918 -8.158975
v -1.151104 5.129688 -8.158975
v -1.158241 5.122551 -8.158975
v -1.070555 5.202232 -8.642304
v -0.936992 5.270288 -8.642304
v -0.936992 5.270288 -8.555305
v -0.936992 5.270288 -8.207308
v -0.936992 5.270288 -8.158975
v -1.070555 5.202232 -8.158975
v -0.782190 5.294806 -8.555305
v -0.782190 5.294806 -8.642304
v -0.782190 5.294806 -8.158975
v -0.782190 5.294806 -8.207308
v -0.241124 4.586829 -8.158975
v -0.320238 4.431560 -8.158975
v -0.443460 4.308336 -8.158975
v -0.598730 4.229223 -8.158975
v -0.770847 4.201962 -8.158975
v -0.942965 4.229223 -8.158975
v -1.098234 4.308336 -8.158975
v -1.221457 4.431560 -8.158975
v -1.300571 4.586829 -8.158975
v -1.327832 4.758946 -8.158975
v -1.300203 4.915686 -8.158975
v -1.297133 4.933102 -8.158975
v -1.126411 5.248339 -8.158975
v -1.172168 5.131549 -8.158975
v -0.942965 5.288671 -8.158975
v -0.770847 5.315932 -8.158975
v -0.598730 5.288671 -8.158975
v -0.443460 5.209557 -8.158975
v -0.320237 5.086334 -8.158975
v -0.241123 4.931065 -8.158975
v -0.213863 4.758946 -8.158975
v -0.241124 4.586829 -8.642304
v -0.213863 4.758946 -8.642304
v -0.241123 4.931065 -8.642304
v -0.320237 5.086334 -8.642304
v -0.443460 5.209557 -8.642304
v -0.598730 5.288671 -8.642304
v -0.770847 5.315932 -8.642304
v -0.942965 5.288671 -8.642304
v -1.098234 5.209557 -8.642304
v -1.172168 5.131549 -8.657305
v -1.297133 4.933102 -8.642304
v -1.327832 4.758946 -8.642304
v -1.300571 4.586829 -8.642304
v -1.221457 4.431560 -8.642304
v -1.098234 4.308336 -8.642304
v -0.942965 4.229223 -8.642304
v -0.770847 4.201962 -8.642304
v -0.598730 4.229223 -8.642304
v -0.443460 4.308336 -8.642304
v -0.320238 4.431560 -8.642304
v -1.431639 5.005195 -8.207308
v -1.431639 5.005195 -8.555305
v -1.339276 5.170759 -8.555305
v -1.339276 5.170759 -8.207308
v -1.297512 5.212523 -8.207308
v -1.297512 5.212523 -8.555305
v -0.799022 5.750625 -8.642304
v -1.077292 5.702087 -8.642304
v -0.799022 5.750625 -8.158975
v -0.818021 5.747310 -8.158975
v -1.077292 5.702087 -8.158975
v -1.330946 5.577790 -8.642304
v -1.330946 5.577790 -8.158975
v -1.303331 5.591323 -8.158975
v 0.013532 7.343237 -8.191957
v 0.013532 7.343237 -8.612029
v 0.013532 7.343237 -8.642304
v -0.029441 7.594193 -8.642304
v -0.029441 7.594193 -8.612029
v -0.029441 7.594193 -8.191957
v -0.029441 7.594193 -8.158975
v 0.013532 7.343237 -8.158975
v -0.147861 7.819586 -8.642304
v -0.147861 7.819586 -8.612029
v -0.147861 7.819586 -8.191957
v -0.147861 7.819586 -8.158975
v -0.330135 7.997354 -8.642304
v -0.330135 7.997354 -8.612029
v -0.330135 7.997354 -8.191957
v -0.330135 7.997354 -8.158975
v -0.558421 8.110096 -8.642304
v -0.558421 8.110096 -8.612029
v -0.558421 8.110096 -8.191957
v -0.558421 8.110096 -8.158975
v -0.548946 8.310486 -8.158975
v -0.529608 8.308008 -8.158975
v -0.529609 8.308009 -8.191957
v -0.529609 8.308009 -8.612029
v -0.529608 8.308008 -8.642304
v -0.548946 8.310486 -8.642304
v -0.812845 8.344297 -8.642304
v -0.812845 8.344297 -8.612029
v -0.812845 8.344297 -8.191957
v -0.812845 8.344297 -8.158975
v -1.064358 8.305654 -8.642304
v -1.095086 8.300932 -8.642304
v -1.095086 8.300932 -8.612029
v -1.095086 8.300932 -8.191957
v -1.095086 8.300932 -8.158975
v -1.064358 8.305654 -8.158975
v -1.061329 8.103802 -8.612029
v -1.061329 8.103802 -8.642304
v -1.183042 8.039855 -8.642304
v -1.196565 8.032750 -8.642304
v -1.196565 8.032750 -8.612029
v -1.196565 8.032750 -8.191957
v -1.196565 8.032750 -8.158975
v -1.183042 8.039855 -8.158975
v -1.061329 8.103802 -8.158975
v -1.061329 8.103802 -8.191957
v -1.286722 7.985382 -8.612029
v -1.286723 7.985382 -8.642304
v -1.464491 7.803108 -8.642304
v -1.464491 7.803108 -8.612029
v -1.464491 7.803108 -8.191957
v -1.464491 7.803108 -8.158975
v -1.286723 7.985382 -8.158975
v -1.286723 7.985382 -8.191957
v -1.475765 7.780280 -8.642304
v -1.577233 7.574822 -8.642304
v -1.577233 7.574822 -8.612029
v -1.577233 7.574822 -8.191957
v -1.577233 7.574822 -8.158975
v -1.475765 7.780280 -8.158975
v -1.613913 7.322870 -8.642304
v -1.613913 7.322870 -8.612029
v -1.613913 7.322870 -8.191957
v -1.613913 7.322870 -8.158975
v -1.570939 7.071915 -8.642304
v -1.570939 7.071915 -8.612029
v -1.570939 7.071915 -8.191957
v -1.570939 7.071915 -8.158975
v -1.452520 6.846521 -8.642304
v -1.452520 6.846521 -8.612029
v -1.452520 6.846521 -8.191957
v -1.452520 6.846521 -8.158975
v -1.270246 6.668753 -8.642304
v -1.270246 6.668753 -8.612029
v -1.270246 6.668753 -8.191957
v -1.270246 6.668753 -8.158975
v -1.041960 6.556011 -8.642304
v -1.041960 6.556011 -8.612029
v -1.041960 6.556011 -8.191957
v -1.041960 6.556011 -8.158975
v -0.790008 6.519331 -8.642304
v -0.790008 6.519331 -8.612029
v -0.790008 6.519331 -8.191957
v -0.790008 6.519331 -8.158975
v -0.539052 6.562304 -8.642304
v -0.539052 6.562304 -8.612029
v -0.539052 6.562304 -8.191957
v -0.539052 6.562304 -8.158975
v -0.313659 6.680724 -8.642304
v -0.313659 6.680724 -8.612029
v -0.313659 6.680724 -8.191957
v -0.313659 6.680724 -8.158975
v -0.135890 6.862999 -8.642304
v -0.135890 6.862999 -8.612029
v -0.135890 6.862999 -8.191957
v -0.135890 6.862999 -8.158975
v -0.023149 7.091284 -8.642304
v -0.023149 7.091284 -8.612029
v -0.023149 7.091284 -8.191957
v -0.023149 7.091284 -8.158975
v -0.156177 6.877354 -8.158975
v -0.046878 7.098668 -8.158975
v -0.085637 7.110727 -8.158975
v -0.102247 7.115895 -8.158975
v -0.203513 6.910847 -8.158975
v -0.189312 6.900799 -8.158975
v -0.052979 7.586218 -8.158975
v -0.167782 7.804729 -8.158975
v -0.200320 7.780459 -8.158975
v -0.214265 7.770060 -8.158975
v -0.107900 7.567610 -8.158975
v -0.091423 7.573192 -8.158975
v -1.034577 6.579741 -8.158975
v -0.790319 6.544182 -8.158975
v -0.790826 6.584770 -8.158975
v -0.791044 6.602164 -8.158975
v -1.017349 6.635111 -8.158975
v -1.022517 6.618500 -8.158975
v -0.547027 6.585842 -8.158975
v -0.560052 6.624287 -8.158975
v -0.565635 6.640762 -8.158975
v -0.011318 7.342925 -8.158975
v -0.051906 7.342417 -8.158975
v -0.069301 7.342199 -8.158975
v -0.344490 7.977067 -8.158975
v -0.367936 7.943932 -8.158975
v -0.377984 7.929731 -8.158975
v -0.565804 8.086367 -8.158975
v -0.577864 8.047606 -8.158975
v -0.583032 8.030997 -8.158975
v -0.598483 8.033246 -8.158975
v -0.575623 8.112599 -8.158975
v -0.810373 8.146775 -8.158975
v -0.810063 8.121925 -8.158975
v -0.809555 8.081337 -8.158975
v -0.809337 8.063942 -8.158975
v -1.034007 8.108481 -8.158975
v -1.053354 8.080264 -8.158975
v -1.040329 8.041820 -8.158975
v -1.034746 8.025343 -8.158975
v -1.010206 8.029546 -8.158975
v -1.188092 7.999710 -8.158975
v -1.174253 7.945745 -8.158975
v -1.168322 7.922618 -8.158975
v -1.154964 7.932891 -8.158975
v -1.266888 7.958312 -8.158975
v -1.432540 7.791526 -8.158975
v -1.380354 7.772608 -8.158975
v -1.357989 7.764499 -8.158975
v -1.220608 7.895148 -8.158975
v -1.234491 7.914098 -8.158975
v -1.553503 7.567439 -8.158975
v -1.514745 7.555380 -8.158975
v -1.498134 7.550211 -8.158975
v -1.372003 7.743071 -8.158975
v -1.589063 7.323181 -8.158975
v -1.548475 7.323689 -8.158975
v -1.531080 7.323908 -8.158975
v -1.255891 6.689039 -8.158975
v -1.222396 6.736376 -8.158975
v -1.232445 6.722176 -8.158975
v -1.432599 6.861381 -8.158975
v -1.386116 6.896048 -8.158975
v -1.400061 6.885648 -8.158975
v -0.328517 6.700645 -8.158975
v -0.363185 6.747128 -8.158975
v -0.352785 6.733183 -8.158975
v -1.547402 7.079889 -8.158975
v -1.508957 7.092915 -8.158975
v -1.492481 7.098497 -8.158975
v -0.203513 6.910847 -8.642304
v -0.363185 6.747128 -8.642304
v -0.467191 6.886576 -8.642304
v -0.478747 6.902069 -8.642304
v -0.361298 7.022495 -8.642304
v -0.345520 7.011332 -8.642304
v -0.069301 7.342199 -8.642304
v -0.102247 7.115895 -8.642304
v -0.268355 7.167578 -8.642304
v -0.286811 7.173320 -8.642304
v -0.262577 7.339781 -8.642304
v -0.243250 7.340023 -8.642304
v -0.565635 6.640762 -8.642304
v -0.791044 6.602164 -8.642304
v -0.793221 6.776114 -8.642304
v -0.793463 6.795441 -8.642304
v -0.627661 6.823833 -8.642304
v -0.621458 6.805525 -8.642304
v -1.017349 6.635111 -8.642304
v -0.965666 6.801218 -8.642304
v -0.959924 6.819674 -8.642304
v -0.107900 7.567610 -8.642304
v -0.290969 7.505583 -8.642304
v -0.272662 7.511786 -8.642304
v -0.583032 8.030997 -8.642304
v -0.377984 7.929731 -8.642304
v -0.478467 7.787724 -8.642304
v -0.489632 7.771947 -8.642304
v -0.640457 7.846433 -8.642304
v -0.634715 7.864889 -8.642304
v -0.214265 7.770060 -8.642304
v -0.353712 7.666054 -8.642304
v -0.369207 7.654498 -8.642304
v -1.222396 6.736376 -8.642304
v -1.121913 6.878383 -8.642304
v -1.110749 6.894161 -8.642304
v -1.386116 6.896048 -8.642304
v -1.246668 7.000053 -8.642304
v -1.231174 7.011610 -8.642304
v -1.492481 7.098497 -8.642304
v -1.327719 7.154321 -8.642304
v -1.309412 7.160522 -8.642304
v -1.531080 7.323908 -8.642304
v -1.357131 7.326084 -8.642304
v -1.337804 7.326326 -8.642304
v -1.498134 7.550211 -8.642304
v -1.332026 7.498529 -8.642304
v -1.313570 7.492786 -8.642304
v -1.357989 7.764499 -8.642304
v -1.250974 7.655701 -8.642304
v -1.239083 7.643612 -8.642304
v -1.246532 7.628529 -8.642304
v -1.220608 7.895148 -8.642304
v -1.034746 8.025343 -8.642304
v -1.154964 7.932891 -8.642304
v -1.168322 7.922618 -8.642304
v -1.034007 8.108481 -8.642304
v -0.810373 8.146775 -8.642304
v -0.809337 8.063942 -8.642304
v -0.807160 7.889994 -8.642304
v -0.806918 7.870667 -8.642304
v -0.954670 7.845366 -8.642304
v -0.972721 7.842275 -8.642304
v -0.978923 7.860581 -8.642304
v -0.575623 8.112599 -8.642304
v -0.651822 7.848087 -8.642304
v -0.361298 7.022495 -8.555305
v -0.478747 6.902069 -8.555305
v -0.478747 6.902069 -8.207308
v -0.478747 6.902069 -8.158975
v -0.361298 7.022495 -8.158975
v -0.361298 7.022495 -8.207308
v -0.262577 7.339781 -8.555305
v -0.286811 7.173320 -8.555305
v -0.286811 7.173320 -8.207308
v -0.286811 7.173320 -8.158975
v -0.262577 7.339781 -8.158975
v -0.262577 7.339781 -8.207308
v -0.627661 6.823833 -8.555305
v -0.793463 6.795441 -8.555305
v -0.793463 6.795441 -8.207308
v -0.793463 6.795441 -8.158975
v -0.627661 6.823833 -8.158975
v -0.627661 6.823833 -8.207308
v -0.959924 6.819674 -8.555305
v -0.959924 6.819674 -8.207308
v -0.959924 6.819674 -8.158975
v -0.290969 7.505583 -8.555305
v -0.290969 7.505583 -8.158975
v -0.290969 7.505583 -8.207308
v -0.640457 7.846433 -8.555305
v -0.489632 7.771947 -8.555305
v -0.489632 7.771947 -8.207308
v -0.489632 7.771947 -8.158975
v -0.640457 7.846433 -8.158975
v -0.640457 7.846433 -8.207308
v -0.369207 7.654498 -8.555305
v -0.369207 7.654498 -8.207308
v -0.369207 7.654498 -8.158975
v -1.110749 6.894161 -8.555305
v -1.110749 6.894161 -8.207308
v -1.110749 6.894161 -8.158975
v -1.231174 7.011610 -8.555305
v -1.231174 7.011610 -8.207308
v -1.231174 7.011610 -8.158975
v -1.309412 7.160522 -8.555305
v -1.309412 7.160522 -8.207308
v -1.309412 7.160522 -8.158975
v -1.337804 7.326326 -8.555305
v -1.337804 7.326326 -8.207308
v -1.337804 7.326326 -8.158975
v -1.313570 7.492786 -8.555305
v -1.313570 7.492786 -8.207308
v -1.313570 7.492786 -8.158975
v -1.239083 7.643612 -8.555305
v -1.239083 7.643612 -8.207308
v -1.239083 7.643612 -8.158975
v -1.246532 7.628529 -8.158975
v -1.062069 7.795332 -8.208975
v -1.062069 7.795332 -8.568973
v -1.062069 7.795332 -8.658972
v -1.053134 7.800026 -8.657305
v -0.972721 7.842275 -8.555305
v -0.972721 7.842275 -8.207308
v -0.972721 7.842275 -8.158975
v -1.053134 7.800026 -8.158975
v -1.062069 7.795332 -8.158975
v -0.806918 7.870667 -8.555305
v -0.806918 7.870667 -8.207308
v -0.806918 7.870667 -8.158975
v -0.954670 7.845366 -8.158975
v -0.651822 7.848087 -8.555305
v -0.651822 7.848087 -8.158975
v -0.651822 7.848087 -8.207308
v -0.345519 7.011332 -8.158975
v -0.467191 6.886576 -8.158975
v -0.621458 6.805525 -8.158975
v -0.793221 6.776114 -8.158975
v -0.965666 6.801218 -8.158975
v -1.121913 6.878383 -8.158975
v -1.246668 7.000053 -8.158975
v -1.327719 7.154321 -8.158975
v -1.357131 7.326084 -8.158975
v -1.332026 7.498529 -8.158975
v -1.250974 7.655701 -8.158975
v -0.994306 7.905983 -8.158975
v -1.072694 7.808061 -8.158975
v -0.807160 7.889994 -8.158975
v -0.634715 7.864889 -8.158975
v -0.478467 7.787724 -8.158975
v -0.353712 7.666054 -8.158975
v -0.272662 7.511786 -8.158975
v -0.243250 7.340023 -8.158975
v -0.268355 7.167578 -8.158975
v -1.072694 7.808061 -8.657305
v -1.357989 7.764499 -8.555305
v -1.220608 7.895148 -8.555305
v -1.220608 7.895148 -8.207308
v -1.357989 7.764499 -8.207308
v -1.168322 7.922618 -8.555305
v -1.168322 7.922618 -8.207308
v -0.532474 8.288325 -8.642304
v -0.812600 8.324653 -8.642304
v -0.812600 8.324653 -8.158975
v -0.532474 8.288325 -8.158975
v -1.091729 8.281326 -8.642304
v -1.091729 8.281326 -8.158975
v -1.525254 35.068031 -8.167758
v -1.525254 35.068031 -8.634671
v -1.525254 35.068031 -8.668322
v -1.548509 34.785988 -8.668322
v -1.548509 34.785988 -8.634671
v -1.548509 34.785988 -8.167758
v -1.548509 34.785988 -8.131100
v -1.525254 35.068031 -8.131100
v -1.483471 34.510567 -8.668322
v -1.483471 34.510567 -8.634671
v -1.483471 34.510567 -8.167758
v -1.483471 34.510567 -8.131100
v -1.336505 34.268723 -8.668322
v -1.336505 34.268723 -8.634671
v -1.336505 34.268723 -8.167758
v -1.336505 34.268723 -8.131100
v -1.121998 34.084129 -8.668322
v -1.121998 34.084129 -8.131100
v -1.207834 33.879066 -8.668322
v -0.912999 33.761551 -8.668322
v -0.912999 33.761551 -8.131100
v -1.207834 33.879066 -8.131100
v -0.631558 33.733479 -8.131100
v -0.597174 33.730049 -8.668322
v -0.597174 33.730049 -8.131100
v -0.413653 33.990623 -8.131100
v -0.578907 33.951599 -8.131100
v -0.578907 33.951599 -8.668322
v -0.413653 33.990623 -8.668322
v -0.061638 34.163605 -8.131100
v -0.061638 34.163605 -8.668322
v 0.122955 34.378109 -8.668322
v 0.122955 34.378109 -8.131100
v 0.232228 34.639160 -8.668322
v 0.232228 34.639160 -8.131100
v 0.255484 34.921200 -8.668322
v 0.255484 34.921200 -8.131100
v 0.190445 35.196625 -8.668322
v 0.190445 35.196625 -8.131100
v 0.043480 35.438469 -8.668322
v 0.043480 35.438469 -8.634671
v 0.043480 35.438469 -8.131100
v -0.171027 35.623062 -8.668322
v -0.171027 35.623062 -8.634671
v -0.171027 35.623062 -8.167758
v -0.171027 35.623062 -8.131100
v -0.432078 35.732338 -8.668322
v -0.432078 35.732338 -8.634671
v -0.432078 35.732338 -8.167758
v -0.432078 35.732338 -8.131100
v -0.714119 35.755592 -8.668322
v -0.714119 35.755592 -8.634671
v -0.714119 35.755592 -8.167758
v -0.714119 35.755592 -8.131100
v -0.989542 35.690552 -8.668322
v -0.989542 35.690552 -8.634671
v -0.989542 35.690552 -8.167758
v -0.989542 35.690552 -8.131100
v -1.231387 35.543587 -8.668322
v -1.231387 35.543587 -8.634671
v -1.231387 35.543587 -8.167758
v -1.231387 35.543587 -8.131100
v -1.415981 35.329082 -8.668322
v -1.415981 35.329082 -8.634671
v -1.415981 35.329082 -8.167758
v -1.415981 35.329082 -8.131100
v -0.492666 34.283443 -8.131100
v -0.601846 34.257660 -8.131100
v -0.413549 34.116997 -8.131100
v -0.165586 34.234665 -8.668322
v -0.349657 34.132084 -8.668322
v -0.303483 34.016640 -8.668322
v -0.413549 34.116997 -8.668322
v -1.032930 35.309464 -8.668322
v -0.873147 35.406559 -8.668322
v -0.873147 35.406559 -8.131100
v -1.032930 35.309464 -8.131100
v -1.227083 34.995270 -8.668322
v -1.154888 35.167740 -8.668322
v -1.154888 35.167740 -8.131100
v -1.227083 34.995270 -8.131100
v -0.691179 35.449532 -8.668322
v -0.504839 35.434166 -8.668322
v -0.504839 35.434166 -8.131100
v -0.691179 35.449532 -8.131100
v -0.332367 35.361969 -8.668322
v -0.332367 35.361969 -8.131100
v -1.242447 34.808929 -8.668322
v -1.242447 34.808929 -8.131100
v -0.960659 34.345219 -8.668322
v -1.102380 34.467178 -8.668322
v -1.102380 34.467178 -8.131100
v -0.960659 34.345219 -8.131100
v -1.199478 34.626961 -8.668322
v -1.199478 34.626961 -8.131100
v -0.190646 35.240013 -8.668322
v -0.190646 35.240013 -8.131100
v -0.093548 35.080231 -8.668322
v -0.093548 35.080231 -8.131100
v -0.050578 34.898262 -8.668322
v -0.050578 34.898262 -8.131100
v -0.065943 34.711922 -8.668322
v -0.065943 34.711922 -8.131100
v -0.138137 34.539452 -8.668322
v -0.138137 34.539452 -8.131100
v -0.492666 34.283443 -8.586813
v -0.492666 34.283443 -8.686848
v -0.601846 34.257660 -8.668322
v -0.788186 34.273026 -8.668322
v -0.788186 34.273026 -8.131100
v -0.303483 34.016640 -8.131100
v -0.349657 34.132084 -8.131100
v -0.165586 34.234665 -8.131100
v -0.860948 33.974854 -8.131100
v -1.046822 35.325851 -8.668322
v -1.173164 35.179035 -8.668322
v -1.247955 35.000362 -8.668322
v -1.263872 34.807323 -8.668322
v -1.219357 34.618813 -8.668322
v -0.860948 33.974854 -8.668322
v -0.260095 34.397728 -8.668322
v -0.045071 34.706829 -8.668322
v -0.029154 34.899868 -8.668322
v -0.073668 35.088379 -8.668322
v -0.174257 35.253906 -8.668322
v -0.321073 35.380249 -8.668322
v -0.499746 35.455036 -8.668322
v -0.692785 35.470955 -8.668322
v -0.881294 35.426441 -8.668322
v -0.165586 34.234665 -8.571622
v -0.165586 34.234665 -8.184821
v -0.260095 34.397728 -8.131100
v -0.484754 34.266800 -8.585294
v -0.413549 34.116997 -8.571622
v -0.349657 34.132084 -8.571622
v -0.413549 34.116997 -8.184821
v -0.349658 34.132084 -8.192311

# UV coordinates
vt 0.032065 0.705076
vt 0.032066 0.699831
vt 0.036258 0.699796
vt 0.036521 0.705059
vt 0.036569 0.706005
vt 0.032065 0.706017
vt 0.040407 0.699660
vt 0.040970 0.704990
vt 0.041073 0.705962
vt 0.044440 0.699314
vt 0.045399 0.704766
vt 0.045580 0.705854
vt 0.978156 0.798255
vt 0.977457 0.803641
vt 0.973412 0.803427
vt 0.973720 0.798116
vt 0.973776 0.797152
vt 0.978286 0.797217
vt 0.969274 0.803370
vt 0.969273 0.798088
vt 0.969273 0.797137
vt 0.965135 0.803427
vt 0.964826 0.798117
vt 0.964770 0.797153
vt 0.961090 0.803642
vt 0.960390 0.798257
vt 0.960260 0.797219
vt 0.009963 0.821172
vt 0.010921 0.815720
vt 0.014954 0.816066
vt 0.014392 0.821396
vt 0.014289 0.822368
vt 0.009782 0.822259
vt 0.019101 0.816203
vt 0.018840 0.821465
vt 0.018793 0.822410
vt 0.023287 0.816241
vt 0.023296 0.821484
vt 0.023298 0.822423
vt 0.026460 0.816200
vt 0.026263 0.821464
vt 0.026228 0.822412
vt 0.026244 0.913435
vt 0.026231 0.822962
vt 0.029333 0.822394
vt 0.029337 0.822949
vt 0.029351 0.913446
vt 0.029344 0.914482
vt 0.026237 0.914461
vt 0.029249 0.821441
vt 0.028788 0.816172
vt 0.031614 0.816069
vt 0.032165 0.821397
vt 0.032265 0.822367
vt 0.035643 0.815721
vt 0.036594 0.821170
vt 0.036774 0.822257
vt 0.960380 0.587906
vt 0.961080 0.582521
vt 0.965124 0.582734
vt 0.964817 0.588045
vt 0.964761 0.589009
vt 0.960251 0.588944
vt 0.969263 0.582791
vt 0.969264 0.588073
vt 0.969264 0.589024
vt 0.973402 0.582734
vt 0.973710 0.588044
vt 0.973767 0.589008
vt 0.977447 0.582519
vt 0.978146 0.587905
vt 0.978277 0.588942
vt 0.018732 0.704764
vt 0.019692 0.699312
vt 0.023725 0.699659
vt 0.023161 0.704989
vt 0.023058 0.705961
vt 0.018551 0.705852
vt 0.027874 0.699796
vt 0.027610 0.705058
vt 0.027562 0.706004
vt 0.040993 0.798760
vt 0.040390 0.804423
vt 0.036246 0.804278
vt 0.036528 0.798687
vt 0.036560 0.798061
vt 0.041060 0.798117
vt 0.032058 0.804239
vt 0.032059 0.798668
vt 0.032059 0.798045
vt 0.045444 0.798991
vt 0.044421 0.804778
vt 0.045563 0.798273
vt 0.973727 0.704414
vt 0.973397 0.698772
vt 0.977439 0.698553
vt 0.978185 0.704271
vt 0.978270 0.704956
vt 0.973763 0.705052
vt 0.969265 0.704444
vt 0.969264 0.698832
vt 0.969265 0.705074
vt 0.964803 0.704414
vt 0.965132 0.698772
vt 0.964767 0.705052
vt 0.960345 0.704272
vt 0.961089 0.698555
vt 0.960260 0.704958
vt 0.014375 0.915165
vt 0.014976 0.920826
vt 0.010946 0.921182
vt 0.009924 0.915395
vt 0.009805 0.914677
vt 0.014307 0.914522
vt 0.018839 0.915091
vt 0.019118 0.920680
vt 0.018807 0.914464
vt 0.023310 0.915069
vt 0.023299 0.920638
vt 0.023312 0.914447
vt 0.026201 0.915087
vt 0.025864 0.920659
vt 0.036659 0.915390
vt 0.035646 0.921174
vt 0.031620 0.920819
vt 0.032207 0.915159
vt 0.032272 0.914517
vt 0.036777 0.914672
vt 0.964810 0.681747
vt 0.965140 0.687389
vt 0.961097 0.687608
vt 0.960352 0.681890
vt 0.960267 0.681205
vt 0.964774 0.681110
vt 0.969272 0.681717
vt 0.969272 0.687329
vt 0.969272 0.681087
vt 0.973733 0.681747
vt 0.973405 0.687389
vt 0.973770 0.681109
vt 0.978192 0.681889
vt 0.977447 0.687607
vt 0.978277 0.681203
vt 0.023125 0.798759
vt 0.023726 0.804422
vt 0.019695 0.804776
vt 0.018673 0.798989
vt 0.018554 0.798271
vt 0.023057 0.798116
vt 0.027589 0.798686
vt 0.027871 0.804278
vt 0.027557 0.798060
vt 0.036566 0.797036
vt 0.036572 0.706554
vt 0.041081 0.706528
vt 0.041076 0.797060
vt 0.045596 0.706499
vt 0.045592 0.797087
vt 0.978293 0.706082
vt 0.978299 0.796607
vt 0.973783 0.796592
vt 0.973776 0.706096
vt 0.969273 0.796585
vt 0.969265 0.706103
vt 0.964763 0.796593
vt 0.964754 0.706097
vt 0.960247 0.796609
vt 0.960237 0.706084
vt 0.009776 0.913492
vt 0.009766 0.822905
vt 0.014281 0.822934
vt 0.014292 0.913465
vt 0.018790 0.822959
vt 0.018802 0.913440
vt 0.023297 0.822968
vt 0.023309 0.913431
vt 0.032274 0.822932
vt 0.032288 0.913462
vt 0.036790 0.822902
vt 0.036804 0.913487
vt 0.960244 0.680079
vt 0.960237 0.589554
vt 0.964753 0.589569
vt 0.964761 0.680065
vt 0.969264 0.589576
vt 0.969272 0.680058
vt 0.973774 0.589568
vt 0.973783 0.680064
vt 0.978290 0.589552
vt 0.978299 0.680077
vt 0.018526 0.797085
vt 0.018534 0.706497
vt 0.023050 0.706527
vt 0.023042 0.797059
vt 0.027559 0.706553
vt 0.027551 0.797035
vt 0.032065 0.706563
vt 0.032059 0.797027
vt 0.974656 0.106203
vt 0.970967 0.106203
vt 0.978064 0.099809
vt 0.980041 0.101786
vt 0.970050 0.091796
vt 0.972811 0.094557
vt 0.964474 0.102894
vt 0.962305 0.099910
vt 0.975573 0.097318
vt 0.967458 0.105063
vt 0.981149 0.102894
vt 0.978164 0.105063
vt 0.967559 0.089305
vt 0.961165 0.096402
vt 0.964482 0.086208
vt 0.965582 0.087328
vt 0.961166 0.092713
vt 0.962305 0.089204
vt 0.970953 0.082911
vt 0.966230 0.084857
vt 0.968819 0.083535
vt 0.974656 0.082911
vt 0.978164 0.084051
vt 0.981148 0.086220
vt 0.983317 0.089204
vt 0.984457 0.092712
vt 0.984457 0.096401
vt 0.983317 0.099910
vt 0.217947 0.113318
vt 0.211554 0.120415
vt 0.209063 0.117924
vt 0.216807 0.109809
vt 0.211655 0.104657
vt 0.203540 0.112401
vt 0.201049 0.109910
vt 0.208146 0.103517
vt 0.206302 0.115162
vt 0.214639 0.106825
vt 0.217947 0.117007
vt 0.216807 0.120515
vt 0.214639 0.123500
vt 0.213531 0.122392
vt 0.211655 0.125668
vt 0.208146 0.126808
vt 0.204457 0.126808
vt 0.200949 0.125668
vt 0.197964 0.123500
vt 0.194656 0.117007
vt 0.195796 0.120515
vt 0.199072 0.107933
vt 0.194656 0.113304
vt 0.195353 0.110919
vt 0.196352 0.109109
vt 0.197969 0.106821
vt 0.204457 0.103517
vt 0.200949 0.104657
vt 0.029086 0.920722
vt 0.029316 0.915114
vt 0.974803 0.107131
vt 0.970820 0.107131
vt 0.963809 0.103559
vt 0.961468 0.100337
vt 0.967032 0.105900
vt 0.981813 0.103559
vt 0.978591 0.105900
vt 0.960237 0.096548
vt 0.960237 0.092565
vt 0.961468 0.088777
vt 0.963809 0.085555
vt 0.965731 0.084070
vt 0.968475 0.082669
vt 0.970820 0.081983
vt 0.974803 0.081983
vt 0.978591 0.083214
vt 0.981813 0.085555
vt 0.984154 0.088777
vt 0.985385 0.092565
vt 0.985385 0.096548
vt 0.984154 0.100336
vt 0.217645 0.109383
vt 0.218876 0.113171
vt 0.208293 0.102589
vt 0.212081 0.103819
vt 0.215304 0.106161
vt 0.218876 0.117154
vt 0.217645 0.120942
vt 0.215304 0.124164
vt 0.212081 0.126505
vt 0.208293 0.127736
vt 0.204310 0.127736
vt 0.200522 0.126505
vt 0.197300 0.124164
vt 0.194959 0.120942
vt 0.193728 0.117154
vt 0.193728 0.113171
vt 0.194491 0.110560
vt 0.195564 0.108615
vt 0.197300 0.106161
vt 0.200522 0.103819
vt 0.204310 0.102589
vt 0.311616 0.104262
vt 0.313787 0.104287
vt 0.313738 0.106168
vt 0.311576 0.106143
vt 0.713572 0.463006
vt 0.713572 0.465070
vt 0.711728 0.465070
vt 0.711728 0.463006
vt 0.011831 0.358567
vt 0.009767 0.358567
vt 0.009766 0.356595
vt 0.011830 0.356595
vt 0.315773 0.103559
vt 0.315704 0.105624
vt 0.229922 0.265279
vt 0.231767 0.265975
vt 0.231767 0.267759
vt 0.229922 0.267237
vt 0.226233 0.266193
vt 0.224389 0.265671
vt 0.224388 0.263190
vt 0.226233 0.263886
vt 0.009766 0.352652
vt 0.009766 0.350681
vt 0.011830 0.350680
vt 0.011830 0.352652
vt 0.708039 0.465070
vt 0.706194 0.465070
vt 0.706194 0.463006
vt 0.708039 0.463006
vt 0.311510 0.109914
vt 0.311478 0.111789
vt 0.309543 0.111747
vt 0.309580 0.109691
vt 0.226234 0.273114
vt 0.224390 0.273114
vt 0.224389 0.270633
vt 0.226234 0.270807
vt 0.319775 0.109414
vt 0.321652 0.109260
vt 0.321595 0.111916
vt 0.319653 0.111913
vt 0.313651 0.111851
vt 0.313677 0.109972
vt 0.315629 0.109873
vt 0.315615 0.111925
vt 0.307609 0.111710
vt 0.307651 0.109474
vt 0.228078 0.266715
vt 0.228078 0.264583
vt 0.009766 0.354624
vt 0.011830 0.354623
vt 0.317757 0.102835
vt 0.317739 0.105074
vt 0.317619 0.112001
vt 0.317641 0.109880
vt 0.709883 0.463419
vt 0.709883 0.463006
vt 0.709883 0.465070
vt 0.224389 0.268152
vt 0.226234 0.268500
vt 0.309615 0.107626
vt 0.311539 0.108028
vt 0.313690 0.108063
vt 0.315567 0.107697
vt 0.319577 0.106909
vt 0.321555 0.106604
vt 0.228079 0.270981
vt 0.228079 0.273114
vt 0.319704 0.102126
vt 0.319659 0.104537
vt 0.309653 0.105566
vt 0.321602 0.104024
vt 0.646726 0.528511
vt 0.648579 0.528511
vt 0.648579 0.530575
vt 0.646726 0.530575
vt 0.474051 0.835125
vt 0.474052 0.833166
vt 0.476116 0.833166
vt 0.476115 0.835125
vt 0.318759 0.109108
vt 0.319234 0.106812
vt 0.644874 0.528511
vt 0.644873 0.530575
vt 0.366467 0.144849
vt 0.364550 0.144850
vt 0.364550 0.142785
vt 0.366467 0.142785
vt 0.826520 0.887358
vt 0.826520 0.889665
vt 0.824456 0.889665
vt 0.824456 0.887358
vt 0.474052 0.831207
vt 0.476116 0.831207
vt 0.368384 0.144849
vt 0.368384 0.142785
vt 0.321650 0.101429
vt 0.834144 0.093103
vt 0.838560 0.087718
vt 0.840537 0.089695
vt 0.834144 0.096792
vt 0.848551 0.097709
vt 0.840437 0.105453
vt 0.837452 0.103285
vt 0.845790 0.094947
vt 0.835284 0.100300
vt 0.843028 0.092186
vt 0.835284 0.089594
vt 0.837452 0.086610
vt 0.851042 0.100200
vt 0.843945 0.106593
vt 0.854138 0.103276
vt 0.851143 0.105453
vt 0.847634 0.106593
vt 0.853019 0.102177
vt 0.857435 0.096806
vt 0.856812 0.098939
vt 0.855490 0.101528
vt 0.857435 0.093103
vt 0.856295 0.089594
vt 0.854127 0.086610
vt 0.851143 0.084442
vt 0.847634 0.083302
vt 0.843945 0.083302
vt 0.840437 0.084442
vt 0.676812 0.349707
vt 0.680320 0.350847
vt 0.672206 0.358591
vt 0.669715 0.356100
vt 0.685473 0.355999
vt 0.686613 0.359508
vt 0.680220 0.366605
vt 0.677729 0.364114
vt 0.683305 0.353015
vt 0.674967 0.361352
vt 0.673123 0.349707
vt 0.667738 0.354123
vt 0.666630 0.353015
vt 0.669615 0.350847
vt 0.663322 0.359508
vt 0.664462 0.355999
vt 0.663322 0.363197
vt 0.664462 0.366705
vt 0.666630 0.369690
vt 0.673123 0.372998
vt 0.669615 0.371858
vt 0.682197 0.368582
vt 0.683308 0.369685
vt 0.681021 0.371302
vt 0.679211 0.372301
vt 0.676826 0.372998
vt 0.686613 0.363197
vt 0.685473 0.366705
vt 0.886002 0.685093
vt 0.885934 0.684450
vt 0.890434 0.684393
vt 0.890466 0.685020
vt 0.890749 0.690611
vt 0.886604 0.690756
vt 0.881550 0.685324
vt 0.881431 0.684605
vt 0.882573 0.691111
vt 0.934159 0.707907
vt 0.934122 0.708545
vt 0.929616 0.708450
vt 0.929701 0.707764
vt 0.930447 0.702047
vt 0.934489 0.702266
vt 0.938621 0.707938
vt 0.938621 0.708568
vt 0.938622 0.702326
vt 0.943082 0.707909
vt 0.943119 0.708547
vt 0.942755 0.702267
vt 0.947541 0.707768
vt 0.947625 0.708453
vt 0.946797 0.702050
vt 0.912600 0.801496
vt 0.912668 0.800853
vt 0.917170 0.801007
vt 0.917052 0.801725
vt 0.916031 0.807512
vt 0.912001 0.807158
vt 0.908136 0.801423
vt 0.908167 0.800797
vt 0.907859 0.807012
vt 0.903665 0.801403
vt 0.903663 0.800781
vt 0.903677 0.806972
vt 0.900774 0.801422
vt 0.900737 0.800796
vt 0.901113 0.806994
vt 0.897658 0.801449
vt 0.897631 0.800818
vt 0.897891 0.807058
vt 0.894768 0.801496
vt 0.894702 0.800854
vt 0.895357 0.807155
vt 0.890316 0.801727
vt 0.890198 0.801010
vt 0.891331 0.807512
vt 0.172179 0.984361
vt 0.172215 0.983723
vt 0.176722 0.983818
vt 0.176637 0.984504
vt 0.175892 0.990221
vt 0.171850 0.990003
vt 0.167717 0.984332
vt 0.167717 0.983702
vt 0.167717 0.989944
vt 0.163255 0.984362
vt 0.163219 0.983724
vt 0.163584 0.990004
vt 0.158797 0.984504
vt 0.158712 0.983819
vt 0.159542 0.990222
vt 0.903870 0.685092
vt 0.903937 0.684448
vt 0.908440 0.684603
vt 0.908321 0.685321
vt 0.907299 0.691108
vt 0.903268 0.690754
vt 0.899406 0.685019
vt 0.899437 0.684392
vt 0.899124 0.690610
vt 0.894936 0.685000
vt 0.894936 0.684377
vt 0.894936 0.690572
vt 0.900715 0.709297
vt 0.900730 0.799770
vt 0.897624 0.799782
vt 0.897609 0.709285
vt 0.897613 0.708729
vt 0.900718 0.708747
vt 0.903649 0.709301
vt 0.903665 0.799765
vt 0.903648 0.708757
vt 0.908156 0.709291
vt 0.908173 0.799773
vt 0.908154 0.708743
vt 0.912665 0.709265
vt 0.912682 0.799796
vt 0.912657 0.708699
vt 0.917181 0.709235
vt 0.917198 0.799821
vt 0.917164 0.708589
vt 0.943113 0.800088
vt 0.943132 0.709592
vt 0.947648 0.709579
vt 0.947630 0.800104
vt 0.947616 0.800714
vt 0.943106 0.800648
vt 0.938603 0.800080
vt 0.938620 0.709597
vt 0.938603 0.800631
vt 0.934093 0.800086
vt 0.934109 0.709590
vt 0.934100 0.800646
vt 0.929577 0.800101
vt 0.929593 0.709576
vt 0.929590 0.800711
vt 0.885912 0.592861
vt 0.885919 0.683393
vt 0.881403 0.683420
vt 0.881396 0.592832
vt 0.881413 0.592186
vt 0.885920 0.592295
vt 0.890421 0.592887
vt 0.890428 0.683369
vt 0.890424 0.592338
vt 0.894928 0.592896
vt 0.894936 0.683359
vt 0.894927 0.592350
vt 0.899434 0.592886
vt 0.899443 0.683368
vt 0.899431 0.592337
vt 0.903943 0.592860
vt 0.903952 0.683391
vt 0.903935 0.592293
vt 0.908459 0.592830
vt 0.908469 0.683417
vt 0.908442 0.592184
vt 0.163204 0.892183
vt 0.163206 0.982679
vt 0.158689 0.982693
vt 0.158687 0.892168
vt 0.158701 0.891557
vt 0.163211 0.891623
vt 0.167714 0.892190
vt 0.167717 0.982672
vt 0.167714 0.891639
vt 0.172224 0.892183
vt 0.172228 0.982679
vt 0.172217 0.891623
vt 0.176740 0.892167
vt 0.176745 0.982692
vt 0.176727 0.891557
vt 0.894672 0.709269
vt 0.894686 0.799798
vt 0.890170 0.799825
vt 0.890156 0.709240
vt 0.890172 0.708595
vt 0.894681 0.708703
vt 0.894927 0.591408
vt 0.890472 0.591391
vt 0.890735 0.586129
vt 0.894927 0.586164
vt 0.899383 0.591390
vt 0.899119 0.586128
vt 0.903832 0.591321
vt 0.903268 0.585991
vt 0.908261 0.591096
vt 0.907301 0.585644
vt 0.163267 0.890659
vt 0.158831 0.890520
vt 0.159530 0.885134
vt 0.163575 0.885348
vt 0.167714 0.890687
vt 0.167714 0.885406
vt 0.172160 0.890659
vt 0.171852 0.885348
vt 0.176597 0.890519
vt 0.175897 0.885134
vt 0.894781 0.707733
vt 0.890352 0.707508
vt 0.891302 0.702058
vt 0.895330 0.702406
vt 0.897697 0.707777
vt 0.898157 0.702508
vt 0.900683 0.707798
vt 0.900484 0.702535
vt 0.903650 0.707818
vt 0.903657 0.702574
vt 0.908106 0.707797
vt 0.907844 0.702536
vt 0.912554 0.707727
vt 0.911991 0.702398
vt 0.916983 0.707501
vt 0.916023 0.702050
vt 0.943050 0.801612
vt 0.947486 0.801752
vt 0.946785 0.807137
vt 0.942740 0.806922
vt 0.938603 0.801583
vt 0.938602 0.806864
vt 0.934156 0.801610
vt 0.934463 0.806921
vt 0.929720 0.801748
vt 0.930418 0.807134
vt 0.886023 0.591323
vt 0.881594 0.591099
vt 0.882553 0.585647
vt 0.886586 0.585993
vt 0.833216 0.092956
vt 0.833216 0.096939
vt 0.836788 0.103949
vt 0.840010 0.106290
vt 0.834447 0.100727
vt 0.836788 0.085945
vt 0.834447 0.089168
vt 0.843798 0.107521
vt 0.847781 0.107521
vt 0.851569 0.106290
vt 0.854792 0.103949
vt 0.856277 0.102027
vt 0.857678 0.099284
vt 0.858363 0.096939
vt 0.858364 0.092956
vt 0.857133 0.089168
vt 0.854792 0.085945
vt 0.851569 0.083604
vt 0.847781 0.082373
vt 0.843798 0.082373
vt 0.840010 0.083604
vt 0.680747 0.350009
vt 0.676959 0.348779
vt 0.687541 0.359361
vt 0.686310 0.355573
vt 0.683969 0.352350
vt 0.672976 0.348778
vt 0.669188 0.350009
vt 0.665966 0.352350
vt 0.663624 0.355573
vt 0.662394 0.359361
vt 0.662394 0.363344
vt 0.663624 0.367132
vt 0.665966 0.370354
vt 0.669188 0.372695
vt 0.672976 0.373926
vt 0.676959 0.373926
vt 0.679570 0.373163
vt 0.681515 0.372090
vt 0.683969 0.370354
vt 0.686310 0.367132
vt 0.687541 0.363344
vt 0.986518 0.888377
vt 0.988582 0.888377
vt 0.988582 0.890230
vt 0.986518 0.890230
vt 0.186927 0.405496
vt 0.186927 0.403432
vt 0.188886 0.403432
vt 0.188885 0.405496
vt 0.519696 0.274846
vt 0.521761 0.274846
vt 0.521760 0.277153
vt 0.519696 0.277153
vt 0.986518 0.886525
vt 0.988582 0.886525
vt 0.066706 0.868289
vt 0.068770 0.868289
vt 0.068771 0.870206
vt 0.066706 0.870206
vt 0.519697 0.272539
vt 0.521761 0.272539
vt 0.190844 0.403433
vt 0.190844 0.405497
vt 0.066706 0.866372
vt 0.068770 0.866372
vt 0.610007 0.473540
vt 0.609833 0.471695
vt 0.612140 0.471696
vt 0.612140 0.473540
vt 0.610181 0.475385
vt 0.612139 0.475385
vt 0.521541 0.279460
vt 0.521541 0.277327
vt 0.523385 0.277501
vt 0.523385 0.279460
vt 0.519696 0.279460
vt 0.525230 0.275891
vt 0.525230 0.274106
vt 0.527294 0.274106
vt 0.527294 0.275891
vt 0.525230 0.277675
vt 0.527294 0.277675
vt 0.525230 0.279460
vt 0.527294 0.279460
vt 0.442700 0.682664
vt 0.440855 0.682664
vt 0.440855 0.680600
vt 0.442700 0.680600
vt 0.444544 0.680600
vt 0.444544 0.682664
vt 0.495515 0.191776
vt 0.497487 0.191776
vt 0.497486 0.193840
vt 0.495515 0.193840
vt 0.493543 0.191776
vt 0.493543 0.193840
vt 0.190322 0.401588
vt 0.188538 0.401588
vt 0.186753 0.401588
vt 0.184968 0.403432
vt 0.184969 0.401587
vt 0.439011 0.682664
vt 0.439011 0.680600
vt 0.523385 0.275542
vt 0.188537 0.407341
vt 0.190322 0.407341
vt 0.491572 0.193839
vt 0.491572 0.191775
vt 0.189582 0.407121
vt 0.191889 0.407122
vt 0.192411 0.408966
vt 0.189930 0.408966
vt 0.499458 0.191777
vt 0.499458 0.193428
vt 0.499458 0.193841
vt 0.517852 0.274498
vt 0.517852 0.272017
vt 0.517852 0.276979
vt 0.517852 0.279460
vt 0.446389 0.682664
vt 0.446389 0.680600
vt 0.184968 0.408965
vt 0.184968 0.407121
vt 0.187275 0.407121
vt 0.187449 0.408966
vt 0.192107 0.401588
vt 0.192803 0.403433
vt 0.527294 0.272322
vt 0.525230 0.272322
vt 0.523386 0.273584
vt 0.523386 0.271625
vt 0.988403 0.530083
vt 0.986518 0.530617
vt 0.986518 0.528700
vt 0.988570 0.528118
vt 0.986518 0.526783
vt 0.988737 0.526154
vt 0.519697 0.270232
vt 0.517852 0.269536
vt 0.194195 0.407122
vt 0.194892 0.408966
vt 0.191366 0.405277
vt 0.193499 0.405277
vt 0.945036 0.140612
vt 0.940620 0.145996
vt 0.938643 0.144020
vt 0.945036 0.136923
vt 0.930629 0.136006
vt 0.938744 0.128261
vt 0.941728 0.130430
vt 0.933391 0.138767
vt 0.943896 0.133414
vt 0.936152 0.141528
vt 0.943896 0.144120
vt 0.941728 0.147104
vt 0.928138 0.133515
vt 0.935235 0.127121
vt 0.925042 0.130438
vt 0.928038 0.128261
vt 0.931546 0.127121
vt 0.926161 0.131538
vt 0.921745 0.136908
vt 0.922369 0.134775
vt 0.923691 0.132186
vt 0.921745 0.140612
vt 0.922885 0.144120
vt 0.925053 0.147104
vt 0.928038 0.149273
vt 0.931546 0.150413
vt 0.935235 0.150413
vt 0.938744 0.149273
vt 0.975347 0.416038
vt 0.971838 0.414898
vt 0.979953 0.407154
vt 0.982444 0.409645
vt 0.966685 0.409745
vt 0.965545 0.406237
vt 0.971939 0.399140
vt 0.974430 0.401631
vt 0.968854 0.412730
vt 0.977191 0.404392
vt 0.979036 0.416038
vt 0.984421 0.411622
vt 0.985529 0.412730
vt 0.982544 0.414898
vt 0.988837 0.406237
vt 0.987697 0.409745
vt 0.988837 0.402548
vt 0.987697 0.399039
vt 0.985529 0.396055
vt 0.979036 0.392747
vt 0.982544 0.393887
vt 0.969962 0.397163
vt 0.968850 0.396060
vt 0.971137 0.394443
vt 0.972947 0.393444
vt 0.975333 0.392747
vt 0.965545 0.402548
vt 0.966685 0.399039
vt 0.859726 0.452278
vt 0.859658 0.451635
vt 0.864158 0.451578
vt 0.864190 0.452205
vt 0.864473 0.457796
vt 0.860329 0.457941
vt 0.855274 0.452509
vt 0.855155 0.451791
vt 0.856298 0.458296
vt 0.864242 0.684877
vt 0.864278 0.684239
vt 0.868785 0.684333
vt 0.868700 0.685018
vt 0.867956 0.690736
vt 0.863914 0.690519
vt 0.859780 0.684848
vt 0.859780 0.684218
vt 0.859781 0.690460
vt 0.855318 0.684878
vt 0.855282 0.684240
vt 0.855648 0.690520
vt 0.850860 0.685022
vt 0.850775 0.684336
vt 0.851606 0.690739
vt 0.916966 0.452275
vt 0.917034 0.451633
vt 0.921536 0.451788
vt 0.921417 0.452506
vt 0.920395 0.458292
vt 0.916365 0.457937
vt 0.912502 0.452202
vt 0.912534 0.451575
vt 0.912223 0.457791
vt 0.908031 0.452180
vt 0.908029 0.451558
vt 0.908042 0.457749
vt 0.905140 0.452198
vt 0.905103 0.451572
vt 0.905477 0.457770
vt 0.902025 0.452225
vt 0.901997 0.451594
vt 0.902255 0.457834
vt 0.899134 0.452271
vt 0.899069 0.451629
vt 0.899721 0.457930
vt 0.894682 0.452501
vt 0.894564 0.451784
vt 0.895695 0.458286
vt 0.938523 0.356309
vt 0.938486 0.356947
vt 0.933980 0.356852
vt 0.934065 0.356167
vt 0.934809 0.350449
vt 0.938851 0.350667
vt 0.942985 0.356338
vt 0.942985 0.356968
vt 0.942984 0.350726
vt 0.947446 0.356308
vt 0.947483 0.356946
vt 0.947116 0.350666
vt 0.951904 0.356165
vt 0.951989 0.356850
vt 0.951159 0.350447
vt 0.877594 0.452276
vt 0.877661 0.451633
vt 0.882164 0.451787
vt 0.882045 0.452505
vt 0.881023 0.458293
vt 0.876993 0.457939
vt 0.873130 0.452203
vt 0.873161 0.451577
vt 0.872848 0.457795
vt 0.868660 0.452185
vt 0.868660 0.451562
vt 0.868661 0.457757
vt 0.905106 0.360074
vt 0.905097 0.450547
vt 0.901990 0.450558
vt 0.902000 0.360061
vt 0.902004 0.359505
vt 0.905109 0.359523
vt 0.908040 0.360079
vt 0.908031 0.450542
vt 0.908039 0.359535
vt 0.912547 0.360070
vt 0.912539 0.450551
vt 0.912544 0.359521
vt 0.917056 0.360045
vt 0.917049 0.450576
vt 0.917048 0.359479
vt 0.921571 0.360016
vt 0.921565 0.450602
vt 0.921555 0.359370
vt 0.855252 0.592700
vt 0.855268 0.683196
vt 0.850752 0.683210
vt 0.850736 0.592685
vt 0.850749 0.592075
vt 0.855259 0.592140
vt 0.859762 0.592706
vt 0.859780 0.683188
vt 0.859762 0.592155
vt 0.864273 0.592698
vt 0.864291 0.683194
vt 0.864265 0.592138
vt 0.868789 0.592682
vt 0.868807 0.683207
vt 0.868775 0.592072
vt 0.859632 0.360046
vt 0.859643 0.450578
vt 0.855127 0.450605
vt 0.855116 0.360018
vt 0.855132 0.359372
vt 0.859640 0.359480
vt 0.864141 0.360072
vt 0.864152 0.450554
vt 0.864143 0.359523
vt 0.868647 0.360081
vt 0.868660 0.450544
vt 0.868647 0.359535
vt 0.873154 0.360071
vt 0.873167 0.450552
vt 0.873151 0.359521
vt 0.877663 0.360044
vt 0.877676 0.450576
vt 0.877654 0.359478
vt 0.882178 0.360014
vt 0.882192 0.450601
vt 0.882162 0.359368
vt 0.947507 0.448486
vt 0.947496 0.357990
vt 0.952012 0.357976
vt 0.952023 0.448501
vt 0.952009 0.449111
vt 0.947499 0.449046
vt 0.942996 0.448479
vt 0.942985 0.357997
vt 0.942996 0.449031
vt 0.938486 0.448487
vt 0.938474 0.357991
vt 0.938493 0.449047
vt 0.933970 0.448504
vt 0.933957 0.357978
vt 0.933984 0.449114
vt 0.899063 0.360044
vt 0.899053 0.450573
vt 0.894536 0.450599
vt 0.894547 0.360014
vt 0.894563 0.359369
vt 0.899072 0.359478
vt 0.868647 0.358593
vt 0.864191 0.358576
vt 0.864454 0.353314
vt 0.868646 0.353349
vt 0.873103 0.358575
vt 0.872838 0.353313
vt 0.877551 0.358506
vt 0.876987 0.353176
vt 0.881980 0.358281
vt 0.881020 0.352829
vt 0.947443 0.450010
vt 0.951880 0.450149
vt 0.951181 0.455534
vt 0.947136 0.455321
vt 0.942996 0.449982
vt 0.942997 0.455264
vt 0.938550 0.450011
vt 0.938859 0.455322
vt 0.934114 0.450151
vt 0.934814 0.455537
vt 0.899172 0.358508
vt 0.894743 0.358282
vt 0.895694 0.352832
vt 0.899722 0.353181
vt 0.902088 0.358553
vt 0.902549 0.353284
vt 0.905074 0.358575
vt 0.904876 0.353312
vt 0.908040 0.358595
vt 0.908049 0.353352
vt 0.912497 0.358576
vt 0.912236 0.353314
vt 0.916945 0.358507
vt 0.916383 0.353177
vt 0.921374 0.358282
vt 0.920416 0.352831
vt 0.855315 0.591176
vt 0.850879 0.591038
vt 0.851578 0.585652
vt 0.855622 0.585865
vt 0.859762 0.591203
vt 0.859761 0.585922
vt 0.864209 0.591174
vt 0.863900 0.585864
vt 0.868645 0.591034
vt 0.867944 0.585649
vt 0.859743 0.358508
vt 0.855313 0.358284
vt 0.856272 0.352832
vt 0.860306 0.353178
vt 0.945964 0.140759
vt 0.945965 0.136776
vt 0.942393 0.129765
vt 0.939170 0.127424
vt 0.944734 0.132987
vt 0.942392 0.147769
vt 0.944734 0.144547
vt 0.935382 0.126193
vt 0.931399 0.126193
vt 0.927611 0.127424
vt 0.924389 0.129765
vt 0.922903 0.131687
vt 0.921502 0.134431
vt 0.920817 0.136776
vt 0.920817 0.140759
vt 0.922048 0.144547
vt 0.924389 0.147769
vt 0.927611 0.150110
vt 0.931399 0.151341
vt 0.935382 0.151341
vt 0.939170 0.150110
vt 0.971412 0.415735
vt 0.975200 0.416966
vt 0.964617 0.406384
vt 0.965848 0.410172
vt 0.968189 0.413394
vt 0.979183 0.416966
vt 0.982971 0.415735
vt 0.986193 0.413394
vt 0.988534 0.410172
vt 0.989765 0.406384
vt 0.989765 0.402401
vt 0.988534 0.398613
vt 0.986193 0.395391
vt 0.982971 0.393049
vt 0.979183 0.391819
vt 0.975200 0.391819
vt 0.972589 0.392582
vt 0.970644 0.393655
vt 0.968189 0.395391
vt 0.965848 0.398613
vt 0.964617 0.402401
vt 0.554957 0.879509
vt 0.552893 0.879509
vt 0.552893 0.877656
vt 0.554957 0.877656
vt 0.907205 0.106994
vt 0.905141 0.106994
vt 0.905141 0.105035
vt 0.907205 0.105035
vt 0.519699 0.253984
vt 0.521763 0.253983
vt 0.521764 0.256290
vt 0.519700 0.256291
vt 0.554956 0.881362
vt 0.552892 0.881361
vt 0.988582 0.858873
vt 0.986518 0.858873
vt 0.986518 0.856956
vt 0.988582 0.856956
vt 0.519698 0.251677
vt 0.521762 0.251676
vt 0.905141 0.103077
vt 0.907205 0.103077
vt 0.988582 0.860790
vt 0.986518 0.860790
vt 0.988824 0.813857
vt 0.986691 0.813857
vt 0.986518 0.812013
vt 0.988825 0.812013
vt 0.988824 0.815702
vt 0.986865 0.815702
vt 0.521546 0.258597
vt 0.521545 0.256464
vt 0.523389 0.256637
vt 0.523390 0.258596
vt 0.519701 0.258598
vt 0.527297 0.255025
vt 0.525233 0.255026
vt 0.525232 0.253241
vt 0.527296 0.253240
vt 0.527298 0.256810
vt 0.525234 0.256810
vt 0.527299 0.258594
vt 0.525235 0.258595
vt 0.009766 0.428699
vt 0.011830 0.428699
vt 0.011830 0.430543
vt 0.009766 0.430543
vt 0.009766 0.426854
vt 0.011830 0.426854
vt 0.377253 0.365665
vt 0.377253 0.367729
vt 0.375282 0.367729
vt 0.375282 0.365665
vt 0.379225 0.365665
vt 0.379225 0.367729
vt 0.903297 0.103599
vt 0.903297 0.105383
vt 0.904994 0.107008
vt 0.903297 0.107168
vt 0.903297 0.108953
vt 0.905141 0.108953
vt 0.011830 0.432388
vt 0.009766 0.432388
vt 0.523388 0.254678
vt 0.909050 0.105384
vt 0.909050 0.103599
vt 0.380802 0.367729
vt 0.381197 0.365665
vt 0.381196 0.367729
vt 0.910675 0.103991
vt 0.909125 0.104283
vt 0.908978 0.104311
vt 0.908830 0.104339
vt 0.908830 0.102032
vt 0.910675 0.101510
vt 0.373310 0.365664
vt 0.373310 0.367729
vt 0.517853 0.251155
vt 0.517854 0.253636
vt 0.517855 0.256117
vt 0.517856 0.258598
vt 0.009766 0.425010
vt 0.011830 0.425010
vt 0.910675 0.108953
vt 0.908830 0.108953
vt 0.908830 0.106646
vt 0.908978 0.106632
vt 0.909125 0.106618
vt 0.910675 0.106472
vt 0.903297 0.101814
vt 0.905141 0.101118
vt 0.525231 0.251457
vt 0.527295 0.251456
vt 0.523387 0.252720
vt 0.523386 0.250761
vt 0.524862 0.251318
vt 0.988403 0.545468
vt 0.986518 0.546002
vt 0.986518 0.544085
vt 0.988570 0.543504
vt 0.986518 0.542168
vt 0.988737 0.541539
vt 0.517852 0.248674
vt 0.519697 0.249370
vt 0.908830 0.099725
vt 0.910675 0.099029
vt 0.906986 0.102554
vt 0.906986 0.100422
vt 0.894947 0.125772
vt 0.894948 0.120528
vt 0.899140 0.120493
vt 0.899403 0.125756
vt 0.899450 0.126702
vt 0.894947 0.126714
vt 0.903289 0.120358
vt 0.903851 0.125688
vt 0.903954 0.126660
vt 0.907322 0.120012
vt 0.908280 0.125464
vt 0.908461 0.126552
vt 0.220154 0.890532
vt 0.220854 0.885146
vt 0.224899 0.885361
vt 0.224591 0.890671
vt 0.224535 0.891635
vt 0.220024 0.891569
vt 0.229037 0.885418
vt 0.229037 0.890700
vt 0.229037 0.891651
vt 0.233176 0.885361
vt 0.233484 0.890672
vt 0.233540 0.891636
vt 0.237221 0.885147
vt 0.237920 0.890532
vt 0.238050 0.891570
vt 0.921014 0.015236
vt 0.921973 0.009784
vt 0.926005 0.010131
vt 0.925443 0.015460
vt 0.925341 0.016432
vt 0.920833 0.016323
vt 0.930153 0.010268
vt 0.929892 0.015529
vt 0.929844 0.016475
vt 0.934339 0.010306
vt 0.934348 0.015549
vt 0.934350 0.016489
vt 0.937512 0.010266
vt 0.937314 0.015529
vt 0.937279 0.016477
vt 0.937285 0.107501
vt 0.937283 0.017028
vt 0.940385 0.016459
vt 0.940389 0.017015
vt 0.940392 0.107512
vt 0.940385 0.108548
vt 0.937279 0.108526
vt 0.940300 0.015507
vt 0.939840 0.010238
vt 0.942666 0.010135
vt 0.943216 0.015463
vt 0.943316 0.016433
vt 0.946694 0.009787
vt 0.947646 0.015237
vt 0.947825 0.016324
vt 0.973766 0.915128
vt 0.973067 0.920513
vt 0.969022 0.920299
vt 0.969330 0.914988
vt 0.969386 0.914024
vt 0.973897 0.914090
vt 0.964883 0.920241
vt 0.964884 0.914959
vt 0.964884 0.914008
vt 0.960744 0.920298
vt 0.960437 0.914987
vt 0.960381 0.914023
vt 0.956699 0.920512
vt 0.956001 0.915126
vt 0.955871 0.914089
vt 0.881613 0.125459
vt 0.882574 0.120007
vt 0.886607 0.120354
vt 0.886042 0.125684
vt 0.885939 0.126656
vt 0.881432 0.126547
vt 0.890756 0.120492
vt 0.890491 0.125754
vt 0.890443 0.126700
vt 0.903863 0.219458
vt 0.903260 0.225121
vt 0.899116 0.224975
vt 0.899399 0.219384
vt 0.899431 0.218758
vt 0.903931 0.218815
vt 0.894928 0.224936
vt 0.894929 0.219364
vt 0.894929 0.218741
vt 0.908314 0.219689
vt 0.907291 0.225476
vt 0.908433 0.218971
vt 0.224574 0.984374
vt 0.224903 0.990016
vt 0.220861 0.990234
vt 0.220116 0.984516
vt 0.220031 0.983831
vt 0.224538 0.983736
vt 0.229036 0.984344
vt 0.229036 0.989956
vt 0.229036 0.983714
vt 0.233498 0.984374
vt 0.233169 0.990016
vt 0.233534 0.983736
vt 0.237956 0.984517
vt 0.237211 0.990234
vt 0.238041 0.983831
vt 0.925416 0.109229
vt 0.926017 0.114891
vt 0.921986 0.115245
vt 0.920965 0.109459
vt 0.920846 0.108741
vt 0.925349 0.108586
vt 0.929880 0.109155
vt 0.930159 0.114745
vt 0.929849 0.108529
vt 0.934352 0.109134
vt 0.934340 0.114703
vt 0.934353 0.108512
vt 0.937242 0.109152
vt 0.936905 0.114725
vt 0.947700 0.109456
vt 0.946687 0.115241
vt 0.942660 0.114885
vt 0.943248 0.109225
vt 0.943314 0.108583
vt 0.947818 0.108738
vt 0.969354 0.821286
vt 0.969025 0.815644
vt 0.973068 0.815426
vt 0.973812 0.821144
vt 0.973897 0.821829
vt 0.969390 0.821924
vt 0.964892 0.821315
vt 0.964893 0.815703
vt 0.964892 0.821945
vt 0.960431 0.821285
vt 0.960760 0.815643
vt 0.960394 0.821923
vt 0.955972 0.821142
vt 0.956718 0.815424
vt 0.955887 0.821827
vt 0.885995 0.219455
vt 0.886596 0.225118
vt 0.882565 0.225471
vt 0.881543 0.219684
vt 0.881425 0.218966
vt 0.885927 0.218812
vt 0.890459 0.219382
vt 0.890740 0.224974
vt 0.890427 0.218756
vt 0.899437 0.217733
vt 0.899453 0.127251
vt 0.903962 0.127226
vt 0.903946 0.217758
vt 0.908478 0.127197
vt 0.908462 0.217785
vt 0.220008 0.982705
vt 0.220011 0.892180
vt 0.224527 0.892195
vt 0.224525 0.982691
vt 0.229037 0.892203
vt 0.229036 0.982685
vt 0.233548 0.892195
vt 0.233547 0.982692
vt 0.238064 0.892180
vt 0.238064 0.982705
vt 0.920818 0.107555
vt 0.920817 0.016969
vt 0.925332 0.016998
vt 0.925334 0.107529
vt 0.929841 0.017024
vt 0.929843 0.107505
vt 0.934348 0.017033
vt 0.934351 0.107496
vt 0.943325 0.016998
vt 0.943330 0.107528
vt 0.947841 0.016969
vt 0.947846 0.107553
vt 0.973920 0.822955
vt 0.973910 0.913480
vt 0.969394 0.913464
vt 0.969403 0.822968
vt 0.964884 0.913456
vt 0.964892 0.822974
vt 0.960373 0.913463
vt 0.960381 0.822967
vt 0.955857 0.913478
vt 0.955864 0.822953
vt 0.881396 0.217780
vt 0.881415 0.127192
vt 0.885931 0.127223
vt 0.885912 0.217755
vt 0.890440 0.127250
vt 0.890422 0.217731
vt 0.894946 0.127260
vt 0.894929 0.217723
vt 0.970967 0.010716
vt 0.974656 0.010716
vt 0.967559 0.017109
vt 0.965582 0.015132
vt 0.975573 0.025123
vt 0.972811 0.022361
vt 0.981149 0.014024
vt 0.983317 0.017008
vt 0.970050 0.019600
vt 0.978164 0.011856
vt 0.964474 0.014024
vt 0.967458 0.011856
vt 0.978064 0.027614
vt 0.984457 0.020517
vt 0.981140 0.030710
vt 0.980041 0.029591
vt 0.984457 0.024206
vt 0.983317 0.027714
vt 0.974670 0.034007
vt 0.979392 0.032061
vt 0.976803 0.033383
vt 0.970967 0.034007
vt 0.967458 0.032867
vt 0.964474 0.030699
vt 0.962305 0.027714
vt 0.961165 0.024206
vt 0.961165 0.020517
vt 0.962305 0.017008
vt 0.965546 0.370139
vt 0.971939 0.363042
vt 0.974430 0.365533
vt 0.966686 0.373648
vt 0.971838 0.378800
vt 0.979953 0.371056
vt 0.982444 0.373547
vt 0.975347 0.379940
vt 0.977191 0.368295
vt 0.968854 0.376632
vt 0.965546 0.366450
vt 0.966686 0.362942
vt 0.968854 0.359957
vt 0.969962 0.361065
vt 0.971838 0.357789
vt 0.975347 0.356649
vt 0.979036 0.356649
vt 0.982544 0.357789
vt 0.985529 0.359957
vt 0.988837 0.366450
vt 0.987697 0.362942
vt 0.984421 0.375524
vt 0.988837 0.370153
vt 0.988140 0.372538
vt 0.987141 0.374348
vt 0.985524 0.376636
vt 0.979036 0.379940
vt 0.982544 0.378800
vt 0.940126 0.114788
vt 0.940358 0.109179
vt 0.970820 0.009787
vt 0.974803 0.009788
vt 0.981813 0.013359
vt 0.984154 0.016582
vt 0.978591 0.011018
vt 0.963809 0.013360
vt 0.967032 0.011018
vt 0.985385 0.020370
vt 0.985385 0.024353
vt 0.984154 0.028141
vt 0.981813 0.031363
vt 0.979891 0.032849
vt 0.977148 0.034250
vt 0.974803 0.034935
vt 0.970820 0.034935
vt 0.967032 0.033704
vt 0.963809 0.031363
vt 0.961468 0.028141
vt 0.960237 0.024353
vt 0.960237 0.020370
vt 0.961468 0.016582
vt 0.965848 0.374074
vt 0.964617 0.370286
vt 0.975200 0.380868
vt 0.971412 0.379638
vt 0.968189 0.377297
vt 0.964617 0.366303
vt 0.965848 0.362515
vt 0.968189 0.359293
vt 0.971412 0.356952
vt 0.975200 0.355721
vt 0.979183 0.355721
vt 0.982971 0.356952
vt 0.986193 0.359293
vt 0.988534 0.362515
vt 0.989765 0.366303
vt 0.989765 0.370286
vt 0.989002 0.372897
vt 0.987929 0.374842
vt 0.986193 0.377296
vt 0.982971 0.379638
vt 0.979183 0.380868
vt 0.692642 0.385785
vt 0.692683 0.383904
vt 0.694853 0.383929
vt 0.694804 0.385811
vt 0.011830 0.414060
vt 0.009766 0.414060
vt 0.009766 0.412215
vt 0.011830 0.412215
vt 0.489256 0.348709
vt 0.489256 0.350681
vt 0.487192 0.350681
vt 0.487191 0.348709
vt 0.696839 0.383202
vt 0.696770 0.385267
vt 0.702968 0.355226
vt 0.702968 0.353267
vt 0.704812 0.353964
vt 0.704813 0.355748
vt 0.697434 0.351179
vt 0.699279 0.351875
vt 0.699279 0.354182
vt 0.697434 0.353660
vt 0.489256 0.354624
vt 0.489257 0.356596
vt 0.487193 0.356596
vt 0.487192 0.354624
vt 0.700771 0.381769
vt 0.702717 0.381074
vt 0.702668 0.383669
vt 0.700725 0.384181
vt 0.009766 0.406682
vt 0.011830 0.406682
vt 0.011830 0.408526
vt 0.009766 0.408526
vt 0.692575 0.389556
vt 0.692543 0.391431
vt 0.690607 0.391388
vt 0.690645 0.389333
vt 0.699279 0.361102
vt 0.697435 0.361103
vt 0.697435 0.358622
vt 0.699279 0.358796
vt 0.702718 0.388904
vt 0.702660 0.391560
vt 0.700718 0.391557
vt 0.700840 0.389058
vt 0.696679 0.391568
vt 0.694716 0.391493
vt 0.694742 0.389614
vt 0.696694 0.389516
vt 0.688674 0.391351
vt 0.688716 0.389115
vt 0.701123 0.354704
vt 0.701123 0.352571
vt 0.489256 0.352652
vt 0.487192 0.352653
vt 0.698824 0.382479
vt 0.698805 0.384717
vt 0.698706 0.389523
vt 0.698683 0.391644
vt 0.011830 0.410371
vt 0.009766 0.410371
vt 0.697435 0.356141
vt 0.699279 0.356489
vt 0.692605 0.387670
vt 0.690680 0.387267
vt 0.694756 0.387706
vt 0.696633 0.387339
vt 0.702620 0.386249
vt 0.700643 0.386553
vt 0.701124 0.361102
vt 0.701124 0.358969
vt 0.690719 0.385208
vt 0.357643 0.279549
vt 0.355790 0.279549
vt 0.355790 0.277485
vt 0.357643 0.277485
vt 0.872636 0.822385
vt 0.872636 0.820426
vt 0.874700 0.820427
vt 0.874700 0.822385
vt 0.699825 0.388752
vt 0.700300 0.386456
vt 0.359495 0.279549
vt 0.359495 0.277484
vt 0.379607 0.031484
vt 0.381524 0.031484
vt 0.381524 0.033549
vt 0.379607 0.033548
vt 0.537436 0.862078
vt 0.537436 0.864385
vt 0.535372 0.864385
vt 0.535372 0.862078
vt 0.872637 0.818468
vt 0.874701 0.818468
vt 0.377690 0.031484
vt 0.377690 0.033548
vt 0.866195 0.254151
vt 0.861779 0.259535
vt 0.859802 0.257559
vt 0.866195 0.250462
vt 0.851788 0.249545
vt 0.859903 0.241800
vt 0.862887 0.243969
vt 0.854550 0.252306
vt 0.865056 0.246953
vt 0.857311 0.255067
vt 0.865056 0.257659
vt 0.862887 0.260643
vt 0.849297 0.247054
vt 0.856394 0.240660
vt 0.846201 0.243977
vt 0.849197 0.241800
vt 0.852705 0.240660
vt 0.847320 0.245077
vt 0.842904 0.250447
vt 0.843528 0.248314
vt 0.844850 0.245725
vt 0.842904 0.254151
vt 0.844044 0.257659
vt 0.846212 0.260643
vt 0.849197 0.262812
vt 0.852705 0.263952
vt 0.856394 0.263952
vt 0.859903 0.262812
vt 0.975347 0.452136
vt 0.971838 0.450996
vt 0.979953 0.443252
vt 0.982444 0.445743
vt 0.966685 0.445843
vt 0.965545 0.442335
vt 0.971939 0.435238
vt 0.974430 0.437729
vt 0.968854 0.448828
vt 0.977191 0.440490
vt 0.979036 0.452136
vt 0.984421 0.447720
vt 0.985529 0.448828
vt 0.982544 0.450996
vt 0.988837 0.442335
vt 0.987697 0.445843
vt 0.988837 0.438646
vt 0.987697 0.435137
vt 0.985529 0.432153
vt 0.979036 0.428845
vt 0.982544 0.429984
vt 0.969962 0.433261
vt 0.968850 0.432158
vt 0.971137 0.430540
vt 0.972947 0.429542
vt 0.975333 0.428845
vt 0.965545 0.438646
vt 0.966685 0.435137
vt 0.899497 0.242439
vt 0.899565 0.243082
vt 0.895065 0.243137
vt 0.895033 0.242511
vt 0.894752 0.236920
vt 0.898896 0.236776
vt 0.903949 0.242209
vt 0.904068 0.242928
vt 0.902927 0.236422
vt 0.969346 0.565713
vt 0.969383 0.565075
vt 0.973890 0.565170
vt 0.973805 0.565855
vt 0.973059 0.571573
vt 0.969017 0.571354
vt 0.964885 0.565682
vt 0.964885 0.565052
vt 0.964884 0.571294
vt 0.960423 0.565711
vt 0.960387 0.565074
vt 0.960751 0.571353
vt 0.955965 0.565853
vt 0.955880 0.565168
vt 0.956709 0.571571
vt 0.921035 0.240064
vt 0.920968 0.240707
vt 0.916465 0.240553
vt 0.916584 0.239835
vt 0.917605 0.234048
vt 0.921635 0.234402
vt 0.925499 0.240137
vt 0.925468 0.240764
vt 0.925777 0.234548
vt 0.929971 0.240158
vt 0.929972 0.240780
vt 0.929958 0.234589
vt 0.932861 0.240140
vt 0.932898 0.240765
vt 0.932523 0.234567
vt 0.935977 0.240112
vt 0.936004 0.240743
vt 0.935745 0.234503
vt 0.938867 0.240066
vt 0.938933 0.240708
vt 0.938279 0.234406
vt 0.943319 0.239835
vt 0.943437 0.240552
vt 0.942305 0.234050
vt 0.960423 0.129512
vt 0.960387 0.130150
vt 0.955880 0.130056
vt 0.955965 0.129370
vt 0.956709 0.123652
vt 0.960751 0.123870
vt 0.964885 0.129542
vt 0.964885 0.130171
vt 0.964884 0.123929
vt 0.969346 0.129511
vt 0.969383 0.130149
vt 0.969017 0.123869
vt 0.973805 0.129368
vt 0.973890 0.130054
vt 0.973059 0.123650
vt 0.881629 0.242436
vt 0.881562 0.243079
vt 0.877059 0.242923
vt 0.877178 0.242205
vt 0.878202 0.236418
vt 0.882232 0.236773
vt 0.886093 0.242509
vt 0.886062 0.243136
vt 0.886377 0.236918
vt 0.890563 0.242529
vt 0.890563 0.243152
vt 0.890564 0.236957
vt 0.932912 0.332264
vt 0.932905 0.241791
vt 0.936011 0.241779
vt 0.936018 0.332276
vt 0.936014 0.332832
vt 0.932909 0.332814
vt 0.929978 0.332259
vt 0.929970 0.241796
vt 0.929979 0.332804
vt 0.925471 0.332269
vt 0.925463 0.241788
vt 0.925474 0.332818
vt 0.920962 0.332295
vt 0.920953 0.241764
vt 0.920970 0.332861
vt 0.916446 0.332325
vt 0.916437 0.241738
vt 0.916463 0.332971
vt 0.960385 0.473533
vt 0.960374 0.564029
vt 0.955857 0.564042
vt 0.955869 0.473517
vt 0.955883 0.472907
vt 0.960393 0.472973
vt 0.964895 0.473541
vt 0.964885 0.564023
vt 0.964895 0.472989
vt 0.969406 0.473534
vt 0.969396 0.564030
vt 0.969398 0.472974
vt 0.973922 0.473519
vt 0.973913 0.564044
vt 0.973908 0.472909
vt 0.899563 0.334671
vt 0.899580 0.244139
vt 0.904096 0.244114
vt 0.904079 0.334701
vt 0.904062 0.335347
vt 0.899555 0.335237
vt 0.895054 0.334644
vt 0.895070 0.244162
vt 0.895051 0.335193
vt 0.890547 0.334634
vt 0.890563 0.244170
vt 0.890547 0.335180
vt 0.886041 0.334642
vt 0.886056 0.244161
vt 0.886044 0.335192
vt 0.881532 0.334668
vt 0.881546 0.244136
vt 0.881540 0.335234
vt 0.877016 0.334696
vt 0.877030 0.244109
vt 0.877033 0.335342
vt 0.969407 0.221690
vt 0.969396 0.131194
vt 0.973913 0.131179
vt 0.973923 0.221705
vt 0.973909 0.222315
vt 0.969399 0.222249
vt 0.964896 0.221683
vt 0.964885 0.131201
vt 0.964897 0.222234
vt 0.960386 0.221691
vt 0.960374 0.131195
vt 0.960394 0.222251
vt 0.955870 0.221707
vt 0.955857 0.131182
vt 0.955884 0.222317
vt 0.938955 0.332293
vt 0.938949 0.241764
vt 0.943465 0.241737
vt 0.943471 0.332322
vt 0.943455 0.332967
vt 0.938946 0.332858
vt 0.890547 0.336121
vt 0.895003 0.336139
vt 0.894738 0.341402
vt 0.890546 0.341366
vt 0.886091 0.336138
vt 0.886354 0.341400
vt 0.881643 0.336206
vt 0.882206 0.341536
vt 0.877214 0.336430
vt 0.878172 0.341882
vt 0.969343 0.223213
vt 0.973780 0.223352
vt 0.973081 0.228738
vt 0.969036 0.228524
vt 0.964897 0.223186
vt 0.964897 0.228467
vt 0.960450 0.223215
vt 0.960759 0.228525
vt 0.956014 0.223354
vt 0.956714 0.228740
vt 0.938846 0.333829
vt 0.943275 0.334054
vt 0.942325 0.339504
vt 0.938297 0.339156
vt 0.935930 0.333785
vt 0.935470 0.339053
vt 0.932944 0.333763
vt 0.933143 0.339026
vt 0.929977 0.333743
vt 0.929970 0.338986
vt 0.925521 0.333764
vt 0.925783 0.339025
vt 0.921073 0.333833
vt 0.921636 0.339162
vt 0.916644 0.334058
vt 0.917603 0.339510
vt 0.960449 0.472009
vt 0.956013 0.471869
vt 0.956713 0.466484
vt 0.960758 0.466699
vt 0.964896 0.472038
vt 0.964896 0.466756
vt 0.969342 0.472010
vt 0.969035 0.466699
vt 0.973779 0.471871
vt 0.973080 0.466486
vt 0.899452 0.336209
vt 0.903881 0.336434
vt 0.902920 0.341886
vt 0.898887 0.341539
vt 0.867124 0.254298
vt 0.867124 0.250315
vt 0.863552 0.243304
vt 0.860329 0.240963
vt 0.865893 0.246526
vt 0.863552 0.261308
vt 0.865893 0.258086
vt 0.856541 0.239732
vt 0.852558 0.239732
vt 0.848770 0.240963
vt 0.845548 0.243304
vt 0.844062 0.245226
vt 0.842661 0.247970
vt 0.841976 0.250315
vt 0.841976 0.254298
vt 0.843207 0.258086
vt 0.845548 0.261308
vt 0.848770 0.263649
vt 0.852558 0.264880
vt 0.856541 0.264880
vt 0.860329 0.263649
vt 0.971412 0.451833
vt 0.975200 0.453064
vt 0.964617 0.442482
vt 0.965848 0.446270
vt 0.968189 0.449492
vt 0.979183 0.453064
vt 0.982971 0.451833
vt 0.986193 0.449492
vt 0.988534 0.446270
vt 0.989765 0.442482
vt 0.989765 0.438499
vt 0.988534 0.434711
vt 0.986193 0.431488
vt 0.982971 0.429147
vt 0.979183 0.427916
vt 0.975200 0.427916
vt 0.972589 0.428680
vt 0.970644 0.429753
vt 0.968189 0.431488
vt 0.965848 0.434711
vt 0.964617 0.438499
vt 0.191201 0.252659
vt 0.191201 0.250595
vt 0.193053 0.250595
vt 0.193053 0.252659
vt 0.661483 0.165832
vt 0.663547 0.165831
vt 0.663548 0.167790
vt 0.661484 0.167790
vt 0.648091 0.117195
vt 0.646027 0.117195
vt 0.646028 0.114888
vt 0.648092 0.114889
vt 0.189348 0.252659
vt 0.189348 0.250595
vt 0.896454 0.009788
vt 0.896454 0.011852
vt 0.894537 0.011852
vt 0.894536 0.009788
vt 0.648091 0.119502
vt 0.646027 0.119502
vt 0.663548 0.169749
vt 0.661484 0.169749
vt 0.898371 0.009787
vt 0.898371 0.011852
vt 0.353543 0.796434
vt 0.353717 0.798278
vt 0.351410 0.798278
vt 0.351410 0.796433
vt 0.353369 0.794589
vt 0.351411 0.794589
vt 0.646247 0.114714
vt 0.644403 0.114540
vt 0.644403 0.112581
vt 0.646247 0.112581
vt 0.648092 0.112582
vt 0.640494 0.116150
vt 0.642558 0.116150
vt 0.642558 0.117935
vt 0.640494 0.117934
vt 0.642558 0.114366
vt 0.640494 0.114365
vt 0.640494 0.112581
vt 0.642558 0.112581
vt 0.011830 0.392043
vt 0.011830 0.393887
vt 0.009766 0.393887
vt 0.009766 0.392043
vt 0.011830 0.390198
vt 0.009766 0.390198
vt 0.346593 0.076572
vt 0.344621 0.076572
vt 0.344622 0.074508
vt 0.346593 0.074508
vt 0.348564 0.076573
vt 0.348565 0.074509
vt 0.665392 0.167442
vt 0.665392 0.169226
vt 0.665392 0.165657
vt 0.665392 0.163873
vt 0.663547 0.163873
vt 0.011830 0.395732
vt 0.009766 0.395732
vt 0.644402 0.116499
vt 0.659639 0.169227
vt 0.659639 0.167442
vt 0.350536 0.076573
vt 0.350536 0.074509
vt 0.659859 0.168487
vt 0.659859 0.170794
vt 0.658015 0.171316
vt 0.658014 0.168835
vt 0.342650 0.076572
vt 0.342650 0.074508
vt 0.649935 0.120025
vt 0.649936 0.117544
vt 0.649936 0.115063
vt 0.649936 0.112582
vt 0.009766 0.388354
vt 0.011830 0.388354
vt 0.659858 0.166180
vt 0.658014 0.166355
vt 0.658014 0.163873
vt 0.659858 0.163873
vt 0.665393 0.171011
vt 0.663548 0.171707
vt 0.642557 0.119719
vt 0.640493 0.119719
vt 0.644402 0.120416
vt 0.644402 0.118457
vt 0.986852 0.511302
vt 0.988737 0.510769
vt 0.988737 0.512686
vt 0.986685 0.513267
vt 0.988737 0.514603
vt 0.986518 0.515231
vt 0.648091 0.121809
vt 0.649935 0.122506
vt 0.659859 0.173101
vt 0.658015 0.173797
vt 0.661703 0.170271
vt 0.661704 0.172404
vt 0.864267 0.801754
vt 0.864267 0.806999
vt 0.860075 0.807034
vt 0.859811 0.801772
vt 0.859763 0.800825
vt 0.864267 0.800813
vt 0.855926 0.807171
vt 0.855363 0.801840
vt 0.855260 0.800868
vt 0.851893 0.807517
vt 0.850934 0.802065
vt 0.850752 0.800977
vt 0.189495 0.890528
vt 0.190195 0.885142
vt 0.194240 0.885357
vt 0.193932 0.890667
vt 0.193876 0.891631
vt 0.189366 0.891565
vt 0.198379 0.885414
vt 0.198378 0.890696
vt 0.198378 0.891647
vt 0.202517 0.885357
vt 0.202825 0.890668
vt 0.202881 0.891632
vt 0.206562 0.885143
vt 0.207262 0.890529
vt 0.207391 0.891566
vt 0.912614 0.918466
vt 0.911656 0.923918
vt 0.907623 0.923571
vt 0.908185 0.918242
vt 0.908287 0.917270
vt 0.912795 0.917379
vt 0.903476 0.923434
vt 0.903736 0.918173
vt 0.903784 0.917227
vt 0.899289 0.923397
vt 0.899280 0.918153
vt 0.899278 0.917214
vt 0.896116 0.923437
vt 0.896314 0.918174
vt 0.896349 0.917225
vt 0.896337 0.826202
vt 0.896345 0.916675
vt 0.893244 0.917244
vt 0.893239 0.916688
vt 0.893230 0.826191
vt 0.893237 0.825155
vt 0.896343 0.825176
vt 0.893328 0.918196
vt 0.893789 0.923465
vt 0.890962 0.923568
vt 0.890412 0.918241
vt 0.890312 0.917270
vt 0.886934 0.923916
vt 0.885983 0.918467
vt 0.885803 0.917380
vt 0.982527 0.339387
vt 0.981827 0.344773
vt 0.977782 0.344558
vt 0.978090 0.339248
vt 0.978147 0.338284
vt 0.982657 0.338350
vt 0.973643 0.344501
vt 0.973644 0.339219
vt 0.973644 0.338268
vt 0.969505 0.344557
vt 0.969197 0.339247
vt 0.969141 0.338283
vt 0.965460 0.344771
vt 0.964761 0.339386
vt 0.964631 0.338348
vt 0.877601 0.802066
vt 0.876641 0.807518
vt 0.872608 0.807171
vt 0.873172 0.801841
vt 0.873274 0.800869
vt 0.877782 0.800978
vt 0.868459 0.807034
vt 0.868723 0.801772
vt 0.868771 0.800826
vt 0.855336 0.708070
vt 0.855938 0.702407
vt 0.860083 0.702552
vt 0.859800 0.708143
vt 0.859769 0.708770
vt 0.855269 0.708713
vt 0.864270 0.702591
vt 0.864270 0.708162
vt 0.864270 0.708786
vt 0.850885 0.707840
vt 0.851908 0.702053
vt 0.850766 0.708558
vt 0.193914 0.984370
vt 0.194242 0.990012
vt 0.190200 0.990230
vt 0.189455 0.984512
vt 0.189371 0.983827
vt 0.193877 0.983732
vt 0.198376 0.984340
vt 0.198375 0.989952
vt 0.198375 0.983710
vt 0.202837 0.984370
vt 0.202508 0.990012
vt 0.202874 0.983732
vt 0.207295 0.984513
vt 0.206550 0.990231
vt 0.207380 0.983827
vt 0.908206 0.824473
vt 0.907605 0.818811
vt 0.911635 0.818456
vt 0.912657 0.824243
vt 0.912776 0.824961
vt 0.908274 0.825116
vt 0.903742 0.824547
vt 0.903463 0.818958
vt 0.903773 0.825173
vt 0.899270 0.824569
vt 0.899282 0.818999
vt 0.899269 0.825191
vt 0.896380 0.824551
vt 0.896717 0.818978
vt 0.885922 0.824247
vt 0.886935 0.818463
vt 0.890961 0.818818
vt 0.890374 0.824478
vt 0.890308 0.825120
vt 0.885804 0.824965
vt 0.978113 0.245545
vt 0.977785 0.239903
vt 0.981827 0.239685
vt 0.982572 0.245403
vt 0.982656 0.246089
vt 0.978150 0.246183
vt 0.973652 0.245575
vt 0.973652 0.239962
vt 0.973651 0.246205
vt 0.969190 0.245544
vt 0.969519 0.239902
vt 0.969153 0.246182
vt 0.964732 0.245402
vt 0.965477 0.239684
vt 0.964647 0.246087
vt 0.873204 0.708071
vt 0.872602 0.702408
vt 0.876633 0.702054
vt 0.877656 0.707841
vt 0.877775 0.708559
vt 0.873272 0.708714
vt 0.868740 0.708144
vt 0.868458 0.702552
vt 0.868772 0.708770
vt 0.859763 0.709795
vt 0.859760 0.800276
vt 0.855252 0.800302
vt 0.855253 0.709770
vt 0.850736 0.800331
vt 0.850737 0.709744
vt 0.189348 0.982701
vt 0.189352 0.892175
vt 0.193868 0.892191
vt 0.193864 0.982687
vt 0.198378 0.892199
vt 0.198375 0.982681
vt 0.202889 0.892192
vt 0.202887 0.982688
vt 0.207405 0.892176
vt 0.207403 0.982701
vt 0.912805 0.826147
vt 0.912811 0.916733
vt 0.908296 0.916704
vt 0.908289 0.826173
vt 0.903787 0.916679
vt 0.903779 0.826197
vt 0.899280 0.916670
vt 0.899271 0.826206
vt 0.890303 0.916705
vt 0.890293 0.826176
vt 0.885787 0.916735
vt 0.885776 0.826150
vt 0.982679 0.247214
vt 0.982670 0.337740
vt 0.978154 0.337724
vt 0.978163 0.247228
vt 0.973644 0.337716
vt 0.973651 0.247234
vt 0.969133 0.337723
vt 0.969140 0.247227
vt 0.964617 0.337738
vt 0.964624 0.247213
vt 0.877803 0.709745
vt 0.877798 0.800332
vt 0.873283 0.800303
vt 0.873287 0.709771
vt 0.868774 0.800277
vt 0.868777 0.709795
vt 0.864267 0.800267
vt 0.864270 0.709804
vt 0.344619 0.089288
vt 0.348308 0.089288
vt 0.341211 0.095681
vt 0.339234 0.093704
vt 0.349225 0.103695
vt 0.346464 0.100933
vt 0.354801 0.092596
vt 0.356969 0.095580
vt 0.343702 0.098172
vt 0.351816 0.090428
vt 0.338126 0.092596
vt 0.341111 0.090428
vt 0.351716 0.106186
vt 0.358109 0.099089
vt 0.354793 0.109282
vt 0.353693 0.108163
vt 0.358109 0.102778
vt 0.356969 0.106286
vt 0.348322 0.112579
vt 0.353045 0.110633
vt 0.350456 0.111955
vt 0.344619 0.112579
vt 0.341111 0.111439
vt 0.338126 0.109271
vt 0.335958 0.106286
vt 0.334818 0.102778
vt 0.334818 0.099089
vt 0.335958 0.095580
vt 0.343578 0.024206
vt 0.349971 0.017109
vt 0.352462 0.019600
vt 0.344718 0.027714
vt 0.349871 0.032867
vt 0.357985 0.025123
vt 0.360476 0.027614
vt 0.353379 0.034007
vt 0.355224 0.022361
vt 0.346886 0.030699
vt 0.343578 0.020517
vt 0.344718 0.017008
vt 0.346886 0.014024
vt 0.347994 0.015132
vt 0.349871 0.011856
vt 0.353379 0.010716
vt 0.357068 0.010716
vt 0.360577 0.011856
vt 0.363561 0.014024
vt 0.366869 0.020517
vt 0.365729 0.017008
vt 0.362453 0.029591
vt 0.366869 0.024220
vt 0.366172 0.026605
vt 0.365173 0.028415
vt 0.363556 0.030702
vt 0.357068 0.034007
vt 0.360577 0.032867
vt 0.893495 0.818915
vt 0.893264 0.824524
vt 0.344472 0.088359
vt 0.348455 0.088359
vt 0.355465 0.091931
vt 0.357806 0.095154
vt 0.352243 0.089590
vt 0.337462 0.091931
vt 0.340684 0.089590
vt 0.359037 0.098942
vt 0.359037 0.102925
vt 0.357806 0.106713
vt 0.355465 0.109935
vt 0.353544 0.111421
vt 0.350800 0.112822
vt 0.348455 0.113507
vt 0.344472 0.113507
vt 0.340684 0.112276
vt 0.337462 0.109935
vt 0.335120 0.106713
vt 0.333890 0.102925
vt 0.333890 0.098942
vt 0.335120 0.095154
vt 0.343881 0.028141
vt 0.342650 0.024353
vt 0.353232 0.034935
vt 0.349444 0.033704
vt 0.346222 0.031363
vt 0.342650 0.020370
vt 0.343881 0.016582
vt 0.346222 0.013359
vt 0.349444 0.011018
vt 0.353232 0.009787
vt 0.357215 0.009787
vt 0.361003 0.011018
vt 0.364225 0.013359
vt 0.366567 0.016582
vt 0.367797 0.020370
vt 0.367797 0.024353
vt 0.367034 0.026964
vt 0.365961 0.028909
vt 0.364225 0.031363
vt 0.361003 0.033704
vt 0.357215 0.034935
vt 0.378023 0.194022
vt 0.376141 0.193981
vt 0.376166 0.191811
vt 0.378048 0.191860
vt 0.192346 0.429841
vt 0.190502 0.429144
vt 0.190501 0.426837
vt 0.192346 0.427360
vt 0.670280 0.384876
vt 0.670280 0.386940
vt 0.668308 0.386940
vt 0.668308 0.384876
vt 0.373310 0.183947
vt 0.375905 0.183996
vt 0.376417 0.185939
vt 0.374006 0.185894
vt 0.363168 0.619970
vt 0.363168 0.622034
vt 0.361323 0.622034
vt 0.361323 0.619970
vt 0.190501 0.422224
vt 0.190501 0.419917
vt 0.192345 0.419917
vt 0.192345 0.422398
vt 0.383797 0.184003
vt 0.383794 0.185945
vt 0.381294 0.185823
vt 0.381141 0.183946
vt 0.381852 0.191921
vt 0.383731 0.191947
vt 0.383669 0.194120
vt 0.381794 0.194088
vt 0.381571 0.196018
vt 0.383626 0.196056
vt 0.383589 0.197989
vt 0.381353 0.197947
vt 0.188657 0.428448
vt 0.186813 0.427752
vt 0.186812 0.425793
vt 0.188657 0.426315
vt 0.664365 0.386940
vt 0.664365 0.384876
vt 0.666337 0.384876
vt 0.666337 0.386940
vt 0.375439 0.189825
vt 0.374715 0.187840
vt 0.376954 0.187859
vt 0.377504 0.189894
vt 0.383881 0.187979
vt 0.383805 0.189984
vt 0.381753 0.189969
vt 0.381760 0.187957
vt 0.359479 0.619970
vt 0.359479 0.622034
vt 0.357634 0.622034
vt 0.357634 0.619970
vt 0.192346 0.424879
vt 0.190501 0.424531
vt 0.379907 0.194059
vt 0.379943 0.191908
vt 0.378485 0.184043
vt 0.378790 0.186021
vt 0.188656 0.422050
vt 0.188656 0.419917
vt 0.745615 0.889203
vt 0.745615 0.887351
vt 0.747679 0.887351
vt 0.747679 0.889203
vt 0.988582 0.842088
vt 0.988582 0.844047
vt 0.986518 0.844047
vt 0.986518 0.842088
vt 0.380989 0.186839
vt 0.378693 0.186364
vt 0.745615 0.891056
vt 0.747679 0.891056
vt 0.679914 0.879555
vt 0.679914 0.877638
vt 0.681978 0.877638
vt 0.681978 0.879555
vt 0.811316 0.889664
vt 0.811315 0.887357
vt 0.813380 0.887357
vt 0.813380 0.889664
vt 0.988582 0.846006
vt 0.986518 0.846006
vt 0.679914 0.881472
vt 0.681978 0.881472
vt 0.379505 0.195983
vt 0.377446 0.195944
vt 0.184968 0.427056
vt 0.184968 0.425271
vt 0.662394 0.386940
vt 0.662394 0.384876
vt 0.379577 0.190031
vt 0.355790 0.622034
vt 0.355790 0.619970
vt 0.851145 0.223023
vt 0.851146 0.228268
vt 0.846954 0.228304
vt 0.846690 0.223042
vt 0.846641 0.222095
vt 0.851145 0.222082
vt 0.842806 0.228441
vt 0.842241 0.223111
vt 0.842138 0.222139
vt 0.838773 0.228788
vt 0.837812 0.223336
vt 0.837631 0.222249
vt 0.115284 0.984825
vt 0.114585 0.990210
vt 0.110540 0.989996
vt 0.110848 0.984686
vt 0.110904 0.983722
vt 0.115414 0.983787
vt 0.106402 0.989940
vt 0.106401 0.984658
vt 0.106401 0.983707
vt 0.102263 0.989997
vt 0.101955 0.984686
vt 0.101898 0.983722
vt 0.098218 0.990212
vt 0.097518 0.984826
vt 0.097388 0.983789
vt 0.947647 0.685651
vt 0.946688 0.691103
vt 0.942655 0.690756
vt 0.943218 0.685427
vt 0.943320 0.684455
vt 0.947828 0.684564
vt 0.938508 0.690619
vt 0.938769 0.685358
vt 0.938817 0.684412
vt 0.934321 0.690581
vt 0.934313 0.685337
vt 0.934311 0.684398
vt 0.931148 0.690621
vt 0.931347 0.685358
vt 0.931382 0.684409
vt 0.931377 0.593386
vt 0.931378 0.683859
vt 0.928276 0.684427
vt 0.928272 0.683871
vt 0.928270 0.593374
vt 0.928277 0.592338
vt 0.931384 0.592360
vt 0.928361 0.685380
vt 0.928821 0.690648
vt 0.925994 0.690751
vt 0.925445 0.685424
vt 0.925344 0.684453
vt 0.921966 0.691099
vt 0.921015 0.685650
vt 0.920836 0.684563
vt 0.128170 0.890515
vt 0.128869 0.885129
vt 0.132914 0.885343
vt 0.132607 0.890654
vt 0.132551 0.891618
vt 0.128040 0.891552
vt 0.137053 0.885400
vt 0.137053 0.890682
vt 0.137053 0.891633
vt 0.141192 0.885343
vt 0.141500 0.890653
vt 0.141556 0.891617
vt 0.145236 0.885128
vt 0.145936 0.890514
vt 0.146066 0.891551
vt 0.864479 0.223332
vt 0.863520 0.228784
vt 0.859487 0.228438
vt 0.860050 0.223108
vt 0.860153 0.222136
vt 0.864660 0.222244
vt 0.855338 0.228302
vt 0.855601 0.223040
vt 0.855649 0.222094
vt 0.842194 0.129341
vt 0.842795 0.123678
vt 0.846940 0.123822
vt 0.846659 0.129413
vt 0.846627 0.130040
vt 0.842127 0.129984
vt 0.851128 0.123859
vt 0.851128 0.129431
vt 0.851129 0.130054
vt 0.837743 0.129112
vt 0.838764 0.123324
vt 0.837624 0.129830
vt 0.110856 0.890984
vt 0.110527 0.885342
vt 0.114569 0.885123
vt 0.115314 0.890841
vt 0.115399 0.891526
vt 0.110892 0.891621
vt 0.106394 0.891014
vt 0.106394 0.885401
vt 0.106394 0.891644
vt 0.101933 0.890984
vt 0.102261 0.885342
vt 0.101896 0.891622
vt 0.097474 0.890842
vt 0.098219 0.885124
vt 0.097389 0.891528
vt 0.943246 0.591658
vt 0.942646 0.585996
vt 0.946676 0.585641
vt 0.947698 0.591428
vt 0.947817 0.592146
vt 0.943314 0.592301
vt 0.938782 0.591732
vt 0.938504 0.586142
vt 0.938814 0.592358
vt 0.934311 0.591753
vt 0.934323 0.586183
vt 0.934310 0.592375
vt 0.931421 0.591734
vt 0.931758 0.586162
vt 0.920962 0.591430
vt 0.921976 0.585646
vt 0.926002 0.586002
vt 0.925415 0.591661
vt 0.925349 0.592303
vt 0.920844 0.592148
vt 0.132598 0.984356
vt 0.132927 0.989998
vt 0.128885 0.990217
vt 0.128139 0.984499
vt 0.128054 0.983814
vt 0.132561 0.983718
vt 0.137059 0.984326
vt 0.137060 0.989938
vt 0.137059 0.983696
vt 0.141521 0.984356
vt 0.141192 0.989998
vt 0.141557 0.983718
vt 0.145979 0.984498
vt 0.145235 0.990216
vt 0.146064 0.983813
vt 0.860062 0.129338
vt 0.859459 0.123675
vt 0.863490 0.123320
vt 0.864514 0.129107
vt 0.864633 0.129825
vt 0.860130 0.129981
vt 0.855598 0.129411
vt 0.855315 0.123820
vt 0.855630 0.130038
vt 0.846621 0.131064
vt 0.846638 0.221546
vt 0.842130 0.221573
vt 0.842112 0.131041
vt 0.837614 0.221603
vt 0.837596 0.131016
vt 0.115422 0.892652
vt 0.115427 0.983177
vt 0.110911 0.983162
vt 0.110905 0.892666
vt 0.106401 0.983155
vt 0.106394 0.892673
vt 0.101891 0.983163
vt 0.101883 0.892667
vt 0.097375 0.983179
vt 0.097367 0.892653
vt 0.947845 0.593332
vt 0.947844 0.683918
vt 0.943329 0.683889
vt 0.943329 0.593358
vt 0.938820 0.683863
vt 0.938819 0.593382
vt 0.934313 0.683854
vt 0.934312 0.593390
vt 0.925335 0.683888
vt 0.925333 0.593359
vt 0.920820 0.683918
vt 0.920817 0.593333
vt 0.128031 0.982688
vt 0.128027 0.892163
vt 0.132543 0.892178
vt 0.132548 0.982674
vt 0.137053 0.892185
vt 0.137059 0.982667
vt 0.141564 0.892177
vt 0.141570 0.982673
vt 0.146080 0.892161
vt 0.146087 0.982687
vt 0.864662 0.131011
vt 0.864676 0.221598
vt 0.860161 0.221570
vt 0.860146 0.131038
vt 0.855652 0.221544
vt 0.855636 0.131063
vt 0.851145 0.221536
vt 0.851129 0.131072
vt 0.935235 0.186511
vt 0.931546 0.186511
vt 0.938643 0.180117
vt 0.940620 0.182094
vt 0.930629 0.172103
vt 0.933391 0.174865
vt 0.925053 0.183202
vt 0.922885 0.180218
vt 0.936152 0.177626
vt 0.928038 0.185371
vt 0.941728 0.183202
vt 0.938744 0.185371
vt 0.928138 0.169612
vt 0.921745 0.176709
vt 0.925062 0.166516
vt 0.926161 0.167635
vt 0.921745 0.173020
vt 0.922885 0.169512
vt 0.931532 0.163219
vt 0.926810 0.165165
vt 0.929399 0.163843
vt 0.935235 0.163219
vt 0.938744 0.164359
vt 0.941728 0.166527
vt 0.943896 0.169512
vt 0.945036 0.173020
vt 0.945036 0.176709
vt 0.943896 0.180218
vt 0.752314 0.292131
vt 0.745921 0.299228
vt 0.743430 0.296737
vt 0.751174 0.288622
vt 0.746021 0.283470
vt 0.737907 0.291214
vt 0.735416 0.288723
vt 0.742513 0.282330
vt 0.740668 0.293975
vt 0.749006 0.285638
vt 0.752314 0.295820
vt 0.751174 0.299328
vt 0.749006 0.302313
vt 0.747898 0.301205
vt 0.746021 0.304481
vt 0.742513 0.305621
vt 0.738824 0.305621
vt 0.735315 0.304481
vt 0.732331 0.302313
vt 0.729023 0.295820
vt 0.730163 0.299328
vt 0.733439 0.286746
vt 0.729023 0.292117
vt 0.729720 0.289732
vt 0.730719 0.287921
vt 0.732336 0.285634
vt 0.738824 0.282330
vt 0.735315 0.283470
vt 0.928536 0.586099
vt 0.928305 0.591707
vt 0.935382 0.187439
vt 0.931399 0.187439
vt 0.924389 0.183867
vt 0.922048 0.180644
vt 0.927611 0.186208
vt 0.942393 0.183867
vt 0.939170 0.186208
vt 0.920817 0.176856
vt 0.920817 0.172873
vt 0.922048 0.169085
vt 0.924389 0.165863
vt 0.926310 0.164377
vt 0.929054 0.162976
vt 0.931399 0.162291
vt 0.935382 0.162291
vt 0.939170 0.163522
vt 0.942393 0.165863
vt 0.944734 0.169085
vt 0.945965 0.172873
vt 0.945965 0.176856
vt 0.944734 0.180644
vt 0.752011 0.288196
vt 0.753242 0.291984
vt 0.742660 0.281401
vt 0.746448 0.282632
vt 0.749670 0.284973
vt 0.753242 0.295967
vt 0.752011 0.299755
vt 0.749670 0.302977
vt 0.746448 0.305318
vt 0.742660 0.306549
vt 0.738677 0.306549
vt 0.734889 0.305318
vt 0.731666 0.302977
vt 0.729325 0.299755
vt 0.728094 0.295967
vt 0.728094 0.291984
vt 0.728858 0.289373
vt 0.729931 0.287428
vt 0.731666 0.284973
vt 0.734889 0.282632
vt 0.738677 0.281401
vt 0.659167 0.698838
vt 0.661012 0.698838
vt 0.661012 0.700902
vt 0.660643 0.700902
vt 0.659315 0.700902
vt 0.659167 0.700902
vt 0.909741 0.084414
vt 0.907677 0.084414
vt 0.907677 0.082442
vt 0.909741 0.082443
vt 0.907678 0.078499
vt 0.907678 0.076528
vt 0.909742 0.076528
vt 0.909742 0.078499
vt 0.653634 0.698838
vt 0.655478 0.698838
vt 0.655478 0.700902
vt 0.653634 0.700902
vt 0.377977 0.011861
vt 0.378000 0.009936
vt 0.380053 0.009905
vt 0.380102 0.012034
vt 0.384122 0.012312
vt 0.384079 0.009820
vt 0.386066 0.009786
vt 0.386096 0.012471
vt 0.373310 0.211419
vt 0.373310 0.208938
vt 0.375155 0.208938
vt 0.375155 0.211245
vt 0.378844 0.210897
vt 0.378844 0.208938
vt 0.378991 0.208938
vt 0.380319 0.208938
vt 0.380688 0.208938
vt 0.380688 0.210723
vt 0.382752 0.208938
vt 0.382752 0.210723
vt 0.382091 0.009855
vt 0.382163 0.012150
vt 0.907677 0.080471
vt 0.909741 0.080471
vt 0.376999 0.211071
vt 0.376999 0.208938
vt 0.657323 0.698838
vt 0.657323 0.700902
vt 0.386065 0.015167
vt 0.384068 0.014824
vt 0.379386 0.014038
vt 0.377690 0.013750
vt 0.382752 0.212507
vt 0.380688 0.212507
vt 0.378844 0.212856
vt 0.375155 0.213552
vt 0.373310 0.213900
vt 0.379934 0.016293
vt 0.377805 0.015720
vt 0.386061 0.017859
vt 0.384051 0.017330
vt 0.373310 0.216381
vt 0.375155 0.215859
vt 0.380688 0.214292
vt 0.378844 0.214814
vt 0.382752 0.214292
vt 0.051250 0.883656
vt 0.051250 0.885508
vt 0.049186 0.885509
vt 0.049186 0.883656
vt 0.427935 0.680601
vt 0.427935 0.682560
vt 0.425871 0.682560
vt 0.425871 0.680601
vt 0.377219 0.211245
vt 0.377219 0.213552
vt 0.051250 0.881803
vt 0.049186 0.881803
vt 0.988582 0.873657
vt 0.988582 0.875575
vt 0.986518 0.875575
vt 0.986518 0.873657
vt 0.377219 0.215859
vt 0.380046 0.013690
vt 0.380352 0.015424
vt 0.988582 0.871740
vt 0.986518 0.871740
vt 0.379991 0.018399
vt 0.377922 0.017672
vt 0.382006 0.016808
vt 0.382051 0.019111
vt 0.384085 0.019825
vt 0.386097 0.020542
vt 0.375155 0.218166
vt 0.373310 0.218862
vt 0.518481 0.112555
vt 0.520398 0.112555
vt 0.519816 0.114607
vt 0.517852 0.114774
vt 0.522315 0.112555
vt 0.521781 0.114440
vt 0.380688 0.216077
vt 0.378844 0.216773
vt 0.382752 0.216076
vt 0.961165 0.056615
vt 0.965582 0.051230
vt 0.967559 0.053207
vt 0.961165 0.060304
vt 0.975573 0.061221
vt 0.967458 0.068965
vt 0.964474 0.066797
vt 0.972811 0.058459
vt 0.962305 0.063812
vt 0.970050 0.055698
vt 0.962305 0.053106
vt 0.964474 0.050122
vt 0.978064 0.063712
vt 0.970967 0.070105
vt 0.981160 0.066788
vt 0.978164 0.068965
vt 0.974656 0.070105
vt 0.980041 0.065689
vt 0.984457 0.060318
vt 0.983833 0.062451
vt 0.982511 0.065040
vt 0.984457 0.056615
vt 0.983317 0.053106
vt 0.981149 0.050122
vt 0.978164 0.047953
vt 0.974656 0.046813
vt 0.970967 0.046813
vt 0.967458 0.047953
vt 0.641772 0.344802
vt 0.645280 0.345942
vt 0.637166 0.353686
vt 0.634675 0.351195
vt 0.650433 0.351094
vt 0.651573 0.354603
vt 0.645180 0.361700
vt 0.642688 0.359209
vt 0.648265 0.348110
vt 0.639927 0.356447
vt 0.638083 0.344802
vt 0.632698 0.349218
vt 0.631590 0.348110
vt 0.634574 0.345942
vt 0.628281 0.354603
vt 0.629421 0.351094
vt 0.628281 0.358292
vt 0.629421 0.361800
vt 0.631590 0.364785
vt 0.638083 0.368093
vt 0.634574 0.366953
vt 0.647156 0.363677
vt 0.648268 0.364780
vt 0.645981 0.366397
vt 0.644171 0.367396
vt 0.641786 0.368093
vt 0.651573 0.358292
vt 0.650433 0.361800
vt 0.890723 0.475255
vt 0.890791 0.475898
vt 0.886291 0.475955
vt 0.886259 0.475328
vt 0.885976 0.469737
vt 0.890120 0.469592
vt 0.895174 0.475024
vt 0.895293 0.475742
vt 0.894151 0.469237
vt 0.929763 0.823943
vt 0.929726 0.824581
vt 0.925220 0.824487
vt 0.925304 0.823801
vt 0.926049 0.818083
vt 0.930091 0.818301
vt 0.934224 0.823972
vt 0.934225 0.824602
vt 0.934224 0.818360
vt 0.938686 0.823942
vt 0.938723 0.824580
vt 0.938357 0.818300
vt 0.943144 0.823799
vt 0.943229 0.824484
vt 0.942399 0.818081
vt 0.921038 0.475255
vt 0.920970 0.475898
vt 0.916468 0.475743
vt 0.916587 0.475025
vt 0.917608 0.469238
vt 0.921639 0.469593
vt 0.925502 0.475329
vt 0.925471 0.475955
vt 0.925781 0.469739
vt 0.929974 0.475350
vt 0.929975 0.475972
vt 0.929962 0.469781
vt 0.932864 0.475332
vt 0.932901 0.475958
vt 0.932527 0.469760
vt 0.935980 0.475305
vt 0.936007 0.475936
vt 0.935748 0.469696
vt 0.938870 0.475259
vt 0.938936 0.475901
vt 0.938282 0.469599
vt 0.943322 0.475028
vt 0.943440 0.475746
vt 0.942309 0.469244
vt 0.487540 0.979927
vt 0.487577 0.979289
vt 0.492084 0.979385
vt 0.491999 0.980070
vt 0.491253 0.985788
vt 0.487211 0.985569
vt 0.483079 0.979897
vt 0.483079 0.979267
vt 0.483078 0.985509
vt 0.478617 0.979927
vt 0.478581 0.979289
vt 0.478946 0.985569
vt 0.474159 0.980069
vt 0.474074 0.979383
vt 0.474904 0.985786
vt 0.872855 0.475257
vt 0.872787 0.475900
vt 0.868285 0.475746
vt 0.868403 0.475027
vt 0.869425 0.469240
vt 0.873456 0.469594
vt 0.877319 0.475329
vt 0.877287 0.475956
vt 0.877601 0.469738
vt 0.881789 0.475348
vt 0.881789 0.475971
vt 0.881788 0.469776
vt 0.932902 0.567456
vt 0.932907 0.476983
vt 0.936014 0.476972
vt 0.936009 0.567469
vt 0.936004 0.568025
vt 0.932899 0.568007
vt 0.929968 0.567451
vt 0.929973 0.476988
vt 0.929970 0.567995
vt 0.925461 0.567460
vt 0.925465 0.476979
vt 0.925464 0.568009
vt 0.920952 0.567486
vt 0.920955 0.476955
vt 0.920960 0.568052
vt 0.916437 0.567515
vt 0.916439 0.476929
vt 0.916453 0.568161
vt 0.938747 0.916120
vt 0.938736 0.825624
vt 0.943252 0.825610
vt 0.943263 0.916135
vt 0.943249 0.916746
vt 0.938739 0.916680
vt 0.934236 0.916114
vt 0.934225 0.825632
vt 0.934236 0.916665
vt 0.929726 0.916122
vt 0.929713 0.825626
vt 0.929734 0.916681
vt 0.925210 0.916138
vt 0.925197 0.825613
vt 0.925224 0.916748
vt 0.890816 0.567487
vt 0.890806 0.476955
vt 0.895322 0.476928
vt 0.895332 0.567516
vt 0.895315 0.568161
vt 0.890808 0.568053
vt 0.886307 0.567461
vt 0.886296 0.476979
vt 0.886304 0.568011
vt 0.881800 0.567452
vt 0.881789 0.476989
vt 0.881800 0.567998
vt 0.877294 0.567462
vt 0.877282 0.476981
vt 0.877297 0.568012
vt 0.872785 0.567489
vt 0.872772 0.476957
vt 0.872793 0.568055
vt 0.868269 0.567519
vt 0.868256 0.476931
vt 0.868286 0.568165
vt 0.478576 0.887748
vt 0.478568 0.978244
vt 0.474051 0.978257
vt 0.474060 0.887732
vt 0.474074 0.887122
vt 0.478584 0.887188
vt 0.483087 0.887756
vt 0.483079 0.978238
vt 0.483087 0.887204
vt 0.487597 0.887749
vt 0.487590 0.978245
vt 0.487589 0.887189
vt 0.492113 0.887734
vt 0.492107 0.978259
vt 0.492099 0.887123
vt 0.938945 0.567486
vt 0.938951 0.476957
vt 0.943468 0.476931
vt 0.943461 0.567515
vt 0.943445 0.568161
vt 0.938936 0.568051
vt 0.881801 0.568940
vt 0.886256 0.568957
vt 0.885993 0.574219
vt 0.881801 0.574184
vt 0.877345 0.568958
vt 0.877609 0.574220
vt 0.872896 0.569027
vt 0.873461 0.574357
vt 0.868467 0.569252
vt 0.869427 0.574704
vt 0.478640 0.886224
vt 0.474204 0.886085
vt 0.474904 0.880699
vt 0.478949 0.880914
vt 0.483087 0.886253
vt 0.483087 0.880971
vt 0.487533 0.886225
vt 0.487226 0.880914
vt 0.491970 0.886086
vt 0.491271 0.880700
vt 0.938836 0.569022
vt 0.943265 0.569248
vt 0.942314 0.574697
vt 0.938286 0.574349
vt 0.935920 0.568977
vt 0.935459 0.574246
vt 0.932934 0.568955
vt 0.933132 0.574218
vt 0.929968 0.568935
vt 0.929959 0.574178
vt 0.925512 0.568955
vt 0.925772 0.574216
vt 0.921063 0.569024
vt 0.921625 0.574353
vt 0.916634 0.569248
vt 0.917593 0.574700
vt 0.938683 0.917644
vt 0.943120 0.917783
vt 0.942421 0.923169
vt 0.938376 0.922955
vt 0.934237 0.917617
vt 0.934237 0.922898
vt 0.929790 0.917645
vt 0.930099 0.922956
vt 0.925353 0.917785
vt 0.926054 0.923171
vt 0.890705 0.569025
vt 0.895134 0.569249
vt 0.894175 0.574701
vt 0.890142 0.574355
vt 0.960237 0.056468
vt 0.960237 0.060451
vt 0.963809 0.067461
vt 0.967032 0.069802
vt 0.961468 0.064239
vt 0.963809 0.049457
vt 0.961468 0.052680
vt 0.970820 0.071033
vt 0.974803 0.071033
vt 0.978591 0.069802
vt 0.981813 0.067461
vt 0.983299 0.065539
vt 0.984700 0.062796
vt 0.985385 0.060451
vt 0.985385 0.056468
vt 0.984154 0.052680
vt 0.981813 0.049457
vt 0.978591 0.047116
vt 0.974803 0.045885
vt 0.970820 0.045885
vt 0.967032 0.047116
vt 0.645707 0.345104
vt 0.641919 0.343873
vt 0.652501 0.354456
vt 0.651270 0.350668
vt 0.648929 0.347445
vt 0.637936 0.343873
vt 0.634148 0.345104
vt 0.630925 0.347445
vt 0.628584 0.350668
vt 0.627353 0.354456
vt 0.627353 0.358439
vt 0.628584 0.362227
vt 0.630925 0.365449
vt 0.634148 0.367790
vt 0.637936 0.369021
vt 0.641919 0.369021
vt 0.644530 0.368258
vt 0.646474 0.367185
vt 0.648929 0.365449
vt 0.651270 0.362227
vt 0.652501 0.358439
vt 0.497804 0.602168
vt 0.497804 0.604232
vt 0.495952 0.604232
vt 0.495952 0.602168
vt 0.661485 0.144971
vt 0.663549 0.144971
vt 0.663548 0.146930
vt 0.661484 0.146929
vt 0.507929 0.469226
vt 0.505865 0.469226
vt 0.505865 0.466919
vt 0.507929 0.466919
vt 0.499657 0.602168
vt 0.499657 0.604232
vt 0.296386 0.113472
vt 0.296386 0.111408
vt 0.298303 0.111408
vt 0.298303 0.113472
vt 0.507929 0.471533
vt 0.505865 0.471533
vt 0.663548 0.148888
vt 0.661484 0.148888
vt 0.294469 0.113472
vt 0.294469 0.111408
vt 0.627354 0.381816
vt 0.629486 0.381816
vt 0.629660 0.383661
vt 0.627353 0.383660
vt 0.627354 0.379971
vt 0.629313 0.379972
vt 0.506085 0.466745
vt 0.504240 0.466571
vt 0.504240 0.464612
vt 0.506085 0.464612
vt 0.507929 0.464612
vt 0.500332 0.468182
vt 0.502396 0.468182
vt 0.502396 0.469966
vt 0.500332 0.469966
vt 0.500332 0.466397
vt 0.502396 0.466397
vt 0.502396 0.464612
vt 0.500332 0.464612
vt 0.357854 0.128146
vt 0.355790 0.128146
vt 0.355790 0.126302
vt 0.357854 0.126302
vt 0.357854 0.129991
vt 0.355790 0.129991
vt 0.009766 0.373460
vt 0.009766 0.371489
vt 0.011830 0.371489
vt 0.011830 0.373460
vt 0.011830 0.375432
vt 0.009766 0.375432
vt 0.665393 0.146582
vt 0.665392 0.148366
vt 0.665393 0.144797
vt 0.663549 0.143012
vt 0.665393 0.143013
vt 0.355790 0.124457
vt 0.357854 0.124457
vt 0.504093 0.468502
vt 0.502765 0.468251
vt 0.504240 0.468530
vt 0.659639 0.148365
vt 0.659640 0.146581
vt 0.660009 0.146650
vt 0.661337 0.146901
vt 0.011830 0.377403
vt 0.009766 0.377403
vt 0.659859 0.147625
vt 0.659859 0.149932
vt 0.658014 0.150454
vt 0.658015 0.147973
vt 0.009766 0.369517
vt 0.011830 0.369517
vt 0.509774 0.469574
vt 0.509774 0.472055
vt 0.509774 0.467093
vt 0.509774 0.464612
vt 0.357854 0.131835
vt 0.355790 0.131835
vt 0.659860 0.145319
vt 0.658015 0.145492
vt 0.658015 0.143011
vt 0.659860 0.143012
vt 0.665392 0.150151
vt 0.663548 0.150847
vt 0.500332 0.471751
vt 0.502396 0.471751
vt 0.504240 0.472447
vt 0.504240 0.470488
vt 0.988718 0.495374
vt 0.988726 0.497291
vt 0.986677 0.497881
vt 0.986835 0.495916
vt 0.988734 0.499208
vt 0.986518 0.499846
vt 0.509774 0.474536
vt 0.507929 0.473840
vt 0.659858 0.152239
vt 0.658014 0.152935
vt 0.661703 0.151543
vt 0.661703 0.149410
vt 0.285669 0.422775
vt 0.286062 0.426059
vt 0.265719 0.426045
vt 0.265719 0.422743
vt 0.306166 0.425966
vt 0.305382 0.422711
vt 0.325703 0.424595
vt 0.324214 0.421309
vt 0.588030 0.305618
vt 0.603999 0.317224
vt 0.601654 0.319569
vt 0.586524 0.308572
vt 0.569257 0.299514
vt 0.568737 0.302790
vt 0.549516 0.299511
vt 0.550034 0.302786
vt 0.530741 0.305607
vt 0.532245 0.308563
vt 0.737709 0.822597
vt 0.718199 0.821230
vt 0.719685 0.817949
vt 0.738492 0.819346
vt 0.757788 0.822689
vt 0.758178 0.819411
vt 0.778096 0.822699
vt 0.778057 0.819406
vt 0.792858 0.822670
vt 0.793301 0.819368
vt 0.791897 0.829650
vt 0.806678 0.829579
vt 0.806678 0.829932
vt 0.791896 0.830001
vt 0.818676 0.822647
vt 0.805101 0.822876
vt 0.804384 0.819722
vt 0.817966 0.819411
vt 0.838178 0.821238
vt 0.836696 0.817959
vt 0.530720 0.418048
vt 0.514752 0.406443
vt 0.517096 0.404097
vt 0.532226 0.415094
vt 0.549493 0.424152
vt 0.550013 0.420877
vt 0.569234 0.424156
vt 0.568716 0.420880
vt 0.588009 0.418059
vt 0.586505 0.415103
vt 0.225272 0.425978
vt 0.205736 0.424613
vt 0.207224 0.421327
vt 0.226056 0.422723
vt 0.245377 0.426065
vt 0.245769 0.422781
vt 0.285673 0.446731
vt 0.286137 0.442843
vt 0.306316 0.442931
vt 0.305385 0.446789
vt 0.265722 0.442860
vt 0.265723 0.446769
vt 0.325985 0.444264
vt 0.324217 0.448187
vt 0.582129 0.592000
vt 0.583913 0.595506
vt 0.564954 0.601662
vt 0.564340 0.597777
vt 0.545020 0.601659
vt 0.545636 0.597774
vt 0.526063 0.595496
vt 0.527849 0.591991
vt 0.509939 0.583777
vt 0.512720 0.580995
vt 0.719686 0.844790
vt 0.717920 0.840872
vt 0.737562 0.839537
vt 0.738492 0.843390
vt 0.757712 0.839442
vt 0.758172 0.843324
vt 0.778094 0.839429
vt 0.777987 0.843326
vt 0.791017 0.839351
vt 0.790481 0.843150
vt 0.817995 0.843318
vt 0.818819 0.839476
vt 0.838460 0.840849
vt 0.836701 0.844764
vt 0.527867 0.485460
vt 0.526083 0.481955
vt 0.545042 0.475798
vt 0.545657 0.479683
vt 0.564976 0.475802
vt 0.564360 0.479687
vt 0.583933 0.481965
vt 0.582147 0.485469
vt 0.600058 0.493684
vt 0.597277 0.496466
vt 0.207228 0.448205
vt 0.205459 0.444282
vt 0.225128 0.442943
vt 0.226060 0.446801
vt 0.245307 0.442849
vt 0.245772 0.446738
vt 0.286910 0.432991
vt 0.307861 0.432935
vt 0.307861 0.433298
vt 0.286909 0.433344
vt 0.328950 0.432502
vt 0.328953 0.432953
vt 0.474399 0.669647
vt 0.452412 0.669648
vt 0.452412 0.669284
vt 0.474399 0.669282
vt 0.430425 0.669650
vt 0.430425 0.669285
vt 0.408438 0.669652
vt 0.408438 0.669287
vt 0.386451 0.669654
vt 0.386451 0.669289
vt 0.714958 0.829127
vt 0.736018 0.829556
vt 0.736018 0.829919
vt 0.714954 0.829577
vt 0.756944 0.829609
vt 0.756945 0.829962
vt 0.778193 0.829625
vt 0.778193 0.829974
vt 0.820255 0.829551
vt 0.820255 0.829913
vt 0.841412 0.829122
vt 0.841415 0.829571
vt 0.220009 0.458867
vt 0.241996 0.458871
vt 0.241996 0.459236
vt 0.220009 0.459232
vt 0.263983 0.458875
vt 0.263983 0.459240
vt 0.285970 0.458879
vt 0.285970 0.459244
vt 0.307957 0.458883
vt 0.307957 0.459247
vt 0.202491 0.432522
vt 0.223580 0.432948
vt 0.223580 0.433311
vt 0.202488 0.432972
vt 0.244531 0.432998
vt 0.244532 0.433351
vt 0.265720 0.433002
vt 0.265721 0.433353
vt 0.597262 0.581009
vt 0.595795 0.545199
vt 0.611151 0.547634
vt 0.533550 0.535329
vt 0.554998 0.538730
vt 0.576447 0.542131
vt 0.614042 0.548092
vt 0.608259 0.565880
vt 0.514201 0.532262
vt 0.495955 0.529368
vt 0.498846 0.529827
vt 0.501728 0.565861
vt 0.495952 0.548072
vt 0.503273 0.519187
vt 0.499157 0.518421
vt 0.505716 0.505526
vt 0.512734 0.496451
vt 0.608268 0.511599
vt 0.614045 0.529388
vt 0.600172 0.368302
vt 0.580823 0.365234
vt 0.537927 0.358432
vt 0.518578 0.355364
vt 0.559375 0.361833
vt 0.612645 0.334702
vt 0.618422 0.352492
vt 0.618418 0.371195
vt 0.615528 0.370737
vt 0.612635 0.388983
vt 0.601639 0.404112
vt 0.504436 0.368097
vt 0.506105 0.388964
vt 0.501800 0.376937
vt 0.500510 0.366586
vt 0.500332 0.352471
vt 0.503222 0.352929
vt 0.517111 0.319554
vt 0.506115 0.334684
vt 0.805705 0.843064
vt 0.806065 0.839290
vt 0.791882 0.832841
vt 0.806691 0.832798
vt 0.806694 0.833108
vt 0.791879 0.833149
vt 0.778198 0.832808
vt 0.778199 0.833114
vt 0.756944 0.832817
vt 0.756944 0.833126
vt 0.736018 0.832863
vt 0.736018 0.833181
vt 0.714955 0.833215
vt 0.714958 0.833610
vt 0.408437 0.666329
vt 0.386450 0.666330
vt 0.386450 0.666011
vt 0.408437 0.666009
vt 0.430425 0.666327
vt 0.430425 0.666007
vt 0.452412 0.666325
vt 0.452412 0.666005
vt 0.474399 0.666324
vt 0.474399 0.666004
vt 0.307861 0.436247
vt 0.328953 0.436596
vt 0.328950 0.436991
vt 0.307861 0.436565
vt 0.286910 0.436205
vt 0.286910 0.436515
vt 0.265721 0.436203
vt 0.265721 0.436511
vt 0.244532 0.436212
vt 0.244532 0.436521
vt 0.223581 0.436260
vt 0.223581 0.436578
vt 0.202489 0.436615
vt 0.202492 0.437010
vt 0.285970 0.462202
vt 0.307957 0.462206
vt 0.307957 0.462525
vt 0.285970 0.462522
vt 0.263983 0.462198
vt 0.263983 0.462518
vt 0.241995 0.462194
vt 0.241995 0.462514
vt 0.220008 0.462190
vt 0.220008 0.462510
vt 0.820252 0.832844
vt 0.841416 0.833204
vt 0.841413 0.833598
vt 0.820251 0.833161
vt 0.307189 0.439338
vt 0.286572 0.439263
vt 0.327656 0.440287
vt 0.565532 0.605312
vt 0.585589 0.598799
vt 0.586897 0.601368
vt 0.565982 0.608159
vt 0.544442 0.605309
vt 0.543990 0.608156
vt 0.524385 0.598788
vt 0.523076 0.601356
vt 0.507326 0.586390
vt 0.505288 0.588428
vt 0.736690 0.835950
vt 0.716251 0.836901
vt 0.757280 0.835869
vt 0.778160 0.835855
vt 0.791511 0.835844
vt 0.806411 0.835796
vt 0.819622 0.835910
vt 0.840122 0.836884
vt 0.544465 0.472148
vt 0.524407 0.478661
vt 0.523100 0.476092
vt 0.544014 0.469301
vt 0.565555 0.472152
vt 0.566006 0.469305
vt 0.585612 0.478672
vt 0.586921 0.476104
vt 0.602671 0.491070
vt 0.604709 0.489032
vt 0.224254 0.439351
vt 0.203787 0.440306
vt 0.244871 0.439269
vt 0.265721 0.439267
vt 0.265720 0.429999
vt 0.286541 0.429998
vt 0.244899 0.430004
vt 0.224313 0.429927
vt 0.203901 0.428942
vt 0.570359 0.431262
vt 0.569868 0.428163
vt 0.589850 0.421675
vt 0.591273 0.424471
vt 0.548366 0.431258
vt 0.548858 0.428159
vt 0.527452 0.424459
vt 0.528877 0.421663
vt 0.509664 0.411531
vt 0.511883 0.409312
vt 0.819568 0.826561
vt 0.840005 0.825553
vt 0.805983 0.826682
vt 0.792319 0.826633
vt 0.778147 0.826637
vt 0.757312 0.826622
vt 0.736750 0.826540
vt 0.716366 0.825553
vt 0.548392 0.292404
vt 0.548882 0.295504
vt 0.528901 0.301992
vt 0.527477 0.299195
vt 0.570384 0.292408
vt 0.569892 0.295507
vt 0.591298 0.299207
vt 0.589873 0.302003
vt 0.609086 0.312135
vt 0.606867 0.314355
vt 0.307127 0.429915
vt 0.327538 0.428923
vt 0.738612 0.857354
vt 0.738613 0.855734
vt 0.860621 0.855745
vt 0.860621 0.857365
vt 0.860630 0.867605
vt 0.738602 0.867594
vt 0.236241 0.872577
vt 0.236241 0.874197
vt 0.112265 0.874174
vt 0.112265 0.872555
vt 0.112257 0.862314
vt 0.236253 0.862337
vt 0.087831 0.823375
vt 0.087832 0.821756
vt 0.200217 0.821754
vt 0.200218 0.823373
vt 0.200239 0.833614
vt 0.087810 0.833615
vt 0.565258 0.815893
vt 0.565258 0.814274
vt 0.677643 0.814253
vt 0.677644 0.815872
vt 0.677667 0.826112
vt 0.565238 0.826133
vt 0.681353 0.814260
vt 0.681353 0.815879
vt 0.681363 0.826114
vt 0.685048 0.814268
vt 0.685048 0.815887
vt 0.685042 0.826121
vt 0.688722 0.814278
vt 0.688721 0.815897
vt 0.688695 0.826133
vt 0.692368 0.814289
vt 0.692367 0.815908
vt 0.692316 0.826150
vt 0.695985 0.814300
vt 0.695984 0.815919
vt 0.695901 0.826172
vt 0.699576 0.814308
vt 0.699575 0.815929
vt 0.699460 0.826197
vt 0.703149 0.814312
vt 0.703147 0.815933
vt 0.703017 0.826227
vt 0.728096 0.857359
vt 0.728094 0.855740
vt 0.731634 0.855739
vt 0.731636 0.857358
vt 0.731718 0.867605
vt 0.728198 0.867618
vt 0.735134 0.855737
vt 0.735134 0.857356
vt 0.735173 0.867597
vt 0.862574 0.857366
vt 0.862574 0.855747
vt 0.866054 0.855749
vt 0.866053 0.857369
vt 0.866013 0.867609
vt 0.862566 0.867605
vt 0.869555 0.855752
vt 0.869554 0.857371
vt 0.869475 0.867617
vt 0.873096 0.855754
vt 0.873094 0.857373
vt 0.872997 0.867631
vt 0.062329 0.823440
vt 0.062326 0.821820
vt 0.065899 0.821816
vt 0.065901 0.823436
vt 0.066018 0.833704
vt 0.062461 0.833734
vt 0.069490 0.821806
vt 0.069492 0.823426
vt 0.069576 0.833678
vt 0.073107 0.821794
vt 0.073108 0.823414
vt 0.073162 0.833655
vt 0.076753 0.821782
vt 0.076754 0.823402
vt 0.076782 0.833638
vt 0.080427 0.821772
vt 0.080427 0.823391
vt 0.080435 0.833625
vt 0.084122 0.821763
vt 0.084122 0.823382
vt 0.084115 0.833617
vt 0.561548 0.815901
vt 0.561548 0.814282
vt 0.561543 0.826136
vt 0.557853 0.815911
vt 0.557853 0.814291
vt 0.557863 0.826145
vt 0.554180 0.815922
vt 0.554179 0.814303
vt 0.554210 0.826158
vt 0.550535 0.815935
vt 0.550533 0.814315
vt 0.550590 0.826176
vt 0.546918 0.815947
vt 0.546916 0.814327
vt 0.547004 0.826199
vt 0.543327 0.815958
vt 0.543325 0.814338
vt 0.543446 0.826227
vt 0.539755 0.815963
vt 0.539752 0.814343
vt 0.539889 0.826257
vt 0.105288 0.872548
vt 0.105286 0.874168
vt 0.101747 0.874165
vt 0.101749 0.872546
vt 0.101853 0.862287
vt 0.105373 0.862302
vt 0.108787 0.872551
vt 0.108786 0.874171
vt 0.108828 0.862311
vt 0.239719 0.872576
vt 0.239720 0.874195
vt 0.239682 0.862335
vt 0.243218 0.872574
vt 0.243219 0.874193
vt 0.243137 0.862327
vt 0.246757 0.872573
vt 0.246759 0.874192
vt 0.246657 0.862314
vt 0.222148 0.823434
vt 0.222150 0.821814
vt 0.225723 0.821818
vt 0.225720 0.823438
vt 0.225589 0.833732
vt 0.222032 0.833703
vt 0.218557 0.823424
vt 0.218559 0.821804
vt 0.218473 0.833676
vt 0.214941 0.823412
vt 0.214942 0.821792
vt 0.214888 0.833654
vt 0.211295 0.823400
vt 0.211296 0.821781
vt 0.211267 0.833636
vt 0.207622 0.823390
vt 0.207622 0.821770
vt 0.207614 0.833623
vt 0.203927 0.823381
vt 0.203927 0.821761
vt 0.203935 0.833616
vt 0.178468 0.205408
vt 0.178484 0.317823
vt 0.178210 0.321590
vt 0.177391 0.325266
vt 0.176050 0.328757
vt 0.174218 0.331980
vt 0.171940 0.334855
vt 0.169274 0.337310
vt 0.166283 0.339285
vt 0.163043 0.340732
vt 0.159633 0.341614
vt 0.156136 0.341911
vt 0.154167 0.341912
vt 0.032137 0.341930
vt 0.028641 0.341634
vt 0.025230 0.340752
vt 0.021990 0.339306
vt 0.018999 0.337332
vt 0.016331 0.334878
vt 0.014053 0.332004
vt 0.012220 0.328782
vt 0.010877 0.325290
vt 0.010058 0.321615
vt 0.009782 0.317848
vt 0.009766 0.205433
vt 0.010040 0.201665
vt 0.010858 0.197990
vt 0.012200 0.194498
vt 0.014032 0.191275
vt 0.016310 0.188401
vt 0.018976 0.185946
vt 0.021967 0.183970
vt 0.025207 0.182524
vt 0.028617 0.181641
vt 0.032113 0.181344
vt 0.156113 0.181325
vt 0.159609 0.181621
vt 0.163020 0.182503
vt 0.166260 0.183949
vt 0.169251 0.185923
vt 0.171918 0.188377
vt 0.174197 0.191251
vt 0.176030 0.194473
vt 0.177373 0.197965
vt 0.178192 0.201640
vt 0.203923 0.840760
vt 0.207551 0.840767
vt 0.207536 0.842410
vt 0.203916 0.842403
vt 0.211151 0.840782
vt 0.211128 0.842425
vt 0.214704 0.840805
vt 0.214672 0.842448
vt 0.218190 0.840836
vt 0.218150 0.842481
vt 0.221586 0.840878
vt 0.221532 0.842524
vt 0.224858 0.840934
vt 0.224753 0.842579
vt 0.246068 0.855138
vt 0.242839 0.855163
vt 0.242817 0.853518
vt 0.245994 0.853493
vt 0.239571 0.855176
vt 0.239564 0.853530
vt 0.236194 0.855177
vt 0.236176 0.853532
vt 0.112318 0.855155
vt 0.112337 0.853509
vt 0.108942 0.855152
vt 0.108950 0.853506
vt 0.105674 0.855138
vt 0.105696 0.853493
vt 0.102445 0.855112
vt 0.102519 0.853467
vt 0.540620 0.833459
vt 0.543892 0.833403
vt 0.543947 0.835048
vt 0.540725 0.835104
vt 0.547288 0.833360
vt 0.547329 0.835004
vt 0.550775 0.833327
vt 0.550807 0.834971
vt 0.554328 0.833303
vt 0.554352 0.834947
vt 0.557927 0.833288
vt 0.557943 0.834931
vt 0.561555 0.833281
vt 0.561562 0.834924
vt 0.565281 0.833282
vt 0.565297 0.834925
vt 0.677627 0.833261
vt 0.677611 0.834904
vt 0.681353 0.833258
vt 0.681346 0.834901
vt 0.684980 0.833264
vt 0.684965 0.834907
vt 0.688580 0.833278
vt 0.688557 0.834922
vt 0.692133 0.833301
vt 0.692102 0.834944
vt 0.695619 0.833332
vt 0.695579 0.834976
vt 0.699015 0.833374
vt 0.698961 0.835019
vt 0.702287 0.833429
vt 0.702182 0.835074
vt 0.728787 0.874794
vt 0.732016 0.874768
vt 0.732038 0.876414
vt 0.728861 0.876439
vt 0.735283 0.874755
vt 0.735291 0.876401
vt 0.738660 0.874753
vt 0.738679 0.876399
vt 0.860563 0.874765
vt 0.860543 0.876410
vt 0.862602 0.874763
vt 0.865953 0.874767
vt 0.865949 0.876412
vt 0.862609 0.876409
vt 0.869209 0.874780
vt 0.869188 0.876426
vt 0.872434 0.874806
vt 0.872361 0.876452
vt 0.063191 0.840936
vt 0.066463 0.840881
vt 0.066517 0.842526
vt 0.063296 0.842581
vt 0.069859 0.840838
vt 0.069899 0.842482
vt 0.073346 0.840806
vt 0.073377 0.842450
vt 0.076899 0.840783
vt 0.076922 0.842426
vt 0.080498 0.840768
vt 0.080514 0.842411
vt 0.084126 0.840762
vt 0.084133 0.842405
vt 0.087852 0.840764
vt 0.087868 0.842407
vt 0.200198 0.840763
vt 0.200182 0.842406
vt 0.789430 0.281405
vt 0.790993 0.281406
vt 0.790983 0.337542
vt 0.789419 0.337542
vt 0.714954 0.618649
vt 0.714954 0.617085
vt 0.841392 0.617094
vt 0.841392 0.618657
vt 0.386460 0.781980
vt 0.388024 0.781980
vt 0.388014 0.838117
vt 0.386450 0.838117
vt 0.789415 0.359022
vt 0.789417 0.348282
vt 0.790981 0.348282
vt 0.790979 0.359022
vt 0.386462 0.771240
vt 0.388025 0.771240
vt 0.386464 0.760500
vt 0.388027 0.760501
vt 0.837554 0.337551
vt 0.837565 0.281414
vt 0.839686 0.281415
vt 0.839675 0.337552
vt 0.837552 0.348291
vt 0.839673 0.348292
vt 0.837550 0.359031
vt 0.839671 0.359032
vt 0.841395 0.570522
vt 0.714958 0.570514
vt 0.714958 0.568393
vt 0.841395 0.568401
vt 0.434597 0.771249
vt 0.434599 0.760509
vt 0.436720 0.760509
vt 0.436718 0.771249
vt 0.434595 0.781989
vt 0.436716 0.781989
vt 0.434585 0.838125
vt 0.436706 0.838126
vt 0.218921 0.609967
vt 0.218918 0.626004
vt 0.184970 0.626007
vt 0.184968 0.609980
vt 0.218925 0.674078
vt 0.184977 0.674082
vt 0.184972 0.642470
vt 0.218920 0.642466
vt 0.607611 0.128638
vt 0.605568 0.118802
vt 0.611520 0.121932
vt 0.627300 0.128133
vt 0.649724 0.239476
vt 0.652377 0.252583
vt 0.634619 0.256276
vt 0.632889 0.243994
vt 0.671066 0.226742
vt 0.672115 0.240725
vt 0.626556 0.551809
vt 0.625896 0.545105
vt 0.660784 0.541857
vt 0.660241 0.548432
vt 0.683794 0.556522
vt 0.681991 0.562189
vt 0.703922 0.230107
vt 0.703357 0.244229
vt 0.701196 0.562751
vt 0.699469 0.568363
vt 0.628060 0.229005
vt 0.627361 0.226818
vt 0.644153 0.221097
vt 0.646650 0.229925
vt 0.629942 0.235376
vt 0.794365 0.703279
vt 0.785485 0.703251
vt 0.785608 0.672090
vt 0.794388 0.672060
vt 0.794174 0.647942
vt 0.785035 0.647805
vt 0.618483 0.210169
vt 0.618436 0.169597
vt 0.645254 0.169334
vt 0.645316 0.210137
vt 0.635411 0.278043
vt 0.652117 0.275873
vt 0.649914 0.289012
vt 0.633987 0.288364
vt 0.669222 0.275234
vt 0.666575 0.289790
vt 0.696702 0.611760
vt 0.680631 0.613428
vt 0.678324 0.600373
vt 0.694837 0.602267
vt 0.664063 0.614213
vt 0.661435 0.599633
vt 0.633661 0.618156
vt 0.631346 0.603698
vt 0.699317 0.279213
vt 0.697082 0.293686
vt 0.627353 0.329110
vt 0.643305 0.331448
vt 0.687420 0.655819
vt 0.703356 0.653441
vt 0.640033 0.662576
vt 0.671137 0.658174
vt 0.659622 0.333771
vt 0.690784 0.338118
vt 0.527699 0.237737
vt 0.509092 0.237642
vt 0.510071 0.221534
vt 0.527696 0.221166
vt 0.763135 0.281403
vt 0.779321 0.281406
vt 0.779222 0.299222
vt 0.763206 0.299995
vt 0.627952 0.593672
vt 0.627141 0.568835
vt 0.658721 0.565187
vt 0.659667 0.588543
vt 0.702597 0.269079
vt 0.671050 0.264191
vt 0.677959 0.576542
vt 0.677557 0.590577
vt 0.653295 0.266543
vt 0.646076 0.143017
vt 0.618748 0.142703
vt 0.550788 0.118200
vt 0.551459 0.128646
vt 0.527822 0.128257
vt 0.540975 0.123399
vt 0.551440 0.142528
vt 0.509092 0.143190
vt 0.509938 0.210207
vt 0.509961 0.168941
vt 0.541858 0.169816
vt 0.541874 0.210217
vt 0.615261 0.154758
vt 0.637961 0.157708
vt 0.618652 0.612547
vt 0.619877 0.623494
vt 0.197508 0.681503
vt 0.224357 0.681500
vt 0.625580 0.664742
vt 0.515416 0.158906
vt 0.546372 0.154173
vt 0.710920 0.298601
vt 0.711489 0.288598
vt 0.705243 0.340247
vt 0.301052 0.681485
vt 0.301051 0.674068
vt 0.345544 0.674061
vt 0.333014 0.681477
vt 0.283571 0.681489
vt 0.283569 0.674070
vt 0.618582 0.158202
vt 0.644439 0.159612
vt 0.509823 0.160028
vt 0.544282 0.157907
vt 0.704932 0.219049
vt 0.670422 0.215972
vt 0.844279 0.493948
vt 0.829732 0.494857
vt 0.828836 0.477515
vt 0.846514 0.477517
vt 0.301047 0.642456
vt 0.345540 0.642448
vt 0.345538 0.625985
vt 0.301045 0.625994
vt 0.345536 0.609959
vt 0.301035 0.609949
vt 0.498259 0.164442
vt 0.498258 0.180826
vt 0.487896 0.180228
vt 0.487191 0.163864
vt 0.715428 0.285364
vt 0.614213 0.608364
vt 0.694600 0.591165
vt 0.832231 0.648000
vt 0.794199 0.629605
vt 0.832228 0.629651
vt 0.832297 0.672057
vt 0.832298 0.703285
vt 0.597837 0.128558
vt 0.559505 0.128583
vt 0.559700 0.118461
vt 0.597770 0.118442
vt 0.597838 0.142352
vt 0.559414 0.142381
vt 0.597971 0.152556
vt 0.559305 0.152561
vt 0.598864 0.157168
vt 0.558494 0.157181
vt 0.597952 0.169815
vt 0.559316 0.169839
vt 0.559337 0.210221
vt 0.597974 0.210199
vt 0.244890 0.681497
vt 0.244888 0.674075
vt 0.244883 0.642465
vt 0.283565 0.642459
vt 0.244881 0.626003
vt 0.283563 0.625998
vt 0.248039 0.609947
vt 0.283557 0.609942
vt 0.244885 0.609947
vt 0.285922 0.609942
vt 0.840076 0.703289
vt 0.840094 0.672048
vt 0.665361 0.535303
vt 0.686748 0.549285
vt 0.703356 0.555127
vt 0.140761 0.616824
vt 0.174714 0.616828
vt 0.174716 0.632855
vt 0.140768 0.632861
vt 0.174718 0.649318
vt 0.140770 0.649323
vt 0.445577 0.605847
vt 0.465265 0.606352
vt 0.449485 0.612553
vt 0.443534 0.615684
vt 0.510298 0.637240
vt 0.514078 0.620996
vt 0.524560 0.622703
vt 0.523581 0.639831
vt 0.497958 0.658259
vt 0.512097 0.659439
vt 0.660842 0.517818
vt 0.660293 0.511243
vt 0.682031 0.497465
vt 0.683840 0.503131
vt 0.699504 0.491276
vt 0.701236 0.496886
vt 0.547822 0.623684
vt 0.560599 0.621720
vt 0.561963 0.637891
vt 0.548978 0.639952
vt 0.562327 0.654521
vt 0.547584 0.656924
vt 0.696548 0.446952
vt 0.694646 0.460735
vt 0.678348 0.459302
vt 0.680626 0.446243
vt 0.661446 0.460047
vt 0.664059 0.445469
vt 0.537015 0.623667
vt 0.539390 0.640378
vt 0.698506 0.685172
vt 0.679914 0.685171
vt 0.680627 0.669151
vt 0.698442 0.668986
vt 0.658758 0.494489
vt 0.659684 0.471133
vt 0.677566 0.469068
vt 0.677985 0.483113
vt 0.536261 0.658545
vt 0.456713 0.591781
vt 0.484041 0.591467
vt 0.388776 0.616293
vt 0.378958 0.611092
vt 0.365789 0.606230
vt 0.389453 0.605847
vt 0.347030 0.591290
vt 0.382850 0.591849
vt 0.483220 0.565149
vt 0.482405 0.574871
vt 0.456547 0.576281
vt 0.456401 0.564885
vt 0.347930 0.565540
vt 0.383006 0.564870
vt 0.382281 0.576578
vt 0.347785 0.574450
vt 0.500756 0.634070
vt 0.487191 0.657474
vt 0.505844 0.617772
vt 0.359087 0.061323
vt 0.342655 0.063561
vt 0.342650 0.045884
vt 0.359992 0.046776
vt 0.014148 0.632876
vt 0.058641 0.632873
vt 0.058643 0.649335
vt 0.014150 0.649339
vt 0.014146 0.616849
vt 0.058647 0.616828
vt 0.384385 0.580312
vt 0.353383 0.575574
vt 0.475926 0.576776
vt 0.453226 0.579724
vt 0.694466 0.468248
vt 0.687386 0.403852
vt 0.703328 0.406222
vt 0.671098 0.401507
vt 0.456450 0.524313
vt 0.483283 0.524346
vt 0.347910 0.524275
vt 0.383020 0.524262
vt 0.604400 0.631802
vt 0.606454 0.648149
vt 0.602292 0.615809
vt 0.560308 0.699424
vt 0.557003 0.703322
vt 0.540729 0.690259
vt 0.551029 0.687115
vt 0.570385 0.698992
vt 0.565657 0.685081
vt 0.610298 0.679374
vt 0.612228 0.693868
vt 0.061826 0.688363
vt 0.026686 0.688364
vt 0.014154 0.680951
vt 0.058648 0.680947
vt 0.162192 0.688354
vt 0.135344 0.688358
vt 0.140774 0.680935
vt 0.174722 0.680930
vt 0.625532 0.394974
vt 0.639988 0.397129
vt 0.633653 0.441551
vt 0.619864 0.436225
vt 0.618649 0.447172
vt 0.631350 0.456009
vt 0.614213 0.451359
vt 0.627965 0.466037
vt 0.515418 0.690738
vt 0.501153 0.691139
vt 0.490048 0.692010
vt 0.626605 0.507898
vt 0.625950 0.514603
vt 0.627175 0.490872
vt 0.833129 0.751773
vt 0.792840 0.751758
vt 0.792847 0.733417
vt 0.833136 0.733432
vt 0.833121 0.775794
vt 0.792831 0.775780
vt 0.792819 0.806997
vt 0.833112 0.807011
vt 0.435804 0.605928
vt 0.435737 0.616044
vt 0.395351 0.616018
vt 0.395140 0.605896
vt 0.395035 0.592102
vt 0.435803 0.592132
vt 0.394875 0.581916
vt 0.435934 0.581925
vt 0.436828 0.577313
vt 0.393973 0.577298
vt 0.394915 0.564648
vt 0.435918 0.564666
vt 0.394942 0.524260
vt 0.435942 0.524283
vt 0.114811 0.680940
vt 0.114811 0.688361
vt 0.073763 0.688363
vt 0.073762 0.680945
vt 0.114807 0.649329
vt 0.073757 0.649334
vt 0.114805 0.632867
vt 0.073755 0.632873
vt 0.114797 0.616811
vt 0.073758 0.616817
vt 0.076125 0.616817
vt 0.499553 0.615804
vt 0.494149 0.632273
vt 0.743462 0.317595
vt 0.744744 0.324106
vt 0.719334 0.324109
vt 0.719827 0.317448
vt 0.839679 0.775793
vt 0.839677 0.806987
vt 0.785041 0.806993
vt 0.785035 0.775763
vt 0.665425 0.524368
vt 0.686800 0.510366
vt 0.703403 0.504509
vt 0.750687 0.788070
vt 0.750687 0.787790
vt 0.753050 0.787790
vt 0.753050 0.788071
vt 0.753050 0.791969
vt 0.753050 0.792275
vt 0.750687 0.792275
vt 0.750687 0.791969
vt 0.755413 0.787790
vt 0.755413 0.788071
vt 0.755413 0.791969
vt 0.755413 0.792276
vt 0.404317 0.884895
vt 0.404317 0.885176
vt 0.401954 0.885176
vt 0.401954 0.884895
vt 0.401954 0.880996
vt 0.401954 0.880690
vt 0.404317 0.880690
vt 0.404317 0.880996
vt 0.399590 0.885176
vt 0.399590 0.884895
vt 0.399591 0.880996
vt 0.399591 0.880690
vt 0.299770 0.857540
vt 0.299770 0.857821
vt 0.299589 0.857821
vt 0.297119 0.857821
vt 0.297119 0.857540
vt 0.297120 0.853641
vt 0.297120 0.853335
vt 0.299589 0.853335
vt 0.299770 0.853335
vt 0.299770 0.853641
vt 0.294758 0.857820
vt 0.294469 0.857820
vt 0.294469 0.857539
vt 0.294470 0.853641
vt 0.294470 0.853334
vt 0.294758 0.853335
vt 0.782511 0.179420
vt 0.782512 0.175521
vt 0.782512 0.175240
vt 0.783788 0.175240
vt 0.783930 0.175241
vt 0.783930 0.175521
vt 0.783929 0.179420
vt 0.783929 0.179726
vt 0.783787 0.179726
vt 0.782511 0.179726
vt 0.784875 0.175522
vt 0.784875 0.175241
vt 0.787238 0.175241
vt 0.787238 0.175522
vt 0.787238 0.179421
vt 0.787238 0.179727
vt 0.784874 0.179727
vt 0.784874 0.179420
vt 0.787474 0.179727
vt 0.787475 0.175241
vt 0.789601 0.175241
vt 0.789601 0.175523
vt 0.789601 0.179421
vt 0.789601 0.179727
vt 0.791964 0.175242
vt 0.791964 0.175523
vt 0.791964 0.179422
vt 0.791964 0.179728
vt 0.794327 0.175242
vt 0.794327 0.175523
vt 0.794327 0.179422
vt 0.794327 0.179728
vt 0.796691 0.175243
vt 0.796691 0.175524
vt 0.796690 0.179422
vt 0.796690 0.179729
vt 0.644873 0.010070
vt 0.644873 0.009789
vt 0.647237 0.009788
vt 0.647237 0.010069
vt 0.647237 0.013968
vt 0.647237 0.014274
vt 0.644874 0.014275
vt 0.644874 0.013969
vt 0.649600 0.009788
vt 0.649600 0.010069
vt 0.649600 0.013968
vt 0.649600 0.014274
vt 0.651963 0.009788
vt 0.651963 0.010069
vt 0.651963 0.013968
vt 0.651963 0.014274
vt 0.654326 0.009787
vt 0.654326 0.010068
vt 0.654326 0.013967
vt 0.654326 0.014273
vt 0.741235 0.788070
vt 0.741235 0.787789
vt 0.743598 0.787789
vt 0.743598 0.788070
vt 0.743598 0.791969
vt 0.743598 0.792275
vt 0.741235 0.792275
vt 0.741235 0.791969
vt 0.745961 0.787789
vt 0.745961 0.788070
vt 0.745961 0.791969
vt 0.745961 0.792275
vt 0.748324 0.787789
vt 0.748324 0.788070
vt 0.748324 0.791969
vt 0.748324 0.792275
vt 0.573049 0.451867
vt 0.573269 0.451933
vt 0.572245 0.454062
vt 0.572055 0.453931
vt 0.571746 0.453717
vt 0.571613 0.453625
vt 0.572533 0.451712
vt 0.572688 0.451759
vt 0.568456 0.456674
vt 0.568532 0.456891
vt 0.566207 0.457314
vt 0.566202 0.457084
vt 0.566193 0.456707
vt 0.566189 0.456546
vt 0.568278 0.456166
vt 0.568331 0.456318
vt 0.570203 0.443743
vt 0.570334 0.443553
vt 0.572043 0.445186
vt 0.571859 0.445325
vt 0.571560 0.445554
vt 0.571431 0.445652
vt 0.569896 0.444185
vt 0.569988 0.444053
vt 0.573163 0.447266
vt 0.572945 0.447342
vt 0.572590 0.447467
vt 0.572438 0.447520
vt 0.570612 0.455771
vt 0.570473 0.455588
vt 0.570244 0.455288
vt 0.570146 0.455159
vt 0.563865 0.456998
vt 0.563931 0.456777
vt 0.564040 0.456416
vt 0.564086 0.456261
vt 0.561736 0.455973
vt 0.561867 0.455784
vt 0.562081 0.455474
vt 0.562173 0.455341
vt 0.561619 0.455862
vt 0.560027 0.454341
vt 0.560211 0.454201
vt 0.560510 0.453973
vt 0.560639 0.453875
vt 0.562069 0.455241
vt 0.559029 0.452487
vt 0.558907 0.452260
vt 0.559124 0.452184
vt 0.559480 0.452059
vt 0.559632 0.452006
vt 0.559742 0.452210
vt 0.559621 0.450599
vt 0.558678 0.451005
vt 0.558653 0.450865
vt 0.558943 0.450738
vt 0.559417 0.450531
vt 0.559620 0.450442
vt 0.558795 0.449926
vt 0.558484 0.449935
vt 0.558800 0.447594
vt 0.559068 0.447761
vt 0.559504 0.448034
vt 0.559691 0.448151
vt 0.559522 0.449903
vt 0.559304 0.449910
vt 0.558903 0.447381
vt 0.559162 0.447544
vt 0.559586 0.447812
vt 0.559768 0.447926
vt 0.560015 0.445595
vt 0.559825 0.445464
vt 0.561457 0.443756
vt 0.561597 0.443939
vt 0.561826 0.444239
vt 0.561923 0.444367
vt 0.560457 0.445902
vt 0.560324 0.445810
vt 0.568138 0.442750
vt 0.568205 0.442529
vt 0.567984 0.443265
vt 0.568030 0.443110
vt 0.565868 0.442443
vt 0.565863 0.442212
vt 0.565880 0.442981
vt 0.565877 0.442820
vt 0.573355 0.449596
vt 0.573586 0.449591
vt 0.572817 0.449609
vt 0.572979 0.449605
vt 0.563538 0.442635
vt 0.563614 0.442853
vt 0.563739 0.443208
vt 0.563792 0.443361
vt 0.637076 0.691400
vt 0.634734 0.691717
vt 0.634751 0.690948
vt 0.636855 0.690664
vt 0.640914 0.688743
vt 0.639205 0.690376
vt 0.638767 0.689743
vt 0.640302 0.688277
vt 0.632409 0.691294
vt 0.630328 0.690174
vt 0.630794 0.689562
vt 0.632663 0.690569
vt 0.628695 0.688466
vt 0.629327 0.688028
vt 0.642034 0.686662
vt 0.641308 0.686408
vt 0.641115 0.679866
vt 0.642140 0.681996
vt 0.641404 0.682217
vt 0.640483 0.680303
vt 0.642457 0.684337
vt 0.641688 0.684320
vt 0.627670 0.686336
vt 0.628407 0.686115
vt 0.627353 0.683994
vt 0.628122 0.684012
vt 0.627775 0.681669
vt 0.628501 0.681923
vt 0.628895 0.679587
vt 0.629507 0.680053
vt 0.630602 0.677950
vt 0.631040 0.678582
vt 0.632517 0.677022
vt 0.632730 0.676920
vt 0.633288 0.677810
vt 0.633063 0.677887
vt 0.635072 0.676601
vt 0.635040 0.677639
vt 0.636143 0.676798
vt 0.637401 0.677033
vt 0.637147 0.677758
vt 0.635736 0.677738
vt 0.635579 0.677736
vt 0.636003 0.676772
vt 0.637627 0.677155
vt 0.639482 0.678156
vt 0.639016 0.678768
vt 0.637350 0.677868
vt 0.641004 0.679749
vt 0.640383 0.680199
vt 0.856981 0.819272
vt 0.856981 0.818464
vt 0.858543 0.818465
vt 0.858543 0.819272
vt 0.858542 0.822502
vt 0.858542 0.822950
vt 0.856981 0.822950
vt 0.856981 0.822502
vt 0.853859 0.819271
vt 0.853859 0.818464
vt 0.855420 0.818464
vt 0.855420 0.819272
vt 0.855420 0.822501
vt 0.855420 0.822950
vt 0.853858 0.822950
vt 0.853859 0.822501
vt 0.874502 0.837579
vt 0.874502 0.838386
vt 0.872940 0.838387
vt 0.872940 0.837579
vt 0.872940 0.834349
vt 0.872940 0.833901
vt 0.874501 0.833900
vt 0.874501 0.834349
vt 0.871379 0.838387
vt 0.871379 0.837579
vt 0.871379 0.834349
vt 0.871379 0.833901
vt 0.852298 0.819271
vt 0.852298 0.818464
vt 0.852297 0.822950
vt 0.852297 0.822501
vt 0.326348 0.264749
vt 0.326348 0.263942
vt 0.327909 0.263942
vt 0.327909 0.264749
vt 0.327909 0.267979
vt 0.327909 0.268428
vt 0.326348 0.268428
vt 0.326348 0.267979
vt 0.329470 0.263942
vt 0.329470 0.264749
vt 0.329470 0.267979
vt 0.329470 0.268428
vt 0.850736 0.819271
vt 0.850736 0.818464
vt 0.850736 0.822950
vt 0.850736 0.822501
vt 0.860104 0.818465
vt 0.860104 0.819272
vt 0.860103 0.822502
vt 0.860103 0.822951
vt 0.869818 0.838387
vt 0.869818 0.837579
vt 0.869817 0.834350
vt 0.869817 0.833901
vt 0.868257 0.838387
vt 0.868257 0.837580
vt 0.868256 0.834350
vt 0.868256 0.833901
vt 0.767516 0.804612
vt 0.767516 0.803804
vt 0.769077 0.803805
vt 0.769077 0.804612
vt 0.769076 0.807842
vt 0.769076 0.808291
vt 0.767515 0.808290
vt 0.767515 0.807842
vt 0.770638 0.803805
vt 0.770638 0.804612
vt 0.770638 0.807842
vt 0.770637 0.808291
vt 0.772199 0.803805
vt 0.772199 0.804613
vt 0.772199 0.807843
vt 0.772199 0.808291
vt 0.773605 0.803806
vt 0.773761 0.803806
vt 0.773761 0.804613
vt 0.773760 0.807843
vt 0.773760 0.808291
vt 0.773604 0.808291
vt 0.322288 0.267963
vt 0.322289 0.264622
vt 0.322289 0.263787
vt 0.322382 0.263802
vt 0.323225 0.263941
vt 0.323225 0.264749
vt 0.323225 0.267979
vt 0.323225 0.268427
vt 0.322382 0.268427
vt 0.322288 0.268427
vt 0.323395 0.263941
vt 0.324787 0.263942
vt 0.324787 0.264749
vt 0.324786 0.267979
vt 0.324786 0.268427
vt 0.323395 0.268427
vt 0.326241 0.264749
vt 0.326241 0.263942
vt 0.326241 0.268428
vt 0.326241 0.267979
vt 0.570987 0.451248
vt 0.570815 0.451197
vt 0.571024 0.449650
vt 0.571203 0.449645
vt 0.570744 0.448114
vt 0.570914 0.448054
vt 0.570004 0.446739
vt 0.570147 0.446630
vt 0.568875 0.445660
vt 0.568977 0.445513
vt 0.567468 0.444983
vt 0.567520 0.444812
vt 0.565921 0.444774
vt 0.565917 0.444595
vt 0.564385 0.445054
vt 0.564326 0.444884
vt 0.563011 0.445794
vt 0.562902 0.445651
vt 0.561932 0.446923
vt 0.561785 0.446821
vt 0.561167 0.448163
vt 0.561323 0.448189
vt 0.561255 0.448330
vt 0.561099 0.448312
vt 0.561175 0.450583
vt 0.561325 0.451413
vt 0.560736 0.451619
vt 0.561004 0.450486
vt 0.561158 0.450491
vt 0.561406 0.451563
vt 0.562066 0.452788
vt 0.561923 0.452896
vt 0.563117 0.453792
vt 0.563195 0.453866
vt 0.563092 0.454014
vt 0.564601 0.454543
vt 0.564550 0.454715
vt 0.566149 0.454752
vt 0.566153 0.454931
vt 0.567685 0.454473
vt 0.567744 0.454642
vt 0.569059 0.453732
vt 0.569168 0.453875
vt 0.570138 0.452604
vt 0.570285 0.452706
vt 0.636391 0.689117
vt 0.636339 0.688946
vt 0.637746 0.688269
vt 0.637848 0.688416
vt 0.638875 0.687190
vt 0.639018 0.687299
vt 0.639615 0.685816
vt 0.639785 0.685875
vt 0.639895 0.684280
vt 0.640074 0.684284
vt 0.639685 0.682732
vt 0.639857 0.682681
vt 0.639009 0.681326
vt 0.639156 0.681224
vt 0.638935 0.681249
vt 0.637930 0.680198
vt 0.638039 0.680055
vt 0.636705 0.679539
vt 0.636556 0.679459
vt 0.636615 0.679286
vt 0.635719 0.679290
vt 0.635627 0.679270
vt 0.635622 0.679118
vt 0.633447 0.679215
vt 0.633465 0.679371
vt 0.633324 0.679440
vt 0.632061 0.680058
vt 0.631959 0.679910
vt 0.630935 0.681142
vt 0.630792 0.681033
vt 0.630194 0.682516
vt 0.630025 0.682457
vt 0.629915 0.684052
vt 0.629736 0.684048
vt 0.630125 0.685600
vt 0.629953 0.685651
vt 0.630802 0.687007
vt 0.630655 0.687109
vt 0.631881 0.688135
vt 0.631772 0.688278
vt 0.633256 0.688875
vt 0.633196 0.689045
vt 0.634792 0.689155
vt 0.634788 0.689334
vt 0.009766 0.462812
vt 0.009766 0.459582
vt 0.009766 0.458775
vt 0.011525 0.458775
vt 0.011525 0.459582
vt 0.011526 0.462812
vt 0.011526 0.463260
vt 0.009766 0.463261
vt 0.786609 0.891033
vt 0.786609 0.891840
vt 0.786452 0.891840
vt 0.785035 0.891840
vt 0.785035 0.891033
vt 0.785035 0.887803
vt 0.785035 0.887354
vt 0.786452 0.887354
vt 0.786609 0.887354
vt 0.786609 0.887803
vt 0.320749 0.267978
vt 0.320750 0.264749
vt 0.320750 0.263941
vt 0.322135 0.263802
vt 0.322134 0.268427
vt 0.320749 0.268427
vt 0.012073 0.458774
vt 0.012073 0.459582
vt 0.012074 0.462812
vt 0.012074 0.463260
vt 0.642324 0.678710
vt 0.640483 0.676842
vt 0.640593 0.676697
vt 0.642330 0.678454
vt 0.642457 0.678582
vt 0.560581 0.457182
vt 0.560453 0.457056
vt 0.558714 0.455341
vt 0.353081 0.830950
vt 0.351410 0.830950
vt 0.351410 0.830644
vt 0.351410 0.826745
vt 0.351410 0.826464
vt 0.353082 0.826464
vt 0.353266 0.826464
vt 0.353266 0.826745
vt 0.353266 0.830644
vt 0.353266 0.830950
vt 0.638194 0.675562
vt 0.638281 0.675399
vt 0.638533 0.675541
vt 0.780840 0.175240
vt 0.780840 0.179726
vt 0.780655 0.179726
vt 0.780655 0.179420
vt 0.780656 0.175521
vt 0.780656 0.175240
vt 0.557574 0.453302
vt 0.557435 0.453053
vt 0.560453 0.457315
vt 0.560325 0.457188
vt 0.558569 0.455452
vt 0.557414 0.453392
vt 0.557272 0.453140
vt 0.850737 0.569544
vt 0.855223 0.569545
vt 0.855222 0.571908
vt 0.850736 0.571907
vt 0.855222 0.574271
vt 0.850736 0.574270
vt 0.715312 0.860224
vt 0.712949 0.860230
vt 0.712937 0.855744
vt 0.715300 0.855738
vt 0.710586 0.860236
vt 0.710574 0.855750
vt 0.281440 0.858634
vt 0.276954 0.858639
vt 0.276952 0.855988
vt 0.281438 0.855984
vt 0.276949 0.853338
vt 0.281435 0.853333
vt 0.449627 0.779129
vt 0.451045 0.779129
vt 0.451046 0.783615
vt 0.449628 0.783615
vt 0.451990 0.779129
vt 0.454353 0.779129
vt 0.454354 0.783615
vt 0.451991 0.783615
vt 0.456717 0.779128
vt 0.456717 0.783614
vt 0.459080 0.779128
vt 0.459080 0.783614
vt 0.461443 0.779128
vt 0.461443 0.783614
vt 0.463806 0.779128
vt 0.463806 0.783614
vt 0.176208 0.762672
vt 0.180694 0.762672
vt 0.180694 0.765035
vt 0.176208 0.765035
vt 0.180694 0.767398
vt 0.176208 0.767398
vt 0.180694 0.769761
vt 0.176208 0.769761
vt 0.180694 0.772124
vt 0.176208 0.772124
vt 0.850738 0.560092
vt 0.855224 0.560093
vt 0.855224 0.562456
vt 0.850738 0.562455
vt 0.855223 0.564819
vt 0.850737 0.564818
vt 0.855223 0.567182
vt 0.850737 0.567181
vt 0.865091 0.312650
vt 0.865861 0.312668
vt 0.865437 0.314996
vt 0.864711 0.314741
vt 0.862165 0.318080
vt 0.862603 0.318713
vt 0.860470 0.319738
vt 0.860249 0.319001
vt 0.860546 0.306079
vt 0.860800 0.305352
vt 0.862885 0.306478
vt 0.862418 0.307090
vt 0.864520 0.308190
vt 0.863887 0.308628
vt 0.864314 0.317079
vt 0.863702 0.316612
vt 0.858125 0.320054
vt 0.858143 0.319284
vt 0.855797 0.319630
vt 0.856052 0.318904
vt 0.853714 0.318507
vt 0.854181 0.317895
vt 0.852080 0.316796
vt 0.852713 0.316358
vt 0.851465 0.315516
vt 0.852286 0.314851
vt 0.851054 0.314662
vt 0.850736 0.312314
vt 0.851745 0.312617
vt 0.852048 0.314355
vt 0.851153 0.309975
vt 0.851880 0.310231
vt 0.852250 0.307856
vt 0.852863 0.308324
vt 0.858448 0.305688
vt 0.858465 0.304917
vt 0.856317 0.305936
vt 0.856095 0.305196
vt 0.864808 0.310544
vt 0.865545 0.310323
vt 0.853899 0.306130
vt 0.854333 0.306758
vt 0.837824 0.383507
vt 0.838561 0.385961
vt 0.836220 0.386279
vt 0.836277 0.383717
vt 0.840359 0.381750
vt 0.842398 0.383302
vt 0.840690 0.384936
vt 0.839231 0.382829
vt 0.834740 0.383439
vt 0.833894 0.385858
vt 0.831813 0.384738
vt 0.833365 0.382699
vt 0.830179 0.383031
vt 0.832286 0.381571
vt 0.841099 0.380375
vt 0.843518 0.381221
vt 0.842599 0.374421
vt 0.843623 0.376553
vt 0.841168 0.377291
vt 0.840490 0.375885
vt 0.843940 0.378895
vt 0.841377 0.378839
vt 0.829154 0.380902
vt 0.831608 0.380165
vt 0.828836 0.378561
vt 0.831398 0.378618
vt 0.829257 0.376235
vt 0.831676 0.377082
vt 0.830376 0.374154
vt 0.832416 0.375707
vt 0.832084 0.372520
vt 0.833544 0.374628
vt 0.834214 0.371493
vt 0.834772 0.372383
vt 0.834950 0.373951
vt 0.836559 0.371169
vt 0.836526 0.372207
vt 0.837491 0.371336
vt 0.838888 0.371587
vt 0.838635 0.372312
vt 0.837068 0.372302
vt 0.840968 0.372710
vt 0.839417 0.374748
vt 0.838048 0.373998
vt 0.370795 0.830949
vt 0.370795 0.826463
vt 0.372356 0.826463
vt 0.372356 0.830949
vt 0.367673 0.830949
vt 0.367673 0.826463
vt 0.369234 0.826463
vt 0.369234 0.830949
vt 0.856982 0.833901
vt 0.856981 0.838387
vt 0.855420 0.838387
vt 0.855420 0.833901
vt 0.853858 0.838387
vt 0.853859 0.833901
vt 0.366111 0.830949
vt 0.366111 0.826463
vt 0.663613 0.189374
vt 0.663612 0.184889
vt 0.665173 0.184888
vt 0.665174 0.189374
vt 0.666734 0.184888
vt 0.666735 0.189374
vt 0.364550 0.830949
vt 0.364550 0.826463
vt 0.373917 0.826463
vt 0.373917 0.830949
vt 0.852297 0.838387
vt 0.852298 0.833901
vt 0.850736 0.838387
vt 0.850737 0.833901
vt 0.504712 0.835693
vt 0.504712 0.831207
vt 0.506273 0.831207
vt 0.506274 0.835693
vt 0.507834 0.831207
vt 0.507835 0.835692
vt 0.509395 0.831206
vt 0.509396 0.835692
vt 0.510957 0.831206
vt 0.510957 0.835692
vt 0.659552 0.184735
vt 0.660489 0.184889
vt 0.660490 0.189375
vt 0.659554 0.189375
vt 0.662050 0.184889
vt 0.662052 0.189375
vt 0.863296 0.312609
vt 0.863087 0.311060
vt 0.862410 0.309651
vt 0.861330 0.308520
vt 0.859954 0.307779
vt 0.858418 0.307501
vt 0.856873 0.307716
vt 0.855480 0.308416
vt 0.855291 0.308144
vt 0.854333 0.309473
vt 0.853587 0.310842
vt 0.853305 0.312378
vt 0.853785 0.314491
vt 0.854191 0.315336
vt 0.855271 0.316467
vt 0.856647 0.317208
vt 0.858185 0.317489
vt 0.859734 0.317280
vt 0.861143 0.316603
vt 0.862274 0.315523
vt 0.863015 0.314147
vt 0.837115 0.373843
vt 0.009766 0.443338
vt 0.011526 0.443338
vt 0.011525 0.447824
vt 0.009766 0.447824
vt 0.760329 0.891838
vt 0.758755 0.891838
vt 0.758756 0.887352
vt 0.760329 0.887352
vt 0.658015 0.189376
vt 0.658014 0.184890
vt 0.012074 0.443338
vt 0.012073 0.447824
vt 0.843941 0.373137
vt 0.842078 0.371251
vt 0.852601 0.319967
vt 0.854915 0.321266
vt 0.051042 0.835645
vt 0.049186 0.835645
vt 0.049186 0.831159
vt 0.051042 0.831159
vt 0.839679 0.370116
vt 0.839767 0.369954
vt 0.447956 0.779129
vt 0.447771 0.783615
vt 0.447771 0.779129
vt 0.850736 0.318079
vt 0.521419 0.702152
vt 0.524501 0.702152
vt 0.524501 0.709453
vt 0.521419 0.709452
vt 0.527583 0.702152
vt 0.527583 0.709453
vt 0.836783 0.721541
vt 0.833701 0.721540
vt 0.833702 0.714240
vt 0.836784 0.714240
vt 0.830619 0.721540
vt 0.830620 0.714239
vt 0.827537 0.721539
vt 0.827539 0.714239
vt 0.824456 0.721539
vt 0.824457 0.714238
vt 0.745615 0.629604
vt 0.748697 0.629604
vt 0.748697 0.636904
vt 0.745615 0.636904
vt 0.751778 0.629604
vt 0.751779 0.636904
vt 0.754860 0.629603
vt 0.754860 0.636904
vt 0.757942 0.629603
vt 0.757942 0.636904
vt 0.761024 0.629603
vt 0.761024 0.636904
vt 0.764105 0.629603
vt 0.764106 0.636904
vt 0.487193 0.721209
vt 0.490275 0.721209
vt 0.490273 0.728510
vt 0.487191 0.728510
vt 0.493356 0.721210
vt 0.493355 0.728511
vt 0.496438 0.721210
vt 0.496437 0.728511
vt 0.499520 0.721211
vt 0.499519 0.728512
vt 0.509092 0.702151
vt 0.512174 0.702151
vt 0.512174 0.709452
vt 0.509092 0.709452
vt 0.515256 0.702152
vt 0.515255 0.709452
vt 0.518337 0.702152
vt 0.518337 0.709452
vt 0.814869 0.372742
vt 0.807904 0.379707
vt 0.805848 0.377651
vt 0.812376 0.370930
vt 0.817633 0.381248
vt 0.813286 0.385089
vt 0.811815 0.383617
vt 0.817633 0.378166
vt 0.803432 0.370930
vt 0.806363 0.369978
vt 0.802522 0.374324
vt 0.800939 0.372742
vt 0.816681 0.375235
vt 0.809960 0.381763
vt 0.814869 0.386672
vt 0.816681 0.384179
vt 0.812376 0.388483
vt 0.809445 0.389436
vt 0.806363 0.389436
vt 0.803432 0.388483
vt 0.800939 0.386672
vt 0.799128 0.384179
vt 0.798175 0.378166
vt 0.799128 0.375235
vt 0.803994 0.375796
vt 0.809445 0.369978
vt 0.798175 0.381248
vt 0.203549 0.283217
vt 0.200618 0.284169
vt 0.195166 0.278351
vt 0.197021 0.276496
vt 0.207853 0.278912
vt 0.206042 0.281405
vt 0.199077 0.274440
vt 0.201133 0.272384
vt 0.194605 0.283217
vt 0.192112 0.281405
vt 0.193694 0.279823
vt 0.197536 0.284169
vt 0.208806 0.275981
vt 0.202987 0.270530
vt 0.206042 0.267475
vt 0.207853 0.269969
vt 0.208806 0.272899
vt 0.204459 0.269058
vt 0.190300 0.278912
vt 0.189348 0.275981
vt 0.189348 0.272900
vt 0.190300 0.269969
vt 0.192112 0.267475
vt 0.194605 0.265664
vt 0.197536 0.264712
vt 0.200618 0.264712
vt 0.203549 0.265664
vt 0.368117 0.666014
vt 0.371199 0.666014
vt 0.371199 0.673315
vt 0.368117 0.673315
vt 0.374281 0.666014
vt 0.374281 0.673315
vt 0.499519 0.710259
vt 0.496437 0.710258
vt 0.496438 0.702958
vt 0.499520 0.702958
vt 0.493355 0.710258
vt 0.493356 0.702957
vt 0.490273 0.710257
vt 0.490274 0.702957
vt 0.487191 0.710257
vt 0.487193 0.702956
vt 0.714954 0.629602
vt 0.718036 0.629601
vt 0.718036 0.636902
vt 0.714955 0.636902
vt 0.721118 0.629601
vt 0.721118 0.636902
vt 0.724200 0.629601
vt 0.724200 0.636902
vt 0.727282 0.629601
vt 0.727282 0.636902
vt 0.730363 0.629601
vt 0.730364 0.636902
vt 0.733445 0.629601
vt 0.733445 0.636902
vt 0.693055 0.522935
vt 0.696137 0.522936
vt 0.696136 0.530237
vt 0.693054 0.530236
vt 0.699219 0.522937
vt 0.699218 0.530237
vt 0.702301 0.522937
vt 0.702299 0.530238
vt 0.705382 0.522938
vt 0.705381 0.530238
vt 0.355790 0.666014
vt 0.358872 0.666014
vt 0.358872 0.673314
vt 0.355790 0.673314
vt 0.361954 0.666014
vt 0.361953 0.673315
vt 0.365036 0.666014
vt 0.365035 0.673315
vt 0.517026 0.436968
vt 0.510060 0.443933
vt 0.508005 0.441877
vt 0.514532 0.435157
vt 0.519789 0.445474
vt 0.515443 0.449316
vt 0.513971 0.447844
vt 0.519789 0.442392
vt 0.505589 0.435157
vt 0.508520 0.434205
vt 0.504678 0.438551
vt 0.503095 0.436968
vt 0.518837 0.439462
vt 0.512116 0.445989
vt 0.517026 0.450898
vt 0.518837 0.448405
vt 0.514532 0.452710
vt 0.511601 0.453662
vt 0.508520 0.453662
vt 0.505589 0.452710
vt 0.503095 0.450898
vt 0.501284 0.448405
vt 0.500332 0.442392
vt 0.501284 0.439462
vt 0.506150 0.440023
vt 0.511601 0.434205
vt 0.500332 0.445474
vt 0.352470 0.265582
vt 0.349539 0.266534
vt 0.344088 0.260716
vt 0.345943 0.258861
vt 0.356775 0.261277
vt 0.354964 0.263771
vt 0.347999 0.256806
vt 0.350054 0.254750
vt 0.346458 0.266534
vt 0.343527 0.265582
vt 0.341033 0.263771
vt 0.342616 0.262188
vt 0.357727 0.258346
vt 0.351909 0.252895
vt 0.354964 0.249840
vt 0.356775 0.252334
vt 0.357727 0.255265
vt 0.353381 0.251423
vt 0.339222 0.261277
vt 0.338270 0.258346
vt 0.338270 0.255265
vt 0.339222 0.252334
vt 0.341033 0.249840
vt 0.343527 0.248029
vt 0.346458 0.247077
vt 0.349539 0.247077
vt 0.352470 0.248029
vt 0.896101 0.031742
vt 0.884081 0.031418
vt 0.884080 0.021755
vt 0.868262 0.009766
vt 0.868260 0.031228
vt 0.884091 0.100412
vt 0.868256 0.112401
vt 0.868258 0.087590
vt 0.884088 0.087606
vt 0.896117 0.087543
vt 0.436785 0.639214
vt 0.436461 0.627174
vt 0.446432 0.639213
vt 0.436977 0.655051
vt 0.458426 0.655048
vt 0.355790 0.655063
vt 0.367782 0.639220
vt 0.380597 0.639219
vt 0.380615 0.655060
vt 0.380660 0.627185
vt 0.471584 0.381361
vt 0.450121 0.381359
vt 0.450118 0.379503
vt 0.471566 0.379504
vt 0.058833 0.919416
vt 0.067810 0.903422
vt 0.069270 0.904538
vt 0.060452 0.920324
vt 0.384130 0.896568
vt 0.373325 0.881748
vt 0.374825 0.880655
vt 0.385448 0.895287
vt 0.078958 0.886560
vt 0.086516 0.887294
vt 0.404612 0.910371
vt 0.397195 0.911994
vt 0.086544 0.857868
vt 0.088397 0.857972
vt 0.409948 0.939264
vt 0.408120 0.939586
vt 0.408547 0.942008
vt 0.409788 0.942069
vt 0.087913 0.855205
vt 0.086681 0.855413
vt 0.086680 0.853557
vt 0.393007 0.943744
vt 0.408750 0.943853
vt 0.393222 0.945588
vt 0.373310 0.946332
vt 0.373545 0.948174
vt 0.049203 0.853521
vt 0.069066 0.853566
vt 0.069056 0.855422
vt 0.049186 0.855377
vt 0.368949 0.381358
vt 0.368930 0.379502
vt 0.393756 0.379501
vt 0.393759 0.381357
vt 0.713804 0.201516
vt 0.713804 0.203372
vt 0.658014 0.203371
vt 0.658014 0.201514
vt 0.616473 0.276963
vt 0.598391 0.276962
vt 0.598396 0.221172
vt 0.616478 0.221173
vt 0.574003 0.276960
vt 0.574007 0.221170
vt 0.544621 0.276987
vt 0.544625 0.221187
vt 0.541812 0.276987
vt 0.539753 0.276987
vt 0.539752 0.221186
vt 0.541815 0.221186
vt 0.590843 0.893475
vt 0.590907 0.905510
vt 0.578027 0.893476
vt 0.656678 0.893471
vt 0.646708 0.905511
vt 0.647030 0.893472
vt 0.543080 0.942189
vt 0.541614 0.943328
vt 0.530548 0.929028
vt 0.531826 0.927708
vt 0.705606 0.887720
vt 0.704284 0.886443
vt 0.714865 0.871779
vt 0.716368 0.872868
vt 0.516750 0.912927
vt 0.510930 0.914539
vt 0.685165 0.901583
vt 0.691867 0.903098
vt 0.504712 0.885822
vt 0.506529 0.885444
vt 0.681743 0.930809
vt 0.679914 0.930492
vt 0.681323 0.933232
vt 0.681126 0.935078
vt 0.680083 0.933297
vt 0.504779 0.883014
vt 0.506028 0.883036
vt 0.988376 0.141938
vt 0.986520 0.141935
vt 0.986519 0.136929
vt 0.986518 0.117109
vt 0.988374 0.117128
vt 0.696869 0.934922
vt 0.696658 0.936766
vt 0.505754 0.881200
vt 0.523174 0.878591
vt 0.523459 0.880426
vt 0.988385 0.198300
vt 0.986529 0.198297
vt 0.337207 0.908546
vt 0.281406 0.908533
vt 0.281082 0.896513
vt 0.337269 0.896517
vt 0.474051 0.818198
vt 0.529852 0.818191
vt 0.529852 0.820255
vt 0.474051 0.820257
vt 0.474077 0.786007
vt 0.529867 0.785999
vt 0.529851 0.815381
vt 0.474051 0.815389
vt 0.474073 0.761619
vt 0.529863 0.761611
vt 0.474071 0.743537
vt 0.529861 0.743529
vt 0.909533 0.009787
vt 0.909534 0.065577
vt 0.907678 0.065577
vt 0.907677 0.009787
vt 0.350076 0.896520
vt 0.988390 0.219763
vt 0.986533 0.219745
vt 0.271419 0.896512
vt 0.542809 0.875595
vt 0.543102 0.877428
vt 0.337253 0.880688
vt 0.362064 0.880684
vt 0.280891 0.880691
vt 0.259429 0.880694
vt 0.716573 0.937452
vt 0.716343 0.939294
vt 0.647220 0.877634
vt 0.668668 0.877634
vt 0.647209 0.878600
vt 0.590857 0.878601
vt 0.590858 0.877635
vt 0.566032 0.877635
vt 0.585852 0.877635
vt 0.361916 0.767862
vt 0.361916 0.763529
vt 0.361916 0.763217
vt 0.364543 0.763217
vt 0.364543 0.763529
vt 0.364543 0.767862
vt 0.364543 0.768203
vt 0.361916 0.768203
vt 0.367169 0.763217
vt 0.367169 0.763529
vt 0.367169 0.767862
vt 0.367169 0.768203
vt 0.523105 0.846982
vt 0.523105 0.851316
vt 0.523105 0.851628
vt 0.520479 0.851629
vt 0.520479 0.851316
vt 0.520478 0.846983
vt 0.520478 0.846642
vt 0.523105 0.846642
vt 0.517852 0.851629
vt 0.517852 0.846643
vt 0.782167 0.634590
vt 0.779221 0.634590
vt 0.779221 0.629604
vt 0.782167 0.629604
vt 0.776596 0.629604
vt 0.776275 0.634590
vt 0.776275 0.629604
vt 0.460171 0.685585
vt 0.458595 0.685585
vt 0.458594 0.680599
vt 0.460170 0.680599
vt 0.463848 0.685585
vt 0.463848 0.680599
vt 0.466474 0.680599
vt 0.466474 0.685585
vt 0.469101 0.680598
vt 0.469101 0.685585
vt 0.471727 0.680598
vt 0.471728 0.685584
vt 0.474354 0.680598
vt 0.474354 0.685584
vt 0.622973 0.532287
vt 0.622973 0.527301
vt 0.625600 0.527300
vt 0.625600 0.527613
vt 0.625600 0.532286
vt 0.628226 0.527300
vt 0.628226 0.527613
vt 0.628227 0.531946
vt 0.628227 0.532286
vt 0.630853 0.527300
vt 0.630853 0.527612
vt 0.630853 0.531946
vt 0.630853 0.532286
vt 0.633479 0.527300
vt 0.633479 0.527612
vt 0.633480 0.531946
vt 0.633480 0.532286
vt 0.351410 0.767862
vt 0.351410 0.763529
vt 0.351410 0.763217
vt 0.354036 0.763217
vt 0.354036 0.763529
vt 0.354036 0.767862
vt 0.354036 0.768203
vt 0.351410 0.768203
vt 0.356663 0.763217
vt 0.356663 0.763529
vt 0.356663 0.767862
vt 0.356663 0.768203
vt 0.359290 0.763217
vt 0.359290 0.763529
vt 0.359290 0.767862
vt 0.359290 0.768203
vt 0.833154 0.542383
vt 0.833341 0.543408
vt 0.830652 0.544349
vt 0.830370 0.542799
vt 0.831445 0.542328
vt 0.810545 0.085227
vt 0.812912 0.084084
vt 0.813533 0.085074
vt 0.815483 0.084877
vt 0.815519 0.083724
vt 0.816555 0.083909
vt 0.816085 0.084983
vt 0.818107 0.084189
vt 0.721896 0.800635
vt 0.723632 0.800635
vt 0.723631 0.805621
vt 0.721896 0.805621
vt 0.718426 0.800634
vt 0.720161 0.800634
vt 0.720160 0.805621
vt 0.718425 0.805620
vt 0.191910 0.445769
vt 0.190175 0.445769
vt 0.190174 0.440783
vt 0.191909 0.440783
vt 0.188439 0.445769
vt 0.188438 0.440783
vt 0.716690 0.800634
vt 0.716690 0.805620
vt 0.453993 0.810169
vt 0.455729 0.810169
vt 0.455730 0.815155
vt 0.453994 0.815156
vt 0.457464 0.810169
vt 0.457465 0.815155
vt 0.714955 0.800634
vt 0.714954 0.805620
vt 0.725367 0.800635
vt 0.725366 0.805621
vt 0.186704 0.445770
vt 0.186703 0.440784
vt 0.184969 0.445770
vt 0.184968 0.440784
vt 0.596693 0.598711
vt 0.598428 0.598711
vt 0.598429 0.603697
vt 0.596694 0.603697
vt 0.600164 0.598711
vt 0.600164 0.603697
vt 0.601899 0.598710
vt 0.601900 0.603696
vt 0.449482 0.810927
vt 0.449481 0.809999
vt 0.450523 0.810170
vt 0.450524 0.815156
vt 0.449483 0.815157
vt 0.452258 0.810170
vt 0.452259 0.815156
vt 0.461221 0.680599
vt 0.461221 0.685585
vt 0.831336 0.541729
vt 0.830182 0.541765
vt 0.830534 0.539162
vt 0.831525 0.539782
vt 0.843888 0.543167
vt 0.844120 0.541448
vt 0.846968 0.541383
vt 0.846617 0.543986
vt 0.843810 0.539740
vt 0.846498 0.538798
vt 0.842987 0.538212
vt 0.845253 0.536486
vt 0.841732 0.537014
vt 0.843354 0.534671
vt 0.840169 0.536261
vt 0.840987 0.533533
vt 0.838449 0.536029
vt 0.838384 0.533181
vt 0.836742 0.536339
vt 0.835800 0.533651
vt 0.835214 0.537162
vt 0.833487 0.534896
vt 0.834015 0.538417
vt 0.831673 0.536795
vt 0.834163 0.544935
vt 0.831898 0.546662
vt 0.835418 0.546134
vt 0.836982 0.546887
vt 0.836164 0.549615
vt 0.833797 0.548476
vt 0.838702 0.547119
vt 0.838767 0.549967
vt 0.840409 0.546809
vt 0.841351 0.549497
vt 0.841937 0.545986
vt 0.843663 0.548252
vt 0.843136 0.544731
vt 0.845478 0.546352
vt 0.816984 0.097629
vt 0.816927 0.097438
vt 0.818490 0.096684
vt 0.818604 0.096848
vt 0.820113 0.099025
vt 0.817747 0.100166
vt 0.819744 0.095484
vt 0.819903 0.095605
vt 0.822011 0.097209
vt 0.820566 0.093956
vt 0.820755 0.094021
vt 0.823255 0.094895
vt 0.820876 0.092248
vt 0.821075 0.092252
vt 0.823724 0.092311
vt 0.820642 0.090528
vt 0.823371 0.089707
vt 0.819889 0.088965
vt 0.822232 0.087338
vt 0.818696 0.087701
vt 0.820419 0.085436
vt 0.817174 0.086869
vt 0.816137 0.086697
vt 0.813730 0.086816
vt 0.812168 0.087569
vt 0.810914 0.088769
vt 0.810755 0.088648
vt 0.808647 0.087043
vt 0.810092 0.090297
vt 0.809904 0.090231
vt 0.807403 0.089357
vt 0.809783 0.092004
vt 0.809584 0.092000
vt 0.806935 0.091941
vt 0.810017 0.093724
vt 0.809826 0.093781
vt 0.807289 0.094544
vt 0.810771 0.095287
vt 0.810607 0.095400
vt 0.808430 0.096910
vt 0.811971 0.096541
vt 0.811850 0.096699
vt 0.810246 0.098808
vt 0.813499 0.097362
vt 0.813434 0.097550
vt 0.812559 0.100051
vt 0.815207 0.097671
vt 0.815203 0.097871
vt 0.815144 0.100519
vt 0.988267 0.561929
vt 0.986518 0.561929
vt 0.986518 0.561031
vt 0.986518 0.557441
vt 0.986518 0.556943
vt 0.988267 0.556943
vt 0.449311 0.810941
vt 0.447771 0.811068
vt 0.447771 0.810171
vt 0.782611 0.426444
vt 0.783220 0.426444
vt 0.783220 0.427341
vt 0.782611 0.427341
vt 0.823724 0.085910
vt 0.821653 0.083814
vt 0.855116 0.489375
vt 0.857179 0.489375
vt 0.857179 0.494361
vt 0.855116 0.494361
vt 0.819084 0.082373
vt 0.456531 0.680599
vt 0.456531 0.685585
vt 0.830277 0.547897
vt 0.828993 0.545607
vt 0.828836 0.545328
vt 0.833263 0.539980
vt 0.603634 0.598710
vt 0.603635 0.603696
vt 0.447772 0.814658
vt 0.447772 0.815157
vt 0.783220 0.430931
vt 0.782611 0.430862
vt 0.780655 0.430931
vt 0.780655 0.427341
vt 0.780655 0.426444
vt 0.783221 0.431430
vt 0.782611 0.431430
vt 0.780655 0.431430
vt 0.832371 0.549968
vt 0.276872 0.712185
vt 0.276870 0.696160
vt 0.336789 0.696153
vt 0.336790 0.712178
vt 0.276873 0.728647
vt 0.336792 0.728640
vt 0.282494 0.102212
vt 0.282559 0.090191
vt 0.305102 0.089912
vt 0.291530 0.097333
vt 0.734498 0.443184
vt 0.718315 0.439713
vt 0.720273 0.430344
vt 0.736856 0.432083
vt 0.753832 0.454228
vt 0.755178 0.440935
vt 0.679925 0.190514
vt 0.679688 0.180203
vt 0.695485 0.180610
vt 0.697047 0.190565
vt 0.715060 0.169216
vt 0.718229 0.177831
vt 0.770235 0.440418
vt 0.769343 0.453799
vt 0.731098 0.165445
vt 0.733963 0.173438
vt 0.421500 0.899050
vt 0.421495 0.880709
vt 0.461784 0.880697
vt 0.461789 0.899038
vt 0.421491 0.938349
vt 0.421507 0.923071
vt 0.461796 0.923060
vt 0.461788 0.938338
vt 0.329968 0.009838
vt 0.329937 0.051204
vt 0.282614 0.050738
vt 0.282622 0.009787
vt 0.721379 0.407833
vt 0.721071 0.397962
vt 0.737503 0.398506
vt 0.738192 0.408376
vt 0.754571 0.400021
vt 0.756208 0.411078
vt 0.711419 0.122101
vt 0.727814 0.122332
vt 0.727233 0.131951
vt 0.710626 0.132161
vt 0.694378 0.123711
vt 0.692882 0.134870
vt 0.676559 0.132909
vt 0.679739 0.122637
vt 0.772359 0.409172
vt 0.768969 0.398997
vt 0.730983 0.342735
vt 0.735799 0.385405
vt 0.719686 0.386341
vt 0.714954 0.344435
vt 0.733967 0.067975
vt 0.729296 0.109821
vt 0.713172 0.108968
vt 0.717933 0.066339
vt 0.686032 0.062742
vt 0.701524 0.064759
vt 0.701399 0.065908
vt 0.696535 0.109080
vt 0.681509 0.108019
vt 0.762931 0.339691
vt 0.767405 0.384343
vt 0.752402 0.385443
vt 0.747383 0.341118
vt 0.712086 0.155936
vt 0.710615 0.134578
vt 0.727260 0.134262
vt 0.728655 0.154245
vt 0.692640 0.137783
vt 0.693788 0.164727
vt 0.678489 0.164201
vt 0.330721 0.077416
vt 0.282561 0.078279
vt 0.242115 0.102211
vt 0.230785 0.096086
vt 0.219429 0.089881
vt 0.241897 0.090184
vt 0.241779 0.078278
vt 0.193728 0.077352
vt 0.241614 0.009789
vt 0.241609 0.050742
vt 0.194624 0.051665
vt 0.194586 0.009841
vt 0.329179 0.074506
vt 0.282619 0.068008
vt 0.322662 0.062828
vt 0.677133 0.121025
vt 0.672621 0.129547
vt 0.662394 0.118782
vt 0.666677 0.114342
vt 0.667487 0.103314
vt 0.671485 0.061239
vt 0.200082 0.061696
vt 0.241591 0.068014
vt 0.781633 0.390061
vt 0.785507 0.393445
vt 0.777412 0.337541
vt 0.781446 0.380012
vt 0.329139 0.060918
vt 0.194479 0.060566
vt 0.768967 0.466719
vt 0.751917 0.466774
vt 0.730715 0.454020
vt 0.714970 0.449580
vt 0.176212 0.728658
vt 0.235827 0.728652
vt 0.235825 0.744289
vt 0.176213 0.744290
vt 0.176210 0.712195
vt 0.235825 0.712189
vt 0.176208 0.696171
vt 0.235824 0.696164
vt 0.599662 0.730284
vt 0.539752 0.730279
vt 0.539752 0.714252
vt 0.599672 0.714227
vt 0.599663 0.762376
vt 0.539752 0.762373
vt 0.539752 0.746742
vt 0.599663 0.746746
vt 0.606594 0.009794
vt 0.615636 0.014673
vt 0.629230 0.022090
vt 0.606653 0.021816
vt 0.730202 0.672253
vt 0.732636 0.683349
vt 0.715672 0.685077
vt 0.713882 0.675717
vt 0.749529 0.661220
vt 0.750886 0.674518
vt 0.465405 0.697982
vt 0.475721 0.698240
vt 0.475721 0.715368
vt 0.465764 0.713788
vt 0.462946 0.736527
vt 0.454329 0.733343
vt 0.765038 0.661622
vt 0.765935 0.675009
vt 0.458531 0.752259
vt 0.450537 0.749382
vt 0.706076 0.050081
vt 0.706084 0.009792
vt 0.724425 0.009796
vt 0.724417 0.050085
vt 0.666782 0.009797
vt 0.682063 0.009787
vt 0.682055 0.050076
vt 0.666774 0.050094
vt 0.606749 0.101655
vt 0.606756 0.061269
vt 0.654058 0.060805
vt 0.654087 0.101609
vt 0.715759 0.716036
vt 0.733131 0.717053
vt 0.731444 0.730188
vt 0.715314 0.729301
vt 0.750219 0.715502
vt 0.748043 0.730115
vt 0.394954 0.747645
vt 0.394121 0.731511
vt 0.407259 0.729761
vt 0.407475 0.746177
vt 0.394257 0.714875
vt 0.408878 0.712674
vt 0.393257 0.699873
vt 0.407942 0.698233
vt 0.764626 0.716496
vt 0.763055 0.731173
vt 0.726628 0.772812
vt 0.710594 0.771160
vt 0.351508 0.736227
vt 0.353123 0.752270
vt 0.348511 0.704261
vt 0.349949 0.719812
vt 0.743032 0.774418
vt 0.758574 0.775904
vt 0.733810 0.707073
vt 0.717496 0.707423
vt 0.717352 0.705165
vt 0.417105 0.745618
vt 0.417324 0.728978
vt 0.441039 0.730341
vt 0.439337 0.746920
vt 0.419969 0.711010
vt 0.418035 0.694714
vt 0.449393 0.696753
vt 0.449879 0.712070
vt 0.768021 0.706303
vt 0.751863 0.704411
vt 0.654914 0.034575
vt 0.606642 0.033729
vt 0.566237 0.009787
vt 0.566019 0.021814
vt 0.543554 0.022114
vt 0.554909 0.015911
vt 0.565902 0.033719
vt 0.517852 0.034642
vt 0.518707 0.101582
vt 0.518752 0.060321
vt 0.565735 0.061258
vt 0.565735 0.101647
vt 0.646787 0.049189
vt 0.606774 0.043994
vt 0.388573 0.685835
vt 0.399612 0.685032
vt 0.347030 0.689708
vt 0.565718 0.043983
vt 0.524204 0.050301
vt 0.777287 0.725442
vt 0.777097 0.735501
vt 0.773116 0.777420
vt 0.607670 0.048612
vt 0.653255 0.051089
vt 0.564808 0.048601
vt 0.518608 0.051419
vt 0.747606 0.648674
vt 0.764654 0.648700
vt 0.726404 0.661418
vt 0.710574 0.665853
vt 0.640713 0.762376
vt 0.640714 0.746746
vt 0.700321 0.746743
vt 0.700321 0.762374
vt 0.700321 0.730279
vt 0.640714 0.730284
vt 0.700321 0.714253
vt 0.640705 0.714227
vt 0.781162 0.722054
vt 0.403984 0.680677
vt 0.336793 0.744280
vt 0.276879 0.744285
vt 0.324262 0.751703
vt 0.276879 0.751707
vt 0.235826 0.751707
vt 0.188751 0.751722
vt 0.687790 0.769788
vt 0.640713 0.769794
vt 0.599664 0.769798
vt 0.552283 0.769795
vt 0.563629 0.846002
vt 0.690365 0.846021
vt 0.690372 0.857880
vt 0.563619 0.857862
vt 0.488883 0.869749
vt 0.362147 0.869732
vt 0.362140 0.857873
vt 0.488893 0.857890
vt 0.087989 0.789992
vt 0.200375 0.789978
vt 0.200399 0.801838
vt 0.087968 0.801852
vt 0.565588 0.782474
vt 0.677800 0.782492
vt 0.677821 0.794352
vt 0.565564 0.794334
vt 0.681508 0.782500
vt 0.681514 0.794355
vt 0.685206 0.782510
vt 0.685193 0.794364
vt 0.688888 0.782522
vt 0.688855 0.794378
vt 0.692553 0.782535
vt 0.692494 0.794397
vt 0.696200 0.782548
vt 0.696111 0.794421
vt 0.699835 0.782559
vt 0.699715 0.794450
vt 0.703463 0.782565
vt 0.703329 0.794482
vt 0.552892 0.846007
vt 0.556498 0.846006
vt 0.556573 0.857872
vt 0.552985 0.857885
vt 0.560072 0.846004
vt 0.560107 0.857864
vt 0.693922 0.846023
vt 0.693884 0.857884
vt 0.697496 0.846027
vt 0.697418 0.857892
vt 0.701102 0.846029
vt 0.701006 0.857906
vt 0.062326 0.790065
vt 0.065954 0.790059
vt 0.066073 0.801950
vt 0.062460 0.801981
vt 0.069589 0.790048
vt 0.069678 0.801921
vt 0.073237 0.790035
vt 0.073295 0.801897
vt 0.076901 0.790022
vt 0.076934 0.801878
vt 0.080584 0.790010
vt 0.080596 0.801864
vt 0.084281 0.790000
vt 0.084276 0.801855
vt 0.561707 0.782481
vt 0.561698 0.794336
vt 0.558010 0.782490
vt 0.558018 0.794343
vt 0.554327 0.782501
vt 0.554357 0.794356
vt 0.550662 0.782512
vt 0.550717 0.794374
vt 0.547015 0.782524
vt 0.547100 0.794398
vt 0.543380 0.782534
vt 0.543496 0.794425
vt 0.539752 0.782539
vt 0.539882 0.794456
vt 0.355016 0.869727
vt 0.351410 0.869725
vt 0.351505 0.857847
vt 0.355094 0.857861
vt 0.358590 0.869730
vt 0.358628 0.857870
vt 0.492440 0.869747
vt 0.492405 0.857887
vt 0.496014 0.869745
vt 0.495938 0.857880
vt 0.499620 0.869744
vt 0.499527 0.857867
vt 0.222409 0.790039
vt 0.226037 0.790044
vt 0.225907 0.801960
vt 0.222293 0.801930
vt 0.218775 0.790029
vt 0.218689 0.801902
vt 0.215127 0.790017
vt 0.215072 0.801879
vt 0.211462 0.790005
vt 0.211433 0.801861
vt 0.207780 0.789994
vt 0.207771 0.801847
vt 0.204083 0.789985
vt 0.204091 0.801840
vt 0.207722 0.810651
vt 0.204096 0.810646
vt 0.211325 0.810665
vt 0.214885 0.810688
vt 0.218379 0.810719
vt 0.221778 0.810761
vt 0.225033 0.810817
vt 0.495532 0.849070
vt 0.498751 0.849045
vt 0.492247 0.849082
vt 0.488818 0.849084
vt 0.362217 0.849068
vt 0.358789 0.849065
vt 0.355503 0.849051
vt 0.352285 0.849026
vt 0.544012 0.803256
vt 0.540756 0.803312
vt 0.547410 0.803215
vt 0.550904 0.803183
vt 0.554463 0.803161
vt 0.558066 0.803147
vt 0.561692 0.803142
vt 0.565430 0.803145
vt 0.677775 0.803163
vt 0.681516 0.803161
vt 0.685142 0.803168
vt 0.688745 0.803183
vt 0.692304 0.803206
vt 0.695798 0.803238
vt 0.699197 0.803281
vt 0.702453 0.803338
vt 0.556979 0.866682
vt 0.553761 0.866706
vt 0.560264 0.866669
vt 0.563694 0.866667
vt 0.690295 0.866685
vt 0.693723 0.866689
vt 0.697008 0.866702
vt 0.700227 0.866727
vt 0.066592 0.810781
vt 0.063336 0.810837
vt 0.069990 0.810738
vt 0.073484 0.810706
vt 0.077043 0.810683
vt 0.080646 0.810668
vt 0.084272 0.810661
vt 0.088014 0.810664
vt 0.200355 0.810649
vt 0.159368 0.009787
vt 0.162943 0.010084
vt 0.162961 0.170077
vt 0.159387 0.170373
vt 0.025551 0.010982
vt 0.029037 0.010099
vt 0.029056 0.170092
vt 0.025569 0.169210
vt 0.032611 0.009802
vt 0.032630 0.170388
vt 0.019182 0.014404
vt 0.022239 0.012428
vt 0.022257 0.167764
vt 0.019199 0.165790
vt 0.014128 0.019733
vt 0.016456 0.016858
vt 0.016473 0.163336
vt 0.014144 0.160462
vt 0.010883 0.026447
vt 0.012255 0.022955
vt 0.012270 0.157240
vt 0.010898 0.153748
vt 0.010046 0.030122
vt 0.010060 0.150073
vt 0.009766 0.034067
vt 0.009779 0.146305
vt 0.166429 0.010966
vt 0.169742 0.012411
vt 0.169760 0.167747
vt 0.166447 0.169194
vt 0.172799 0.014386
vt 0.175526 0.016840
vt 0.175543 0.163317
vt 0.172817 0.165772
vt 0.177854 0.019714
vt 0.179728 0.022936
vt 0.179744 0.157220
vt 0.177871 0.160443
vt 0.181101 0.026428
vt 0.181938 0.030102
vt 0.181952 0.150053
vt 0.181115 0.153728
vt 0.182220 0.033870
vt 0.182233 0.146285
vt 0.844051 0.404929
vt 0.844057 0.445085
vt 0.793801 0.445074
vt 0.793795 0.404918
vt 0.857191 0.071423
vt 0.806935 0.071423
vt 0.806949 0.031268
vt 0.857205 0.031267
vt 0.795872 0.164290
vt 0.745616 0.164290
vt 0.745615 0.009788
vt 0.795871 0.009787
vt 0.844052 0.466565
vt 0.793796 0.466554
vt 0.793798 0.455814
vt 0.844054 0.455825
vt 0.806949 0.020528
vt 0.857205 0.020527
vt 0.806949 0.009788
vt 0.857205 0.009787
vt 0.414741 0.396239
vt 0.438410 0.395993
vt 0.440227 0.413388
vt 0.414740 0.413655
vt 0.461824 0.395043
vt 0.465680 0.412539
vt 0.484132 0.392271
vt 0.491208 0.411080
vt 0.338794 0.374271
vt 0.345564 0.353450
vt 0.363262 0.356093
vt 0.355218 0.381321
vt 0.345566 0.331652
vt 0.363214 0.328857
vt 0.338831 0.310920
vt 0.354846 0.302939
vt 0.325960 0.293208
vt 0.339403 0.281430
vt 0.016849 0.484882
vt 0.039150 0.487657
vt 0.035297 0.505147
vt 0.009774 0.503685
vt 0.062547 0.488619
vt 0.060747 0.505999
vt 0.086145 0.488908
vt 0.086246 0.506265
vt 0.104168 0.488665
vt 0.102830 0.506514
vt 0.120404 0.506133
vt 0.120419 0.584658
vt 0.102809 0.584282
vt 0.117263 0.488593
vt 0.133250 0.487766
vt 0.136978 0.505147
vt 0.155488 0.484937
vt 0.162518 0.503702
vt 0.213816 0.310964
vt 0.207046 0.331785
vt 0.189348 0.329142
vt 0.197392 0.303914
vt 0.207044 0.353583
vt 0.189396 0.356377
vt 0.213779 0.374315
vt 0.197763 0.382296
vt 0.226650 0.392026
vt 0.213207 0.403805
vt 0.345350 0.392266
vt 0.367658 0.395040
vt 0.363801 0.412536
vt 0.338272 0.411075
vt 0.391072 0.395992
vt 0.389253 0.413386
vt 0.465677 0.493058
vt 0.461820 0.510554
vt 0.438406 0.509602
vt 0.440224 0.492208
vt 0.414737 0.509354
vt 0.414738 0.491939
vt 0.491205 0.494518
vt 0.484128 0.513327
vt 0.451548 0.183708
vt 0.448908 0.166009
vt 0.469731 0.159244
vt 0.476777 0.175669
vt 0.424312 0.183653
vt 0.427110 0.166006
vt 0.398396 0.175280
vt 0.406380 0.159266
vt 0.376890 0.159831
vt 0.388672 0.146391
vt 0.035289 0.585632
vt 0.039137 0.603121
vt 0.016838 0.605894
vt 0.009766 0.587090
vt 0.060740 0.584784
vt 0.062527 0.602159
vt 0.086247 0.584526
vt 0.086086 0.601857
vt 0.100754 0.601894
vt 0.162516 0.587092
vt 0.155501 0.605872
vt 0.133289 0.603063
vt 0.136971 0.585638
vt 0.424636 0.009787
vt 0.427275 0.027486
vt 0.406452 0.034251
vt 0.399406 0.017826
vt 0.451871 0.009842
vt 0.449073 0.027490
vt 0.477788 0.018215
vt 0.469803 0.034229
vt 0.499294 0.033664
vt 0.487512 0.047104
vt 0.363798 0.493055
vt 0.367654 0.510551
vt 0.345346 0.513323
vt 0.338270 0.494513
vt 0.389251 0.492206
vt 0.391068 0.509601
vt 0.818147 0.557449
vt 0.792349 0.557447
vt 0.792355 0.477728
vt 0.818153 0.477730
vt 0.766550 0.557445
vt 0.766557 0.477726
vt 0.740752 0.557443
vt 0.740759 0.477723
vt 0.714954 0.557441
vt 0.714961 0.477721
vt 0.723721 0.190730
vt 0.749519 0.190732
vt 0.749513 0.270451
vt 0.723714 0.270449
vt 0.775317 0.190734
vt 0.775311 0.270453
vt 0.801115 0.190736
vt 0.801109 0.270455
vt 0.826913 0.190738
vt 0.826907 0.270457
vt 0.487532 0.146347
vt 0.438092 0.096748
vt 0.500460 0.128591
vt 0.507254 0.107714
vt 0.368933 0.107736
vt 0.375734 0.128621
vt 0.368930 0.085781
vt 0.372690 0.072932
vt 0.388652 0.047148
vt 0.500450 0.064874
vt 0.507251 0.085759
vt 0.276305 0.342617
vt 0.325893 0.392069
vt 0.308134 0.404992
vt 0.287255 0.411782
vt 0.265300 0.411774
vt 0.244418 0.404968
vt 0.226717 0.293166
vt 0.238577 0.283981
vt 0.287309 0.273461
vt 0.265354 0.273453
vt 0.308192 0.280266
vt 0.118846 0.602265
vt 0.380400 0.057798
vt 0.249663 0.278776
vt 0.099367 0.374229
vt 0.099356 0.356817
vt 0.123020 0.356566
vt 0.124849 0.373956
vt 0.146428 0.355618
vt 0.150295 0.373109
vt 0.168727 0.352852
vt 0.175811 0.371670
vt 0.499298 0.218512
vt 0.487515 0.231952
vt 0.469807 0.219075
vt 0.477793 0.203062
vt 0.449078 0.212334
vt 0.451877 0.194687
vt 0.427280 0.212329
vt 0.424642 0.194630
vt 0.406456 0.219092
vt 0.399412 0.202667
vt 0.176217 0.496819
vt 0.183293 0.478015
vt 0.205594 0.480791
vt 0.201740 0.498280
vt 0.228991 0.481753
vt 0.227191 0.499133
vt 0.252589 0.482043
vt 0.252690 0.499399
vt 0.270612 0.481800
vt 0.269274 0.499649
vt 0.286848 0.499268
vt 0.286861 0.577794
vt 0.269251 0.577417
vt 0.283706 0.481728
vt 0.299694 0.480902
vt 0.303422 0.498282
vt 0.321932 0.478073
vt 0.328961 0.496838
vt 0.376885 0.344670
vt 0.388667 0.331231
vt 0.406375 0.344108
vt 0.398389 0.360121
vt 0.427104 0.350849
vt 0.424305 0.368496
vt 0.448902 0.350854
vt 0.451540 0.368553
vt 0.469726 0.344090
vt 0.476770 0.360516
vt 0.022906 0.371689
vt 0.029971 0.352878
vt 0.052278 0.355638
vt 0.048433 0.373134
vt 0.075691 0.356578
vt 0.073883 0.373971
vt 0.146502 0.471104
vt 0.123099 0.470125
vt 0.124911 0.452716
vt 0.150371 0.453517
vt 0.099432 0.469891
vt 0.099422 0.452476
vt 0.168730 0.474165
vt 0.175740 0.455564
vt 0.213698 0.224906
vt 0.226536 0.242641
vt 0.213072 0.254395
vt 0.197668 0.232858
vt 0.207001 0.204162
vt 0.189348 0.206924
vt 0.207042 0.182364
vt 0.189349 0.179689
vt 0.213850 0.161555
vt 0.197439 0.154475
vt 0.205579 0.596255
vt 0.183280 0.599028
vt 0.176208 0.580224
vt 0.201731 0.578766
vt 0.228969 0.595294
vt 0.227182 0.577919
vt 0.252528 0.594992
vt 0.252689 0.577660
vt 0.267196 0.595029
vt 0.321943 0.599008
vt 0.299730 0.596199
vt 0.303413 0.578773
vt 0.328958 0.580228
vt 0.338865 0.161739
vt 0.326026 0.144004
vt 0.339490 0.132251
vt 0.354895 0.153788
vt 0.345562 0.182483
vt 0.363215 0.179721
vt 0.345521 0.204281
vt 0.363214 0.206957
vt 0.338713 0.225090
vt 0.355124 0.232170
vt 0.052352 0.471125
vt 0.030047 0.473911
vt 0.022959 0.455108
vt 0.048485 0.453633
vt 0.075765 0.470157
vt 0.073936 0.452765
vt 0.175971 0.447342
vt 0.165534 0.779025
vt 0.139736 0.779030
vt 0.139721 0.699310
vt 0.165519 0.699306
vt 0.165520 0.706303
vt 0.113938 0.779035
vt 0.113923 0.699315
vt 0.088139 0.779039
vt 0.088124 0.699320
vt 0.062341 0.779044
vt 0.062326 0.699325
vt 0.237535 0.762660
vt 0.263333 0.762662
vt 0.263327 0.842381
vt 0.237528 0.842379
vt 0.289131 0.762664
vt 0.289125 0.842383
vt 0.314929 0.762666
vt 0.314923 0.842385
vt 0.340727 0.762668
vt 0.340721 0.842387
vt 0.244280 0.255615
vt 0.276281 0.193322
vt 0.265151 0.262459
vt 0.287106 0.262507
vt 0.244566 0.130890
vt 0.226783 0.143781
vt 0.265457 0.124138
vt 0.278840 0.123767
vt 0.308282 0.131030
vt 0.325780 0.242864
vt 0.307997 0.255756
vt 0.438091 0.281591
vt 0.500452 0.249723
vt 0.507251 0.270608
vt 0.507252 0.292563
vt 0.500456 0.313440
vt 0.487527 0.331195
vt 0.375731 0.313460
vt 0.370662 0.299340
vt 0.375726 0.249743
vt 0.368930 0.270620
vt 0.388655 0.231988
vt 0.285287 0.595400
vt 0.295611 0.126451
vt 0.369141 0.287188
vt 0.806123 0.714430
vt 0.806123 0.714234
vt 0.809204 0.714234
vt 0.809204 0.714430
vt 0.809204 0.721362
vt 0.809204 0.721535
vt 0.806122 0.721535
vt 0.806122 0.721362
vt 0.812286 0.714234
vt 0.812286 0.714430
vt 0.812286 0.721362
vt 0.812286 0.721535
vt 0.206056 0.769776
vt 0.206056 0.769972
vt 0.202974 0.769972
vt 0.202974 0.769776
vt 0.202973 0.762845
vt 0.202973 0.762672
vt 0.206055 0.762671
vt 0.206055 0.762844
vt 0.199893 0.769973
vt 0.199893 0.769777
vt 0.199892 0.762845
vt 0.199891 0.762672
vt 0.196811 0.769973
vt 0.196811 0.769777
vt 0.196810 0.762846
vt 0.196810 0.762672
vt 0.193729 0.769974
vt 0.193729 0.769778
vt 0.193728 0.762846
vt 0.193728 0.762673
vt 0.500333 0.009983
vt 0.500333 0.009787
vt 0.503415 0.009788
vt 0.503415 0.009984
vt 0.503413 0.016915
vt 0.503413 0.017089
vt 0.500332 0.017088
vt 0.500332 0.016915
vt 0.506496 0.009788
vt 0.506496 0.009984
vt 0.506495 0.016916
vt 0.506495 0.017089
vt 0.509578 0.009789
vt 0.509578 0.009985
vt 0.509577 0.016916
vt 0.509577 0.017090
vt 0.512660 0.009789
vt 0.512660 0.009985
vt 0.512659 0.016917
vt 0.512659 0.017090
vt 0.515742 0.009790
vt 0.515742 0.009986
vt 0.515741 0.016917
vt 0.515741 0.017091
vt 0.518824 0.009790
vt 0.518824 0.009986
vt 0.518822 0.016918
vt 0.518822 0.017091
vt 0.215628 0.762863
vt 0.215628 0.762667
vt 0.218710 0.762666
vt 0.218710 0.762862
vt 0.218711 0.769794
vt 0.218711 0.769967
vt 0.215629 0.769968
vt 0.215629 0.769794
vt 0.221792 0.762666
vt 0.221792 0.762862
vt 0.221793 0.769793
vt 0.221793 0.769967
vt 0.224874 0.762666
vt 0.224874 0.762861
vt 0.224875 0.769793
vt 0.224875 0.769966
vt 0.227955 0.762665
vt 0.227955 0.762861
vt 0.227956 0.769792
vt 0.227956 0.769966
vt 0.793795 0.714430
vt 0.793795 0.714234
vt 0.796877 0.714234
vt 0.796877 0.714430
vt 0.796877 0.721361
vt 0.796877 0.721535
vt 0.793795 0.721534
vt 0.793795 0.721361
vt 0.799959 0.714234
vt 0.799959 0.714430
vt 0.799959 0.721361
vt 0.799959 0.721535
vt 0.803041 0.714234
vt 0.803041 0.714430
vt 0.803041 0.721361
vt 0.803041 0.721535
vt 0.823629 0.144735
vt 0.816664 0.151700
vt 0.814608 0.149644
vt 0.821136 0.142923
vt 0.826393 0.153241
vt 0.822047 0.157082
vt 0.820575 0.155610
vt 0.826393 0.150159
vt 0.812192 0.142923
vt 0.815123 0.141971
vt 0.811282 0.146317
vt 0.809699 0.144735
vt 0.825441 0.147228
vt 0.818720 0.153756
vt 0.823629 0.158665
vt 0.825441 0.156172
vt 0.821136 0.160476
vt 0.818205 0.161429
vt 0.815123 0.161429
vt 0.812192 0.160476
vt 0.809699 0.158665
vt 0.807888 0.156172
vt 0.806935 0.150159
vt 0.807888 0.147228
vt 0.812754 0.147789
vt 0.818205 0.141971
vt 0.806935 0.153241
vt 0.935018 0.216894
vt 0.932087 0.217846
vt 0.926635 0.212028
vt 0.928490 0.210173
vt 0.939322 0.212590
vt 0.937511 0.215083
vt 0.930546 0.208118
vt 0.932602 0.206062
vt 0.926074 0.216894
vt 0.923581 0.215083
vt 0.925163 0.213500
vt 0.929005 0.217846
vt 0.940275 0.209659
vt 0.934456 0.204207
vt 0.937511 0.201153
vt 0.939322 0.203646
vt 0.940275 0.206577
vt 0.935928 0.202735
vt 0.921769 0.212589
vt 0.920817 0.209659
vt 0.920817 0.206577
vt 0.921769 0.203646
vt 0.923581 0.201153
vt 0.926074 0.199341
vt 0.929005 0.198389
vt 0.932087 0.198389
vt 0.935018 0.199341
vt 0.197295 0.459154
vt 0.200377 0.459154
vt 0.200377 0.466455
vt 0.197296 0.466455
vt 0.203459 0.459154
vt 0.203459 0.466454
vt 0.863063 0.339497
vt 0.859981 0.339497
vt 0.859983 0.332196
vt 0.863064 0.332196
vt 0.856900 0.339496
vt 0.856901 0.332195
vt 0.853818 0.339496
vt 0.853819 0.332195
vt 0.850736 0.339495
vt 0.850737 0.332194
vt 0.806937 0.172379
vt 0.810018 0.172379
vt 0.810017 0.179507
vt 0.810017 0.179680
vt 0.806935 0.179679
vt 0.813100 0.172380
vt 0.813099 0.179680
vt 0.816182 0.172380
vt 0.816181 0.179681
vt 0.819264 0.172380
vt 0.819263 0.179681
vt 0.822345 0.172381
vt 0.822344 0.179682
vt 0.825427 0.172381
vt 0.825426 0.179682
vt 0.509093 0.720403
vt 0.512175 0.720403
vt 0.512174 0.727704
vt 0.509092 0.727703
vt 0.515257 0.720404
vt 0.515255 0.727704
vt 0.518338 0.720404
vt 0.518337 0.727705
vt 0.521420 0.720405
vt 0.521419 0.727705
vt 0.184968 0.459155
vt 0.188050 0.459155
vt 0.188050 0.466456
vt 0.184968 0.466456
vt 0.191131 0.459155
vt 0.191132 0.466456
vt 0.194213 0.459155
vt 0.194214 0.466455
vt 0.823629 0.114327
vt 0.816664 0.121292
vt 0.814608 0.119236
vt 0.821136 0.112515
vt 0.826393 0.122833
vt 0.822047 0.126674
vt 0.820575 0.125202
vt 0.826393 0.119751
vt 0.812192 0.112515
vt 0.815123 0.111563
vt 0.811282 0.115910
vt 0.809699 0.114327
vt 0.825441 0.116820
vt 0.818720 0.123348
vt 0.823629 0.128257
vt 0.825441 0.125764
vt 0.821136 0.130068
vt 0.818205 0.131021
vt 0.815192 0.130585
vt 0.815123 0.131021
vt 0.812192 0.130068
vt 0.809699 0.128257
vt 0.807888 0.125764
vt 0.806935 0.119751
vt 0.807888 0.116820
vt 0.812754 0.117381
vt 0.818205 0.111563
vt 0.806935 0.122833
vt 0.597753 0.457845
vt 0.594822 0.458797
vt 0.589371 0.452979
vt 0.591226 0.451124
vt 0.602058 0.453540
vt 0.600247 0.456033
vt 0.593282 0.449068
vt 0.595337 0.447012
vt 0.588810 0.457845
vt 0.586316 0.456033
vt 0.587899 0.454451
vt 0.591741 0.458797
vt 0.603010 0.450609
vt 0.597192 0.445158
vt 0.600247 0.442103
vt 0.602058 0.444596
vt 0.603010 0.447527
vt 0.598664 0.443686
vt 0.584505 0.453540
vt 0.583553 0.450609
vt 0.583553 0.447527
vt 0.584505 0.444596
vt 0.586316 0.442103
vt 0.588810 0.440292
vt 0.591741 0.439339
vt 0.594822 0.439339
vt 0.597753 0.440292
vt 0.457224 0.794847
vt 0.457223 0.794566
vt 0.459587 0.794566
vt 0.459587 0.794847
vt 0.459586 0.798746
vt 0.459586 0.799052
vt 0.457223 0.799052
vt 0.457223 0.798745
vt 0.461950 0.794566
vt 0.461950 0.794847
vt 0.461949 0.798746
vt 0.461949 0.799052
vt 0.053912 0.870572
vt 0.053912 0.870853
vt 0.051549 0.870853
vt 0.051549 0.870572
vt 0.051549 0.866673
vt 0.051549 0.866367
vt 0.053913 0.866367
vt 0.053913 0.866673
vt 0.049186 0.870853
vt 0.049186 0.870572
vt 0.049186 0.866673
vt 0.049186 0.866367
vt 0.317290 0.857541
vt 0.317290 0.857822
vt 0.317109 0.857822
vt 0.314640 0.857822
vt 0.314640 0.857541
vt 0.314640 0.853642
vt 0.314640 0.853336
vt 0.317109 0.853336
vt 0.317290 0.853336
vt 0.317290 0.853643
vt 0.312278 0.857822
vt 0.311989 0.857822
vt 0.311989 0.857541
vt 0.311990 0.853642
vt 0.311990 0.853336
vt 0.312278 0.853336
vt 0.747471 0.179420
vt 0.747472 0.175521
vt 0.747472 0.175240
vt 0.748748 0.175241
vt 0.748890 0.175241
vt 0.748890 0.175522
vt 0.748889 0.179421
vt 0.748889 0.179727
vt 0.748747 0.179727
vt 0.747471 0.179726
vt 0.749835 0.175522
vt 0.749835 0.175241
vt 0.752198 0.175241
vt 0.752198 0.175522
vt 0.752197 0.179421
vt 0.752197 0.179727
vt 0.749834 0.179727
vt 0.749834 0.179421
vt 0.752433 0.179727
vt 0.752434 0.175241
vt 0.754561 0.175242
vt 0.754561 0.175523
vt 0.754560 0.179421
vt 0.754560 0.179728
vt 0.756924 0.175242
vt 0.756924 0.175523
vt 0.756923 0.179422
vt 0.756923 0.179728
vt 0.759287 0.175242
vt 0.759287 0.175523
vt 0.759286 0.179422
vt 0.759286 0.179728
vt 0.761650 0.175243
vt 0.761650 0.175524
vt 0.761649 0.179423
vt 0.761649 0.179729
vt 0.228768 0.113443
vt 0.228768 0.113162
vt 0.231131 0.113162
vt 0.231131 0.113443
vt 0.231132 0.117342
vt 0.231132 0.117648
vt 0.228769 0.117648
vt 0.228769 0.117342
vt 0.233494 0.113162
vt 0.233495 0.113443
vt 0.233495 0.117341
vt 0.233495 0.117648
vt 0.235858 0.113161
vt 0.235858 0.113442
vt 0.235858 0.117341
vt 0.235858 0.117647
vt 0.238221 0.113161
vt 0.238221 0.113442
vt 0.238221 0.117341
vt 0.238221 0.117647
vt 0.447771 0.794846
vt 0.447771 0.794565
vt 0.450134 0.794565
vt 0.450134 0.794846
vt 0.450134 0.798745
vt 0.450134 0.799051
vt 0.447771 0.799051
vt 0.447771 0.798745
vt 0.452497 0.794565
vt 0.452497 0.794847
vt 0.452497 0.798745
vt 0.452497 0.799051
vt 0.454860 0.794566
vt 0.454860 0.794847
vt 0.454860 0.798745
vt 0.454860 0.799051
vt 0.778911 0.320598
vt 0.779132 0.320664
vt 0.778107 0.322794
vt 0.777918 0.322662
vt 0.777608 0.322448
vt 0.777475 0.322356
vt 0.778396 0.320443
vt 0.778550 0.320490
vt 0.774318 0.325405
vt 0.774394 0.325623
vt 0.772069 0.326045
vt 0.772064 0.325815
vt 0.772056 0.325438
vt 0.772052 0.325277
vt 0.774140 0.324897
vt 0.774194 0.325049
vt 0.776065 0.312474
vt 0.776197 0.312284
vt 0.777905 0.313917
vt 0.777722 0.314057
vt 0.777422 0.314285
vt 0.777294 0.314383
vt 0.775759 0.312917
vt 0.775851 0.312784
vt 0.779026 0.315997
vt 0.778808 0.316074
vt 0.778452 0.316198
vt 0.778300 0.316252
vt 0.776475 0.324502
vt 0.776335 0.324319
vt 0.776107 0.324019
vt 0.776009 0.323891
vt 0.769728 0.325729
vt 0.769794 0.325508
vt 0.769902 0.325147
vt 0.769949 0.324993
vt 0.767598 0.324704
vt 0.767730 0.324515
vt 0.767944 0.324205
vt 0.768036 0.324072
vt 0.767482 0.324593
vt 0.765890 0.323072
vt 0.766073 0.322932
vt 0.766373 0.322704
vt 0.766501 0.322606
vt 0.767931 0.323972
vt 0.764891 0.321218
vt 0.764769 0.320991
vt 0.764987 0.320915
vt 0.765342 0.320791
vt 0.765495 0.320737
vt 0.765604 0.320941
vt 0.765483 0.319330
vt 0.764541 0.319736
vt 0.764516 0.319596
vt 0.764806 0.319470
vt 0.765279 0.319262
vt 0.765482 0.319173
vt 0.764658 0.318657
vt 0.764346 0.318666
vt 0.764663 0.316325
vt 0.764930 0.316492
vt 0.765367 0.316765
vt 0.765554 0.316883
vt 0.765384 0.318634
vt 0.765166 0.318641
vt 0.764765 0.316112
vt 0.765025 0.316276
vt 0.765449 0.316543
vt 0.765631 0.316658
vt 0.765877 0.314327
vt 0.765687 0.314195
vt 0.767320 0.312487
vt 0.767460 0.312670
vt 0.767688 0.312970
vt 0.767786 0.313098
vt 0.766320 0.314633
vt 0.766187 0.314541
vt 0.774001 0.311481
vt 0.774067 0.311260
vt 0.773846 0.311996
vt 0.773893 0.311842
vt 0.771731 0.311174
vt 0.771725 0.310943
vt 0.771743 0.311712
vt 0.771739 0.311551
vt 0.779218 0.318328
vt 0.779448 0.318322
vt 0.778680 0.318340
vt 0.778841 0.318336
vt 0.769400 0.311366
vt 0.769477 0.311584
vt 0.769601 0.311939
vt 0.769655 0.312092
vt 0.663356 0.687575
vt 0.661014 0.687892
vt 0.661032 0.687123
vt 0.663135 0.686839
vt 0.667194 0.684918
vt 0.665486 0.686551
vt 0.665048 0.685919
vt 0.666582 0.684452
vt 0.658689 0.687469
vt 0.656608 0.686349
vt 0.657074 0.685737
vt 0.658943 0.686744
vt 0.654975 0.684641
vt 0.655607 0.684203
vt 0.668314 0.682837
vt 0.667589 0.682583
vt 0.667395 0.676040
vt 0.668420 0.678171
vt 0.667684 0.678392
vt 0.666763 0.676479
vt 0.668737 0.680512
vt 0.667968 0.680495
vt 0.653950 0.682511
vt 0.654687 0.682290
vt 0.653634 0.680169
vt 0.654402 0.680187
vt 0.654056 0.677844
vt 0.654781 0.678098
vt 0.655175 0.675762
vt 0.655787 0.676228
vt 0.656882 0.674125
vt 0.657320 0.674757
vt 0.658797 0.673197
vt 0.659010 0.673094
vt 0.659568 0.673985
vt 0.659343 0.674062
vt 0.661353 0.672777
vt 0.661320 0.673814
vt 0.662423 0.672973
vt 0.663681 0.673208
vt 0.663427 0.673933
vt 0.662017 0.673913
vt 0.661860 0.673911
vt 0.662284 0.672947
vt 0.663908 0.673330
vt 0.665763 0.674331
vt 0.665297 0.674943
vt 0.663631 0.674043
vt 0.667284 0.675924
vt 0.666663 0.676374
vt 0.646739 0.380779
vt 0.646739 0.379972
vt 0.648300 0.379972
vt 0.648300 0.380780
vt 0.648300 0.384009
vt 0.648300 0.384458
vt 0.646738 0.384458
vt 0.646738 0.384009
vt 0.643616 0.380779
vt 0.643616 0.379972
vt 0.645178 0.379972
vt 0.645178 0.380779
vt 0.645177 0.384009
vt 0.645177 0.384458
vt 0.643616 0.384457
vt 0.643616 0.384009
vt 0.493437 0.834885
vt 0.493437 0.835693
vt 0.491876 0.835693
vt 0.491876 0.834885
vt 0.491875 0.831656
vt 0.491875 0.831207
vt 0.493436 0.831207
vt 0.493437 0.831655
vt 0.490315 0.835693
vt 0.490314 0.834886
vt 0.490314 0.831656
vt 0.490314 0.831207
vt 0.642055 0.380779
vt 0.642055 0.379971
vt 0.642055 0.384457
vt 0.642055 0.384009
vt 0.615431 0.288876
vt 0.615431 0.288068
vt 0.616993 0.288068
vt 0.616993 0.288876
vt 0.616992 0.292106
vt 0.616992 0.292554
vt 0.615431 0.292554
vt 0.615431 0.292105
vt 0.618554 0.288068
vt 0.618554 0.288876
vt 0.618554 0.292106
vt 0.618554 0.292554
vt 0.640494 0.380779
vt 0.640494 0.379971
vt 0.640493 0.384457
vt 0.640493 0.384009
vt 0.649861 0.379972
vt 0.649861 0.380780
vt 0.649861 0.384010
vt 0.649861 0.384458
vt 0.488753 0.835693
vt 0.488753 0.834886
vt 0.488753 0.831656
vt 0.488753 0.831207
vt 0.487192 0.835694
vt 0.487192 0.834886
vt 0.487192 0.831656
vt 0.487191 0.831208
vt 0.767516 0.789175
vt 0.767516 0.788367
vt 0.769077 0.788368
vt 0.769077 0.789175
vt 0.769076 0.792405
vt 0.769076 0.792854
vt 0.767515 0.792853
vt 0.767515 0.792405
vt 0.770638 0.788368
vt 0.770638 0.789175
vt 0.770638 0.792405
vt 0.770637 0.792854
vt 0.772199 0.788368
vt 0.772199 0.789176
vt 0.772199 0.792405
vt 0.772199 0.792854
vt 0.773605 0.788368
vt 0.773761 0.788368
vt 0.773761 0.789176
vt 0.773760 0.792406
vt 0.773760 0.792854
vt 0.773604 0.792854
vt 0.611372 0.292090
vt 0.611372 0.288748
vt 0.611372 0.287913
vt 0.611466 0.287929
vt 0.612309 0.288068
vt 0.612309 0.288875
vt 0.612309 0.292105
vt 0.612309 0.292554
vt 0.611466 0.292554
vt 0.611372 0.292554
vt 0.612479 0.288068
vt 0.613870 0.288068
vt 0.613870 0.288875
vt 0.613870 0.292105
vt 0.613870 0.292554
vt 0.612479 0.292554
vt 0.615325 0.288876
vt 0.615325 0.288068
vt 0.615325 0.292554
vt 0.615325 0.292105
vt 0.776849 0.319979
vt 0.776677 0.319928
vt 0.776886 0.318381
vt 0.777066 0.318377
vt 0.776607 0.316845
vt 0.776776 0.316785
vt 0.775867 0.315470
vt 0.776009 0.315361
vt 0.774738 0.314392
vt 0.774840 0.314244
vt 0.773331 0.313715
vt 0.773383 0.313543
vt 0.771784 0.313506
vt 0.771780 0.313326
vt 0.770248 0.313785
vt 0.770188 0.313616
vt 0.768873 0.314525
vt 0.768764 0.314383
vt 0.767795 0.315654
vt 0.767647 0.315552
vt 0.767030 0.316894
vt 0.767185 0.316920
vt 0.767118 0.317061
vt 0.766961 0.317043
vt 0.767037 0.319315
vt 0.767188 0.320144
vt 0.766599 0.320351
vt 0.766867 0.319218
vt 0.767020 0.319223
vt 0.767269 0.320294
vt 0.767928 0.321519
vt 0.767786 0.321627
vt 0.768980 0.322524
vt 0.769057 0.322597
vt 0.768955 0.322745
vt 0.770464 0.323274
vt 0.770412 0.323446
vt 0.772011 0.323483
vt 0.772015 0.323663
vt 0.773547 0.323204
vt 0.773606 0.323373
vt 0.774922 0.322464
vt 0.775030 0.322606
vt 0.776000 0.321335
vt 0.776148 0.321437
vt 0.662671 0.685292
vt 0.662620 0.685121
vt 0.664026 0.684444
vt 0.664129 0.684591
vt 0.665155 0.683365
vt 0.665298 0.683474
vt 0.665896 0.681991
vt 0.666065 0.682050
vt 0.666175 0.680454
vt 0.666354 0.680459
vt 0.665966 0.678908
vt 0.666138 0.678856
vt 0.665289 0.677501
vt 0.665436 0.677399
vt 0.665215 0.677424
vt 0.664210 0.676373
vt 0.664319 0.676230
vt 0.662986 0.675714
vt 0.662836 0.675634
vt 0.662895 0.675461
vt 0.662000 0.675465
vt 0.661907 0.675445
vt 0.661902 0.675294
vt 0.659727 0.675390
vt 0.659745 0.675546
vt 0.659605 0.675615
vt 0.658341 0.676233
vt 0.658239 0.676085
vt 0.657215 0.677317
vt 0.657072 0.677208
vt 0.656475 0.678691
vt 0.656305 0.678632
vt 0.656196 0.680227
vt 0.656017 0.680223
vt 0.656405 0.681775
vt 0.656233 0.681826
vt 0.657082 0.683182
vt 0.656935 0.683284
vt 0.658161 0.684310
vt 0.658053 0.684453
vt 0.659536 0.685051
vt 0.659477 0.685220
vt 0.661072 0.685330
vt 0.661068 0.685509
vt 0.986518 0.468052
vt 0.986518 0.464822
vt 0.986518 0.464014
vt 0.988277 0.464014
vt 0.988277 0.464822
vt 0.988278 0.468052
vt 0.988278 0.468500
vt 0.986518 0.468500
vt 0.799749 0.891034
vt 0.799749 0.891842
vt 0.799592 0.891842
vt 0.798175 0.891842
vt 0.798175 0.891034
vt 0.798175 0.887804
vt 0.798175 0.887356
vt 0.799592 0.887356
vt 0.799749 0.887356
vt 0.799749 0.887804
vt 0.609833 0.292105
vt 0.609833 0.288875
vt 0.609833 0.288068
vt 0.611218 0.287929
vt 0.611218 0.292554
vt 0.609833 0.292554
vt 0.988825 0.464014
vt 0.988826 0.464822
vt 0.988826 0.468052
vt 0.988826 0.468500
vt 0.668604 0.674885
vt 0.666763 0.673017
vt 0.666873 0.672872
vt 0.668610 0.674629
vt 0.668737 0.674758
vt 0.766443 0.325913
vt 0.766316 0.325787
vt 0.764576 0.324073
vt 0.988189 0.831138
vt 0.986518 0.831138
vt 0.986518 0.830832
vt 0.986518 0.826933
vt 0.986518 0.826652
vt 0.988189 0.826652
vt 0.988374 0.826652
vt 0.988374 0.826933
vt 0.988374 0.830832
vt 0.988374 0.831138
vt 0.664474 0.671737
vt 0.664561 0.671574
vt 0.664813 0.671716
vt 0.745800 0.175240
vt 0.745799 0.179726
vt 0.745615 0.179726
vt 0.745615 0.179420
vt 0.745615 0.175521
vt 0.745615 0.175240
vt 0.763437 0.322033
vt 0.763297 0.321784
vt 0.766316 0.326047
vt 0.766187 0.325919
vt 0.764431 0.324183
vt 0.763276 0.322123
vt 0.763135 0.321872
vt 0.724407 0.789376
vt 0.724407 0.785477
vt 0.724407 0.785196
vt 0.726770 0.785195
vt 0.726770 0.785477
vt 0.726770 0.789375
vt 0.726770 0.789681
vt 0.724407 0.789682
vt 0.729133 0.785195
vt 0.729133 0.785476
vt 0.729133 0.789375
vt 0.729134 0.789681
vt 0.513819 0.862886
vt 0.513818 0.866784
vt 0.513818 0.867065
vt 0.511455 0.867065
vt 0.511455 0.866784
vt 0.511455 0.862885
vt 0.511455 0.862579
vt 0.513819 0.862580
vt 0.509092 0.867065
vt 0.509092 0.866784
vt 0.509092 0.862885
vt 0.509092 0.862579
vt 0.334629 0.853337
vt 0.334810 0.853337
vt 0.334810 0.853643
vt 0.334810 0.857542
vt 0.334810 0.857823
vt 0.334629 0.857823
vt 0.332160 0.857823
vt 0.332160 0.857542
vt 0.332160 0.853643
vt 0.332160 0.853337
vt 0.329798 0.857823
vt 0.329510 0.857823
vt 0.329510 0.857542
vt 0.329510 0.853643
vt 0.329510 0.853337
vt 0.329798 0.853337
vt 0.353266 0.779434
vt 0.353266 0.779153
vt 0.354542 0.779153
vt 0.354684 0.779153
vt 0.354684 0.779434
vt 0.354684 0.783333
vt 0.354684 0.783639
vt 0.354542 0.783639
vt 0.353266 0.783639
vt 0.353266 0.783333
vt 0.355629 0.779434
vt 0.355629 0.779153
vt 0.357992 0.779153
vt 0.357992 0.779434
vt 0.357992 0.783333
vt 0.357992 0.783639
vt 0.355629 0.783639
vt 0.355629 0.783333
vt 0.358229 0.779153
vt 0.360355 0.779153
vt 0.360355 0.779434
vt 0.360355 0.783333
vt 0.360355 0.783639
vt 0.358229 0.783639
vt 0.362718 0.779153
vt 0.362718 0.779434
vt 0.362718 0.783333
vt 0.362718 0.783639
vt 0.365081 0.779153
vt 0.365081 0.779434
vt 0.365082 0.783333
vt 0.365082 0.783639
vt 0.367445 0.779153
vt 0.367445 0.779434
vt 0.367445 0.783333
vt 0.367445 0.783639
vt 0.193728 0.142867
vt 0.193728 0.138969
vt 0.193728 0.138688
vt 0.196091 0.138687
vt 0.196091 0.138968
vt 0.196092 0.142867
vt 0.196092 0.143173
vt 0.193728 0.143174
vt 0.198454 0.138687
vt 0.198454 0.138968
vt 0.198455 0.142867
vt 0.198455 0.143173
vt 0.200817 0.138687
vt 0.200817 0.138968
vt 0.200818 0.142866
vt 0.200818 0.143173
vt 0.203180 0.138686
vt 0.203180 0.138967
vt 0.203181 0.142866
vt 0.203181 0.143172
vt 0.714955 0.789377
vt 0.714954 0.785479
vt 0.714954 0.785198
vt 0.717317 0.785197
vt 0.717317 0.785478
vt 0.717318 0.789377
vt 0.717318 0.789683
vt 0.714955 0.789683
vt 0.719680 0.785197
vt 0.719680 0.785478
vt 0.719681 0.789376
vt 0.719681 0.789683
vt 0.722044 0.785196
vt 0.722044 0.785477
vt 0.722044 0.789376
vt 0.722044 0.789682
vt 0.546768 0.451863
vt 0.546989 0.451929
vt 0.545965 0.454058
vt 0.545775 0.453927
vt 0.545465 0.453713
vt 0.545332 0.453621
vt 0.546253 0.451708
vt 0.546407 0.451755
vt 0.542175 0.456670
vt 0.542252 0.456888
vt 0.539927 0.457310
vt 0.539921 0.457080
vt 0.539913 0.456703
vt 0.539909 0.456542
vt 0.541997 0.456162
vt 0.542051 0.456314
vt 0.543923 0.443739
vt 0.544054 0.443549
vt 0.545762 0.445182
vt 0.545579 0.445322
vt 0.545279 0.445550
vt 0.545151 0.445648
vt 0.543616 0.444182
vt 0.543708 0.444049
vt 0.546883 0.447262
vt 0.546665 0.447338
vt 0.546310 0.447463
vt 0.546157 0.447517
vt 0.544332 0.455767
vt 0.544192 0.455584
vt 0.543964 0.455284
vt 0.543866 0.455156
vt 0.537585 0.456994
vt 0.537651 0.456773
vt 0.537759 0.456412
vt 0.537806 0.456258
vt 0.535455 0.455969
vt 0.535587 0.455780
vt 0.535801 0.455470
vt 0.535893 0.455337
vt 0.535788 0.455237
vt 0.535339 0.455858
vt 0.533747 0.454337
vt 0.533930 0.454197
vt 0.534230 0.453969
vt 0.534358 0.453871
vt 0.532748 0.452483
vt 0.532626 0.452256
vt 0.532844 0.452180
vt 0.533200 0.452056
vt 0.533352 0.452002
vt 0.533462 0.452206
vt 0.532398 0.451001
vt 0.532373 0.450861
vt 0.532663 0.450734
vt 0.533136 0.450527
vt 0.533339 0.450438
vt 0.533341 0.450595
vt 0.532515 0.449922
vt 0.532204 0.449931
vt 0.532520 0.447590
vt 0.532787 0.447757
vt 0.533224 0.448030
vt 0.533411 0.448148
vt 0.533241 0.449899
vt 0.533023 0.449906
vt 0.532622 0.447377
vt 0.533545 0.445460
vt 0.533734 0.445591
vt 0.534044 0.445806
vt 0.534177 0.445898
vt 0.533488 0.447922
vt 0.535177 0.443752
vt 0.535317 0.443935
vt 0.535545 0.444235
vt 0.535643 0.444363
vt 0.541858 0.442746
vt 0.541924 0.442525
vt 0.541703 0.443261
vt 0.541750 0.443107
vt 0.539588 0.442439
vt 0.539583 0.442208
vt 0.539600 0.442977
vt 0.539596 0.442816
vt 0.547075 0.449593
vt 0.547306 0.449587
vt 0.546537 0.449605
vt 0.546698 0.449601
vt 0.537258 0.442631
vt 0.537334 0.442849
vt 0.537458 0.443204
vt 0.537512 0.443357
vt 0.474792 0.634000
vt 0.475012 0.634736
vt 0.472670 0.635052
vt 0.472688 0.634284
vt 0.472725 0.632669
vt 0.472729 0.632490
vt 0.474276 0.632281
vt 0.474328 0.632453
vt 0.478239 0.631613
vt 0.478851 0.632079
vt 0.477142 0.633712
vt 0.476704 0.633080
vt 0.475786 0.631752
vt 0.475683 0.631604
vt 0.476812 0.630526
vt 0.476955 0.630635
vt 0.470600 0.633904
vt 0.470345 0.634629
vt 0.468265 0.633509
vt 0.468731 0.632897
vt 0.469709 0.631613
vt 0.469818 0.631470
vt 0.471193 0.632211
vt 0.471133 0.632380
vt 0.466632 0.631800
vt 0.467264 0.631362
vt 0.468592 0.630443
vt 0.468740 0.630341
vt 0.479246 0.629745
vt 0.479972 0.629999
vt 0.477553 0.629152
vt 0.477722 0.629211
vt 0.478422 0.623640
vt 0.479054 0.623202
vt 0.480078 0.625332
vt 0.479342 0.625553
vt 0.477796 0.626017
vt 0.477624 0.626069
vt 0.476947 0.624662
vt 0.477095 0.624560
vt 0.480395 0.627674
vt 0.479626 0.627657
vt 0.478012 0.627620
vt 0.477832 0.627616
vt 0.465608 0.629670
vt 0.466344 0.629449
vt 0.467891 0.628986
vt 0.468063 0.628934
vt 0.465291 0.627328
vt 0.466060 0.627346
vt 0.467674 0.627383
vt 0.467853 0.627387
vt 0.465714 0.625003
vt 0.466439 0.625257
vt 0.467963 0.625791
vt 0.468133 0.625851
vt 0.466834 0.622921
vt 0.467446 0.623387
vt 0.468730 0.624367
vt 0.468873 0.624476
vt 0.468541 0.621284
vt 0.468979 0.621916
vt 0.469898 0.623245
vt 0.470000 0.623393
vt 0.470456 0.620357
vt 0.470669 0.620254
vt 0.471227 0.621145
vt 0.471386 0.622550
vt 0.471404 0.622706
vt 0.471263 0.622775
vt 0.473012 0.619937
vt 0.472979 0.620974
vt 0.474082 0.620134
vt 0.475340 0.620368
vt 0.475086 0.621094
vt 0.473676 0.621074
vt 0.473518 0.621072
vt 0.473943 0.620108
vt 0.475567 0.620491
vt 0.477421 0.621492
vt 0.476956 0.622104
vt 0.475977 0.623391
vt 0.475869 0.623534
vt 0.474644 0.622875
vt 0.474495 0.622795
vt 0.474554 0.622622
vt 0.478943 0.623085
vt 0.476873 0.624585
vt 0.458396 0.826915
vt 0.458396 0.826107
vt 0.459957 0.826107
vt 0.459957 0.826915
vt 0.459958 0.830144
vt 0.459958 0.830593
vt 0.458396 0.830593
vt 0.458396 0.830145
vt 0.455274 0.826915
vt 0.455274 0.826108
vt 0.456835 0.826107
vt 0.456835 0.826915
vt 0.456835 0.830145
vt 0.456835 0.830593
vt 0.455274 0.830593
vt 0.455274 0.830145
vt 0.528477 0.834884
vt 0.528478 0.835691
vt 0.526916 0.835691
vt 0.526916 0.834884
vt 0.526916 0.831654
vt 0.526916 0.831205
vt 0.528477 0.831205
vt 0.528477 0.831654
vt 0.525355 0.835692
vt 0.525355 0.834884
vt 0.525355 0.831654
vt 0.525354 0.831206
vt 0.453712 0.826915
vt 0.453712 0.826108
vt 0.453713 0.830594
vt 0.453713 0.830145
vt 0.488410 0.373283
vt 0.488410 0.372476
vt 0.489971 0.372476
vt 0.489971 0.373284
vt 0.489971 0.376513
vt 0.489971 0.376962
vt 0.488410 0.376962
vt 0.488410 0.376513
vt 0.491532 0.372476
vt 0.491532 0.373284
vt 0.491532 0.376513
vt 0.491532 0.376962
vt 0.452151 0.826915
vt 0.452151 0.826108
vt 0.452151 0.830594
vt 0.452151 0.830145
vt 0.461519 0.826107
vt 0.461519 0.826914
vt 0.461519 0.830144
vt 0.461519 0.830593
vt 0.523794 0.835692
vt 0.523794 0.834884
vt 0.523793 0.831655
vt 0.523793 0.831206
vt 0.522233 0.835692
vt 0.522232 0.834885
vt 0.522232 0.831655
vt 0.522232 0.831206
vt 0.535372 0.847449
vt 0.535372 0.846642
vt 0.536933 0.846642
vt 0.536933 0.847449
vt 0.536934 0.850679
vt 0.536934 0.851128
vt 0.535372 0.851128
vt 0.535372 0.850679
vt 0.538495 0.846642
vt 0.538495 0.847449
vt 0.538495 0.850679
vt 0.538495 0.851128
vt 0.540056 0.846641
vt 0.540056 0.847449
vt 0.540056 0.850679
vt 0.540056 0.851127
vt 0.541461 0.846641
vt 0.541617 0.846641
vt 0.541617 0.847449
vt 0.541617 0.850679
vt 0.541617 0.851127
vt 0.541461 0.851127
vt 0.484350 0.376498
vt 0.484350 0.373157
vt 0.484350 0.372321
vt 0.484444 0.372337
vt 0.485287 0.372476
vt 0.485287 0.373283
vt 0.485287 0.376513
vt 0.485287 0.376962
vt 0.484444 0.376962
vt 0.484350 0.376962
vt 0.485457 0.372476
vt 0.486848 0.372476
vt 0.486848 0.373283
vt 0.486848 0.376513
vt 0.486848 0.376962
vt 0.485457 0.376962
vt 0.488303 0.373283
vt 0.488303 0.372476
vt 0.488303 0.376962
vt 0.488303 0.376513
vt 0.544706 0.451244
vt 0.544534 0.451193
vt 0.544743 0.449646
vt 0.544923 0.449642
vt 0.544464 0.448110
vt 0.544633 0.448050
vt 0.543724 0.446735
vt 0.543867 0.446626
vt 0.542595 0.445657
vt 0.542697 0.445509
vt 0.541188 0.444980
vt 0.541240 0.444808
vt 0.539641 0.444771
vt 0.539637 0.444591
vt 0.538105 0.445050
vt 0.538046 0.444881
vt 0.536730 0.445790
vt 0.536622 0.445647
vt 0.535652 0.446919
vt 0.535504 0.446817
vt 0.535043 0.448185
vt 0.534975 0.448326
vt 0.534818 0.448308
vt 0.534894 0.450580
vt 0.535045 0.451409
vt 0.534456 0.451615
vt 0.534724 0.450483
vt 0.534877 0.450487
vt 0.535126 0.451559
vt 0.535785 0.452784
vt 0.535643 0.452892
vt 0.536837 0.453789
vt 0.536914 0.453862
vt 0.536812 0.454010
vt 0.538321 0.454539
vt 0.538269 0.454711
vt 0.539868 0.454748
vt 0.539872 0.454927
vt 0.541404 0.454469
vt 0.541464 0.454638
vt 0.542779 0.453729
vt 0.542888 0.453871
vt 0.543857 0.452600
vt 0.544005 0.452702
vt 0.473658 0.622625
vt 0.473566 0.622605
vt 0.473561 0.622454
vt 0.780655 0.459124
vt 0.780656 0.458317
vt 0.782415 0.458317
vt 0.782415 0.459124
vt 0.782415 0.462354
vt 0.782415 0.462803
vt 0.780655 0.462802
vt 0.780655 0.462354
vt 0.773469 0.891032
vt 0.773469 0.891839
vt 0.773311 0.891839
vt 0.771895 0.891839
vt 0.771895 0.891032
vt 0.771895 0.887802
vt 0.771895 0.887353
vt 0.773312 0.887353
vt 0.773469 0.887353
vt 0.773469 0.887802
vt 0.482812 0.373283
vt 0.482812 0.372476
vt 0.484196 0.372337
vt 0.484196 0.376962
vt 0.482811 0.376962
vt 0.482811 0.376513
vt 0.782963 0.458317
vt 0.782963 0.459124
vt 0.782963 0.462354
vt 0.782963 0.462803
vt 0.480263 0.622047
vt 0.478422 0.620179
vt 0.478533 0.620034
vt 0.480269 0.621791
vt 0.480396 0.621919
vt 0.532434 0.455338
vt 0.534301 0.457178
vt 0.534173 0.457311
vt 0.534044 0.457184
vt 0.532289 0.455448
vt 0.050858 0.820209
vt 0.049187 0.820209
vt 0.049187 0.819903
vt 0.049186 0.816004
vt 0.049186 0.815723
vt 0.050858 0.815723
vt 0.051042 0.815723
vt 0.051042 0.816004
vt 0.051043 0.819903
vt 0.051043 0.820209
vt 0.476133 0.618898
vt 0.476221 0.618735
vt 0.476472 0.618877
vt 0.351594 0.779153
vt 0.351594 0.783639
vt 0.351410 0.783639
vt 0.351410 0.783333
vt 0.351410 0.779434
vt 0.351410 0.779153
vt 0.531155 0.453049
vt 0.531133 0.453388
vt 0.530992 0.453137
vt 0.458277 0.767837
vt 0.458277 0.763504
vt 0.458277 0.763191
vt 0.460904 0.763191
vt 0.460904 0.763504
vt 0.460904 0.767837
vt 0.460904 0.768178
vt 0.458277 0.768178
vt 0.463530 0.763191
vt 0.463530 0.763504
vt 0.463530 0.767837
vt 0.463530 0.768178
vt 0.264682 0.853672
vt 0.264682 0.858006
vt 0.264682 0.858318
vt 0.262056 0.858318
vt 0.262056 0.858006
vt 0.262055 0.853673
vt 0.262055 0.853332
vt 0.264682 0.853332
vt 0.259429 0.858319
vt 0.259429 0.853332
vt 0.475563 0.650984
vt 0.472617 0.650984
vt 0.472617 0.645998
vt 0.475563 0.645998
vt 0.469992 0.645998
vt 0.469671 0.650985
vt 0.469671 0.645998
vt 0.683553 0.701109
vt 0.681977 0.701109
vt 0.681977 0.696123
vt 0.683553 0.696123
vt 0.687231 0.701109
vt 0.687230 0.696123
vt 0.689857 0.696122
vt 0.689857 0.701109
vt 0.692483 0.696122
vt 0.692484 0.701108
vt 0.695110 0.696122
vt 0.695110 0.701108
vt 0.697737 0.696122
vt 0.697737 0.701108
vt 0.364550 0.799576
vt 0.364550 0.794589
vt 0.367177 0.794589
vt 0.367177 0.794902
vt 0.367177 0.799575
vt 0.369803 0.794589
vt 0.369803 0.794901
vt 0.369803 0.799235
vt 0.369803 0.799575
vt 0.372430 0.794589
vt 0.372430 0.794901
vt 0.372430 0.799235
vt 0.372430 0.799575
vt 0.375056 0.794589
vt 0.375056 0.794901
vt 0.375057 0.799235
vt 0.375057 0.799575
vt 0.447771 0.767837
vt 0.447771 0.763504
vt 0.447771 0.763191
vt 0.450398 0.763191
vt 0.450398 0.763504
vt 0.450398 0.767837
vt 0.450398 0.768178
vt 0.447771 0.768178
vt 0.453024 0.763191
vt 0.453024 0.763504
vt 0.453024 0.767837
vt 0.453024 0.768178
vt 0.455651 0.763191
vt 0.455651 0.763504
vt 0.455651 0.767837
vt 0.455651 0.768178
vt 0.841915 0.514652
vt 0.842101 0.515677
vt 0.839412 0.516618
vt 0.839130 0.515068
vt 0.840205 0.514598
vt 0.854346 0.278684
vt 0.856713 0.277541
vt 0.857334 0.278531
vt 0.859283 0.278334
vt 0.859319 0.277180
vt 0.860355 0.277366
vt 0.859886 0.278440
vt 0.861908 0.277645
vt 0.752557 0.803227
vt 0.754292 0.803227
vt 0.754291 0.808213
vt 0.752556 0.808213
vt 0.749086 0.803226
vt 0.750822 0.803227
vt 0.750821 0.808213
vt 0.749085 0.808212
vt 0.608015 0.426796
vt 0.606280 0.426797
vt 0.606279 0.421811
vt 0.608014 0.421810
vt 0.604545 0.426797
vt 0.604544 0.421811
vt 0.747351 0.803226
vt 0.747350 0.808212
vt 0.357632 0.810526
vt 0.359367 0.810526
vt 0.359369 0.815512
vt 0.357633 0.815512
vt 0.361103 0.810526
vt 0.361104 0.815512
vt 0.745616 0.803226
vt 0.745615 0.808212
vt 0.756028 0.803227
vt 0.756027 0.808214
vt 0.602809 0.426798
vt 0.602808 0.421811
vt 0.601074 0.426798
vt 0.601073 0.421812
vt 0.320749 0.459137
vt 0.322485 0.459137
vt 0.322486 0.464123
vt 0.320750 0.464124
vt 0.324220 0.459137
vt 0.324221 0.464123
vt 0.325955 0.459137
vt 0.325956 0.464123
vt 0.353120 0.811284
vt 0.353120 0.810355
vt 0.354162 0.810527
vt 0.354163 0.815513
vt 0.353121 0.815513
vt 0.355897 0.810527
vt 0.355898 0.815513
vt 0.684604 0.696123
vt 0.684604 0.701109
vt 0.840096 0.513998
vt 0.838943 0.514034
vt 0.839294 0.511431
vt 0.840285 0.512051
vt 0.852648 0.515436
vt 0.852880 0.513717
vt 0.855728 0.513652
vt 0.855377 0.516255
vt 0.852570 0.512009
vt 0.855258 0.511068
vt 0.851747 0.510481
vt 0.854013 0.508755
vt 0.850493 0.509283
vt 0.852114 0.506941
vt 0.848929 0.508530
vt 0.849747 0.505802
vt 0.847209 0.508298
vt 0.847144 0.505450
vt 0.845502 0.508608
vt 0.844560 0.505920
vt 0.843974 0.509431
vt 0.842247 0.507165
vt 0.842775 0.510686
vt 0.840433 0.509064
vt 0.842924 0.517205
vt 0.840658 0.518931
vt 0.844178 0.518403
vt 0.845742 0.519156
vt 0.844924 0.521884
vt 0.842557 0.520745
vt 0.847462 0.519388
vt 0.847527 0.522236
vt 0.849169 0.519078
vt 0.850111 0.521766
vt 0.850697 0.518255
vt 0.852423 0.520521
vt 0.851896 0.517000
vt 0.854238 0.518622
vt 0.860785 0.291085
vt 0.860727 0.290894
vt 0.862291 0.290140
vt 0.862404 0.290304
vt 0.863914 0.292481
vt 0.861548 0.293622
vt 0.863545 0.288941
vt 0.863704 0.289061
vt 0.865812 0.290666
vt 0.864367 0.287412
vt 0.864555 0.287478
vt 0.867056 0.288352
vt 0.864676 0.285704
vt 0.864876 0.285709
vt 0.867524 0.285767
vt 0.864443 0.283985
vt 0.867172 0.283163
vt 0.863690 0.282422
vt 0.866033 0.280794
vt 0.862496 0.281158
vt 0.864220 0.278892
vt 0.860974 0.280326
vt 0.859937 0.280153
vt 0.857531 0.280273
vt 0.855968 0.281026
vt 0.854715 0.282225
vt 0.854556 0.282104
vt 0.852448 0.280500
vt 0.853893 0.283753
vt 0.853705 0.283688
vt 0.851204 0.282813
vt 0.853584 0.285461
vt 0.853384 0.285456
vt 0.850736 0.285398
vt 0.853818 0.287180
vt 0.853627 0.287238
vt 0.851090 0.288000
vt 0.854571 0.288743
vt 0.854407 0.288857
vt 0.852230 0.290366
vt 0.855771 0.289997
vt 0.855650 0.290156
vt 0.854046 0.292264
vt 0.857300 0.290819
vt 0.857234 0.291007
vt 0.856360 0.293508
vt 0.859008 0.291128
vt 0.859003 0.291327
vt 0.858945 0.293976
vt 0.375059 0.815512
vt 0.373310 0.815512
vt 0.373310 0.814614
vt 0.373311 0.811024
vt 0.373311 0.810526
vt 0.375060 0.810526
vt 0.352949 0.811298
vt 0.351410 0.811425
vt 0.351410 0.810528
vt 0.782611 0.442380
vt 0.783220 0.442380
vt 0.783220 0.443278
vt 0.782611 0.443278
vt 0.867525 0.279367
vt 0.865453 0.277271
vt 0.986518 0.479450
vt 0.988581 0.479450
vt 0.988581 0.484436
vt 0.986518 0.484437
vt 0.862884 0.275829
vt 0.679914 0.696123
vt 0.679914 0.701109
vt 0.839037 0.520166
vt 0.837753 0.517876
vt 0.837596 0.517597
vt 0.842023 0.512250
vt 0.327691 0.459136
vt 0.327692 0.464123
vt 0.351411 0.815015
vt 0.351411 0.815514
vt 0.783220 0.446868
vt 0.782611 0.446798
vt 0.780655 0.446868
vt 0.780655 0.443278
vt 0.780655 0.442380
vt 0.783221 0.447366
vt 0.782611 0.447366
vt 0.780655 0.447366
vt 0.841132 0.522237

# vertex normals
vn 0.962231 -0.272234 0.000001
vn 0.962231 -0.272234 0.000001
vn 0.915137 -0.272234 -0.297344
vn 0.915137 -0.272234 -0.297344
vn 0.915136 -0.272234 -0.297344
vn 0.962231 -0.272234 0.000001
vn 0.778462 -0.272234 -0.565585
vn 0.778462 -0.272234 -0.565585
vn 0.778462 -0.272234 -0.565584
vn 0.565586 -0.272233 -0.778461
vn 0.565586 -0.272233 -0.778461
vn 0.565585 -0.272233 -0.778462
vn 0.297347 -0.272232 -0.915136
vn 0.297346 -0.272232 -0.915136
vn 0.297346 -0.272232 -0.915136
vn -0.000000 -0.272232 -0.962232
vn -0.000000 -0.272232 -0.962232
vn -0.000000 -0.272232 -0.962232
vn -0.297348 -0.272233 -0.915136
vn -0.297348 -0.272233 -0.915136
vn -0.297348 -0.272233 -0.915136
vn -0.565586 -0.272235 -0.778461
vn -0.565586 -0.272235 -0.778461
vn -0.565586 -0.272235 -0.778461
vn -0.778461 -0.272235 -0.565585
vn -0.778461 -0.272235 -0.565585
vn -0.915136 -0.272234 -0.297346
vn -0.915136 -0.272234 -0.297346
vn -0.915136 -0.272234 -0.297346
vn -0.961618 -0.273322 -0.024197
vn -0.961615 -0.273319 -0.024358
vn -0.961615 -0.273319 -0.024358
vn -0.938309 -0.265942 0.221023
vn -0.938905 -0.266226 0.218130
vn -0.939526 -0.266523 0.215074
vn -0.971848 0.000000 0.235610
vn -0.924730 0.000000 0.380625
vn -0.890401 -0.262297 0.372003
vn -0.891002 -0.262258 0.370589
vn -0.757129 -0.269565 0.595054
vn -0.757345 -0.269561 0.594782
vn -0.757345 -0.269561 0.594782
vn -0.889788 -0.262335 0.373441
vn -0.565585 -0.272234 0.778462
vn -0.565585 -0.272234 0.778462
vn -0.565585 -0.272234 0.778461
vn -0.297347 -0.272233 0.915136
vn -0.297347 -0.272233 0.915136
vn -0.297347 -0.272233 0.915136
vn 0.000000 -0.272233 0.962231
vn 0.000000 -0.272233 0.962231
vn 0.000000 -0.272233 0.962231
vn 0.297347 -0.272233 0.915136
vn 0.297347 -0.272233 0.915136
vn 0.297347 -0.272233 0.915136
vn 0.565585 -0.272234 0.778461
vn 0.565585 -0.272234 0.778461
vn 0.565585 -0.272234 0.778461
vn 0.778461 -0.272234 0.565586
vn 0.778461 -0.272234 0.565586
vn 0.778461 -0.272234 0.565585
vn 0.915136 -0.272234 0.297346
vn 0.915136 -0.272234 0.297346
vn 0.915136 -0.272234 0.297346
vn 0.778461 0.272235 -0.565585
vn 0.778461 0.272235 -0.565585
vn 0.915136 0.272236 -0.297345
vn 0.915136 0.272236 -0.297344
vn 0.915136 0.272236 -0.297345
vn 0.778461 0.272235 -0.565585
vn 0.962231 0.272235 0.000002
vn 0.962231 0.272235 0.000002
vn 0.962231 0.272235 0.000002
vn 0.565586 0.272235 -0.778461
vn 0.565585 0.272235 -0.778461
vn 0.565585 0.272235 -0.778461
vn 0.297345 0.272235 -0.915136
vn 0.297345 0.272235 -0.915136
vn 0.297344 0.272235 -0.915136
vn -0.000000 0.272235 -0.962231
vn -0.000000 0.272235 -0.962231
vn -0.000000 0.272235 -0.962231
vn -0.297346 0.272235 -0.915136
vn -0.297346 0.272235 -0.915136
vn -0.297346 0.272235 -0.915136
vn -0.565586 0.272236 -0.778460
vn -0.565586 0.272236 -0.778460
vn -0.565586 0.272236 -0.778460
vn -0.778461 0.272236 -0.565585
vn -0.778461 0.272236 -0.565585
vn -0.778461 0.272236 -0.565584
vn -0.915136 0.272236 -0.297346
vn -0.915136 0.272236 -0.297346
vn -0.915136 0.272236 -0.297345
vn -0.962125 0.269749 -0.039380
vn -0.962110 0.269752 -0.039724
vn -0.962125 0.269749 -0.039380
vn -0.938282 0.263192 0.224402
vn -0.938548 0.263213 0.223263
vn -0.938056 0.263174 0.225368
vn -0.565586 0.272236 0.778460
vn -0.565586 0.272236 0.778460
vn -0.755118 0.269743 0.597524
vn -0.755333 0.269740 0.597254
vn -0.755333 0.269740 0.597254
vn -0.565586 0.272236 0.778460
vn -0.297346 0.272235 0.915136
vn -0.297346 0.272235 0.915136
vn -0.297347 0.272235 0.915135
vn 0.000000 0.272235 0.962231
vn 0.000000 0.272235 0.962231
vn 0.000000 0.272235 0.962231
vn 0.297346 0.272235 0.915136
vn 0.297345 0.272235 0.915136
vn 0.297346 0.272235 0.915136
vn 0.565585 0.272236 0.778461
vn 0.565585 0.272236 0.778461
vn 0.565585 0.272236 0.778461
vn 0.778461 0.272236 0.565585
vn 0.778461 0.272236 0.565585
vn 0.778461 0.272236 0.565585
vn 0.915136 0.272235 0.297346
vn 0.915136 0.272235 0.297346
vn 0.915136 0.272235 0.297346
vn 0.951057 0.000000 -0.309016
vn 0.809017 0.000000 -0.587786
vn 0.587785 0.000000 -0.809017
vn 0.309017 0.000000 -0.951056
vn 0.000000 0.000000 -1.000000
vn -0.309017 0.000000 -0.951056
vn -0.587785 0.000000 -0.809017
vn -0.809017 0.000000 -0.587785
vn -0.951057 0.000000 -0.309017
vn -0.999441 0.000000 -0.033442
vn -0.788908 0.000000 0.614512
vn -0.587785 0.000000 0.809017
vn -0.309017 0.000000 0.951056
vn -0.000000 0.000000 1.000000
vn 0.309017 0.000000 0.951056
vn 0.587785 0.000000 0.809017
vn 0.809017 0.000000 0.587785
vn 0.951056 0.000000 0.309018
vn 1.000000 0.000000 0.000002
vn 0.000000 1.000000 -0.000001
vn 0.000000 1.000000 -0.000000
vn 0.000000 1.000000 0.000000
vn 0.000000 1.000000 0.000000
vn 0.000000 1.000000 0.000000
vn 0.000000 1.000000 -0.000000
vn 0.000000 1.000000 -0.000001
vn 0.000000 1.000000 0.000000
vn 0.000000 1.000000 0.000000
vn 0.000000 1.000000 -0.000000
vn 0.000000 1.000000 -0.000000
vn 0.000000 1.000000 0.000002
vn 0.000000 1.000000 0.000000
vn 0.000000 1.000000 0.000001
vn 0.000000 1.000000 0.000002
vn 0.000000 1.000000 0.000001
vn 0.000000 1.000000 -0.000000
vn 0.000000 1.000000 0.000002
vn 0.000000 1.000000 0.000001
vn 0.000000 1.000000 0.000000
vn 0.000000 1.000000 -0.000001
vn 0.000000 1.000000 -0.000001
vn 0.000000 1.000000 -0.000001
vn 0.000000 1.000000 -0.000001
vn 0.000000 1.000000 -0.000001
vn 0.000000 1.000000 0.000000
vn 0.000000 1.000000 -0.000000
vn 0.000000 1.000000 -0.000002
vn 0.000000 -1.000000 0.000000
vn 0.000000 -1.000000 -0.000000
vn 0.000000 -1.000000 -0.000000
vn 0.000000 -1.000000 0.000000
vn 0.000000 -1.000000 -0.000000
vn 0.000000 -1.000000 -0.000000
vn 0.000000 -1.000000 -0.000000
vn 0.000000 -1.000000 -0.000000
vn 0.000000 -1.000000 -0.000000
vn 0.000000 -1.000000 -0.000001
vn 0.000000 -1.000000 -0.000000
vn 0.000000 -1.000000 0.000001
vn 0.000000 -1.000000 0.000000
vn 0.000000 -1.000000 0.000001
vn 0.000000 -1.000000 0.000000
vn 0.000000 -1.000000 -0.000000
vn 0.000000 -1.000000 -0.000000
vn 0.000000 -1.000000 0.000000
vn 0.000000 -1.000000 0.000000
vn 0.000000 -1.000000 0.000000
vn 0.000000 -1.000000 -0.000001
vn 0.000000 -1.000000 -0.000001
vn 0.000000 -1.000000 -0.000002
vn 0.000000 -1.000000 -0.000002
vn 0.000000 -1.000000 -0.000001
vn 0.000000 -1.000000 0.000000
vn 0.000000 -1.000000 -0.000001
vn -0.890696 0.263214 0.370645
vn -0.891104 0.263195 0.369678
vn -0.891445 0.263179 0.368866
vn 0.000000 1.000000 -0.000001
vn 0.000000 1.000000 -0.000001
vn 0.000000 1.000000 -0.000005
vn 0.000000 1.000000 -0.000002
vn 0.000000 1.000000 -0.000005
vn 0.000000 1.000000 -0.000003
vn 0.000000 1.000000 -0.000002
vn 0.000000 1.000000 0.000001
vn 0.000000 1.000000 0.000004
vn 0.000000 1.000000 0.000004
vn 0.000000 1.000000 -0.000004
vn 0.000000 1.000000 -0.000005
vn 0.000000 1.000000 -0.000001
vn 0.000000 1.000000 -0.000002
vn 0.000000 1.000000 -0.000014
vn 0.000000 1.000000 -0.000017
vn 0.000000 1.000000 -0.000005
vn 0.000000 1.000000 -0.000001
vn 0.000000 1.000000 -0.000004
vn 0.000000 -1.000000 0.000002
vn 0.000000 -1.000000 0.000002
vn 0.000000 -1.000000 0.000000
vn 0.000000 -1.000000 -0.000000
vn 0.000000 -1.000000 0.000001
vn 0.000000 -1.000000 -0.000001
vn 0.000000 -1.000000 0.000001
vn 0.000000 -1.000000 0.000001
vn 0.000000 -1.000000 -0.000001
vn 0.000000 -1.000000 -0.000002
vn 0.000000 -1.000000 -0.000000
vn 0.000000 -1.000000 0.000000
vn 0.000000 -1.000000 -0.000000
vn 0.000000 -1.000000 0.000000
vn 0.000000 -1.000000 0.000002
vn 0.000000 -1.000000 0.000001
vn 0.000000 -1.000000 -0.000002
vn 0.000000 -1.000000 -0.000001
vn 0.000000 -1.000000 0.000001
vn 0.707105 0.000000 0.707108
vn 0.707107 0.000000 0.707106
vn 0.000000 1.000000 -0.000004
vn 0.000000 1.000000 -0.000004
vn 0.249768 -0.935538 0.249770
vn 0.249768 -0.935539 0.249767
vn 0.249768 -0.935539 0.249767
vn 0.707107 0.000000 -0.707107
vn 0.707106 0.000000 -0.707108
vn 0.707108 0.000000 -0.707106
vn -0.707108 0.000000 0.707105
vn -0.707107 0.000000 0.707107
vn -0.707106 0.000000 0.707108
vn -0.707107 0.000000 0.707107
vn -0.707107 0.000000 0.707107
vn -0.707108 0.000000 0.707106
vn -0.707106 0.000000 0.707108
vn 0.249767 -0.935539 0.249767
vn 0.249768 -0.935539 0.249764
vn 0.249767 -0.935539 0.249767
vn -0.707107 0.000000 0.707107
vn -0.707108 0.000000 0.707106
vn -0.707107 0.000000 0.707107
vn -0.707106 0.000000 0.707107
vn -0.707106 0.000000 0.707107
vn -0.707108 0.000000 0.707106
vn -0.707107 0.000000 0.707106
vn -0.707106 0.000000 0.707107
vn 0.707106 0.000000 -0.707107
vn 0.707105 0.000000 -0.707108
vn 0.707104 0.000000 -0.707109
vn 0.707107 0.000000 -0.707107
vn 0.707108 0.000000 -0.707105
vn 0.707109 0.000000 -0.707105
vn 0.707107 0.000000 -0.707106
vn 0.707106 0.000000 -0.707107
vn 0.707110 0.000000 0.707104
vn -0.707105 0.000000 0.707109
vn -0.707105 0.000000 0.707109
vn -0.707107 0.000000 0.707106
vn -0.707106 0.000000 0.707107
vn 0.249767 -0.935539 0.249767
vn 0.707106 0.000000 -0.707108
vn 0.707107 0.000000 -0.707107
vn 0.000000 1.000000 -0.000004
vn 0.000000 1.000000 -0.000004
vn 0.000000 1.000000 -0.000004
vn -0.707108 0.000000 0.707105
vn -0.707108 0.000000 0.707106
vn -0.707105 0.000000 0.707108
vn 0.707109 0.000000 -0.707104
vn 0.707109 0.000000 -0.707105
vn 0.707106 0.000000 -0.707107
vn 0.707105 0.000000 -0.707108
vn 0.707106 0.000000 -0.707107
vn 0.707105 0.000000 -0.707108
vn 0.066449 -0.995575 0.066446
vn 0.066449 -0.995575 0.066451
vn 0.066449 -0.995575 0.066446
vn -0.707109 0.000000 -0.707104
vn 0.707108 0.000000 0.707105
vn 0.707108 0.000000 0.707106
vn 0.066449 -0.995575 0.066440
vn -0.192661 0.962165 -0.192666
vn -0.192658 0.962166 -0.192664
vn -0.192661 0.962165 -0.192666
vn 0.707109 0.000000 0.707105
vn -0.192664 0.962164 -0.192667
vn -0.192664 0.962164 -0.192667
vn 0.707104 0.000000 -0.707109
vn 0.000000 1.000000 0.000002
vn 0.000000 1.000000 0.000001
vn 0.000000 1.000000 0.000000
vn 0.000000 1.000000 0.000000
vn 0.000000 1.000000 -0.000000
vn 0.000000 1.000000 0.000000
vn 0.000000 1.000000 -0.000000
vn 0.000000 1.000000 0.000000
vn 0.000000 1.000000 -0.000000
vn 0.000000 1.000000 0.000003
vn 0.000000 1.000000 0.000001
vn 0.000000 1.000000 0.000000
vn 0.000000 1.000000 0.000001
vn 0.000000 1.000000 -0.000001
vn 0.000000 1.000000 0.000001
vn 0.000000 1.000000 0.000002
vn 0.000000 1.000000 0.000001
vn 0.000000 1.000000 0.000001
vn 0.000000 1.000000 -0.000000
vn 0.000000 1.000000 -0.000001
vn 0.000000 1.000000 -0.000000
vn 0.000000 1.000000 -0.000001
vn 0.000000 1.000000 -0.000002
vn 0.000000 1.000000 0.000000
vn 0.000000 1.000000 -0.000001
vn 0.000000 1.000000 -0.000003
vn 0.000000 -1.000000 -0.000000
vn 0.000000 -1.000000 0.000000
vn 0.000000 -1.000000 0.000000
vn 0.000000 -1.000000 0.000000
vn 0.000000 -1.000000 -0.000000
vn 0.000000 -1.000000 -0.000000
vn 0.000000 -1.000000 -0.000000
vn 0.000000 -1.000000 -0.000000
vn 0.000000 -1.000000 0.000000
vn 0.000000 -1.000000 0.000000
vn 0.000000 -1.000000 -0.000001
vn 0.000000 -1.000000 0.000000
vn 0.000000 -1.000000 0.000000
vn 0.000000 -1.000000 -0.000001
vn 0.000000 -1.000000 0.000001
vn 0.000000 -1.000000 0.000000
vn 0.000000 -1.000000 0.000000
vn 0.000000 -1.000000 0.000000
vn 0.000000 -1.000000 0.000000
vn 0.000000 -1.000000 -0.000001
vn 0.000000 -1.000000 -0.000001
vn 0.000000 -1.000000 -0.000002
vn 0.000000 -1.000000 -0.000002
vn 0.000000 -1.000000 -0.000001
vn 0.000000 -1.000000 -0.000000
vn 0.000000 -1.000000 -0.000000
vn -0.778461 0.272235 -0.565585
vn -0.778461 0.272235 -0.565585
vn -0.915136 0.272236 -0.297345
vn -0.915136 0.272236 -0.297345
vn -0.778461 0.272235 -0.565585
vn -0.565586 0.272235 -0.778460
vn -0.565585 0.272235 -0.778461
vn -0.565586 0.272235 -0.778460
vn -0.297345 0.272235 -0.915136
vn -0.297345 0.272235 -0.915136
vn -0.297345 0.272235 -0.915136
vn 0.000000 0.272235 -0.962231
vn 0.000000 0.272235 -0.962231
vn 0.000000 0.272235 -0.962231
vn 0.297346 0.272235 -0.915136
vn 0.297346 0.272235 -0.915136
vn 0.297346 0.272235 -0.915136
vn 0.565586 0.272236 -0.778460
vn 0.565586 0.272236 -0.778461
vn 0.778461 0.272236 -0.565585
vn 0.778461 0.272236 -0.565585
vn 0.915136 0.272236 -0.297345
vn 0.915136 0.272236 -0.297345
vn 0.915136 0.272236 -0.297345
vn 0.962125 0.269749 -0.039379
vn 0.962125 0.269749 -0.039379
vn 0.962110 0.269753 -0.039723
vn 0.938282 0.263192 0.224401
vn 0.938056 0.263174 0.225367
vn 0.938548 0.263214 0.223262
vn 0.891104 0.263195 0.369678
vn 0.891445 0.263179 0.368866
vn 0.890697 0.263214 0.370645
vn 0.755333 0.269740 0.597254
vn 0.755333 0.269740 0.597254
vn 0.755118 0.269743 0.597524
vn 0.565585 0.272236 0.778461
vn 0.565585 0.272236 0.778461
vn 0.565585 0.272236 0.778461
vn 0.297346 0.272235 0.915136
vn 0.297346 0.272235 0.915136
vn 0.297346 0.272235 0.915136
vn 0.000000 0.272235 0.962231
vn 0.000000 0.272235 0.962231
vn 0.000000 0.272235 0.962231
vn -0.297345 0.272235 0.915136
vn -0.297345 0.272235 0.915136
vn -0.297345 0.272235 0.915136
vn -0.565585 0.272236 0.778461
vn -0.565585 0.272236 0.778461
vn -0.565585 0.272236 0.778461
vn -0.778461 0.272236 0.565585
vn -0.778461 0.272236 0.565585
vn -0.915136 0.272235 0.297345
vn -0.915136 0.272235 0.297346
vn -0.915136 0.272235 0.297346
vn -0.962231 0.272235 0.000001
vn -0.962231 0.272235 0.000001
vn -0.962231 0.272235 0.000001
vn 0.971848 0.000000 0.235610
vn 0.924730 0.000000 0.380625
vn 0.999441 0.000000 -0.033442
vn 0.951057 0.000000 -0.309017
vn 0.809017 0.000000 -0.587785
vn 0.587785 0.000000 -0.809017
vn 0.309017 0.000000 -0.951056
vn -0.000000 0.000000 -1.000000
vn -0.309017 0.000000 -0.951056
vn -0.587785 0.000000 -0.809017
vn -0.809017 0.000000 -0.587786
vn -0.951057 0.000000 -0.309016
vn -1.000000 0.000000 0.000001
vn -0.951056 0.000000 0.309017
vn -0.809017 0.000000 0.587785
vn -0.587785 0.000000 0.809017
vn -0.309017 0.000000 0.951056
vn 0.000000 0.000000 1.000000
vn 0.309017 0.000000 0.951056
vn 0.587785 0.000000 0.809017
vn 0.788908 0.000000 0.614512
vn -0.962231 -0.272234 0.000001
vn -0.962231 -0.272234 0.000001
vn -0.915136 -0.272234 -0.297345
vn -0.915136 -0.272234 -0.297345
vn -0.915136 -0.272234 -0.297345
vn -0.962231 -0.272234 0.000001
vn -0.915136 -0.272234 0.297346
vn -0.915136 -0.272234 0.297346
vn -0.915136 -0.272234 0.297346
vn -0.778461 -0.272234 0.565585
vn -0.778461 -0.272234 0.565585
vn -0.778461 -0.272234 0.565585
vn -0.565585 -0.272234 0.778461
vn -0.565585 -0.272234 0.778461
vn -0.565585 -0.272234 0.778461
vn -0.297347 -0.272233 0.915136
vn -0.297347 -0.272233 0.915136
vn -0.297347 -0.272233 0.915136
vn -0.000000 -0.272233 0.962231
vn -0.000000 -0.272233 0.962231
vn -0.000000 -0.272233 0.962231
vn 0.297347 -0.272233 0.915136
vn 0.297346 -0.272233 0.915136
vn 0.297347 -0.272233 0.915136
vn 0.565585 -0.272234 0.778461
vn 0.565585 -0.272234 0.778461
vn 0.565585 -0.272234 0.778461
vn 0.757345 -0.269561 0.594781
vn 0.757345 -0.269561 0.594781
vn 0.757130 -0.269565 0.595054
vn 0.890401 -0.262297 0.372003
vn 0.889788 -0.262335 0.373440
vn 0.891002 -0.262258 0.370589
vn 0.938905 -0.266226 0.218130
vn 0.939526 -0.266523 0.215074
vn 0.938309 -0.265942 0.221023
vn 0.961615 -0.273319 -0.024358
vn 0.961615 -0.273319 -0.024358
vn 0.961618 -0.273322 -0.024198
vn 0.915136 -0.272234 -0.297346
vn 0.915136 -0.272234 -0.297346
vn 0.915136 -0.272234 -0.297346
vn 0.778461 -0.272235 -0.565585
vn 0.778461 -0.272235 -0.565585
vn 0.778461 -0.272235 -0.565585
vn 0.565585 -0.272235 -0.778461
vn 0.565585 -0.272235 -0.778461
vn 0.565585 -0.272235 -0.778461
vn 0.297348 -0.272233 -0.915136
vn 0.297348 -0.272233 -0.915136
vn 0.297348 -0.272233 -0.915136
vn -0.000000 -0.272233 -0.962232
vn -0.000000 -0.272233 -0.962232
vn -0.000000 -0.272233 -0.962232
vn -0.297347 -0.272233 -0.915136
vn -0.297346 -0.272233 -0.915136
vn -0.297347 -0.272233 -0.915136
vn -0.565586 -0.272233 -0.778461
vn -0.565585 -0.272233 -0.778462
vn -0.565586 -0.272233 -0.778461
vn -0.778462 -0.272234 -0.565585
vn -0.778462 -0.272234 -0.565584
vn -0.778462 -0.272234 -0.565585
vn 0.000000 1.000000 0.000006
vn 0.000000 1.000000 0.000006
vn 0.000000 1.000000 0.000001
vn 0.000000 1.000000 0.000003
vn 0.000000 1.000000 0.000006
vn 0.000000 1.000000 0.000007
vn 0.000000 1.000000 0.000001
vn 0.000000 1.000000 -0.000001
vn 0.000000 1.000000 -0.000012
vn 0.000000 1.000000 -0.000017
vn 0.000000 1.000000 -0.000006
vn 0.000000 1.000000 -0.000006
vn 0.000000 1.000000 -0.000007
vn 0.000000 -1.000000 -0.000001
vn 0.000000 -1.000000 -0.000001
vn 0.000000 -1.000000 0.000001
vn 0.000000 -1.000000 0.000001
vn 0.000000 -1.000000 -0.000001
vn 0.000000 -1.000000 -0.000001
vn -0.066449 -0.995575 0.066446
vn -0.066449 -0.995575 0.066451
vn -0.066449 -0.995575 0.066451
vn 0.707109 0.000000 -0.707104
vn -0.707108 0.000000 0.707105
vn -0.707108 0.000000 0.707106
vn -0.066449 -0.995575 0.066440
vn 0.192661 0.962166 -0.192663
vn 0.192661 0.962166 -0.192663
vn 0.192658 0.962166 -0.192664
vn -0.707109 0.000000 0.707105
vn 0.192664 0.962165 -0.192662
vn 0.192664 0.962165 -0.192662
vn 0.707105 0.000000 0.707109
vn 0.707107 0.000000 0.707107
vn 0.707106 0.000000 0.707107
vn 0.707105 0.000000 0.707109
vn 0.707106 0.000000 0.707107
vn 0.707107 0.000000 0.707107
vn -0.707107 0.000000 -0.707107
vn -0.707107 0.000000 -0.707107
vn -0.707107 0.000000 -0.707106
vn -0.707106 0.000000 -0.707107
vn -0.707107 0.000000 -0.707107
vn -0.707106 0.000000 -0.707107
vn -0.707107 0.000000 0.707106
vn -0.707110 0.000000 0.707104
vn -0.249767 -0.935538 0.249770
vn -0.249767 -0.935539 0.249767
vn -0.249767 -0.935539 0.249767
vn -0.249767 -0.935539 0.249767
vn 0.707106 0.000000 0.707108
vn 0.707107 0.000000 0.707106
vn 0.707105 0.000000 0.707108
vn 0.707106 0.000000 0.707108
vn 0.707107 0.000000 0.707107
vn 0.707108 0.000000 0.707106
vn -0.707108 0.000000 -0.707105
vn -0.707109 0.000000 -0.707105
vn -0.707109 0.000000 -0.707105
vn -0.707109 0.000000 -0.707104
vn -0.707108 0.000000 -0.707106
vn -0.249768 -0.935539 0.249764
vn 0.707108 0.000000 0.707106
vn 0.707106 0.000000 0.707107
vn 0.707107 0.000000 0.707107
vn 0.707108 0.000000 0.707105
vn -0.249768 -0.935539 0.249764
vn -0.707106 0.000000 -0.707107
vn -0.707106 0.000000 -0.707107
vn -0.707106 0.000000 -0.707108
vn -0.707107 0.000000 -0.707107
vn -0.707105 0.000000 -0.707109
vn -0.707104 0.000000 -0.707109
vn 0.707108 0.000000 0.707106
vn 0.707108 0.000000 0.707106
vn 0.707107 0.000000 0.707107
vn 0.707108 0.000000 0.707105
vn -0.707105 0.000000 0.707108
vn -0.707106 0.000000 -0.707108
vn -0.707106 0.000000 -0.707107
vn -0.707107 0.000000 -0.707107
vn -0.707106 0.000000 -0.707108
vn -0.707105 0.000000 -0.707109
vn 0.707105 0.000000 0.707108
vn 0.707107 0.000000 0.707107
vn 0.707106 0.000000 0.707108
vn 0.000000 1.000000 -0.000002
vn 0.000000 1.000000 -0.000001
vn 0.000000 1.000000 -0.000000
vn 0.000000 1.000000 -0.000000
vn 0.000000 1.000000 0.000000
vn 0.000000 1.000000 -0.000000
vn 0.000000 1.000000 0.000000
vn 0.000000 1.000000 -0.000000
vn 0.000000 1.000000 0.000000
vn 0.000000 1.000000 -0.000003
vn 0.000000 1.000000 -0.000001
vn 0.000000 1.000000 -0.000000
vn 0.000000 1.000000 -0.000001
vn 0.000000 1.000000 0.000001
vn 0.000000 1.000000 -0.000001
vn 0.000000 1.000000 -0.000002
vn 0.000000 1.000000 -0.000001
vn 0.000000 1.000000 -0.000001
vn 0.000000 1.000000 0.000000
vn 0.000000 1.000000 0.000001
vn 0.000000 1.000000 0.000000
vn 0.000000 1.000000 0.000001
vn 0.000000 1.000000 0.000002
vn 0.000000 1.000000 -0.000000
vn 0.000000 1.000000 0.000001
vn 0.000000 1.000000 0.000003
vn 0.000000 -1.000000 0.000000
vn 0.000000 -1.000000 -0.000000
vn 0.000000 -1.000000 -0.000000
vn 0.000000 -1.000000 -0.000000
vn 0.000000 -1.000000 0.000000
vn 0.000000 -1.000000 0.000000
vn 0.000000 -1.000000 0.000000
vn 0.000000 -1.000000 0.000000
vn 0.000000 -1.000000 -0.000000
vn 0.000000 -1.000000 -0.000000
vn 0.000000 -1.000000 0.000001
vn 0.000000 -1.000000 -0.000000
vn 0.000000 -1.000000 -0.000000
vn 0.000000 -1.000000 0.000001
vn 0.000000 -1.000000 -0.000001
vn 0.000000 -1.000000 -0.000000
vn 0.000000 -1.000000 -0.000000
vn 0.000000 -1.000000 -0.000000
vn 0.000000 -1.000000 -0.000000
vn 0.000000 -1.000000 0.000001
vn 0.000000 -1.000000 0.000001
vn 0.000000 -1.000000 0.000002
vn 0.000000 -1.000000 0.000002
vn 0.000000 -1.000000 0.000001
vn 0.000000 -1.000000 0.000000
vn 0.000000 -1.000000 0.000000
vn 0.778461 0.272235 0.565585
vn 0.778461 0.272235 0.565585
vn 0.915136 0.272236 0.297345
vn 0.915136 0.272236 0.297345
vn 0.778461 0.272235 0.565585
vn 0.565586 0.272235 0.778460
vn 0.565585 0.272235 0.778461
vn 0.565586 0.272235 0.778460
vn 0.297345 0.272235 0.915136
vn 0.297345 0.272235 0.915136
vn 0.297345 0.272235 0.915136
vn -0.000000 0.272235 0.962231
vn -0.000000 0.272235 0.962231
vn -0.000000 0.272235 0.962231
vn -0.297346 0.272235 0.915136
vn -0.297346 0.272235 0.915136
vn -0.297346 0.272235 0.915136
vn -0.565586 0.272236 0.778460
vn -0.565586 0.272236 0.778461
vn -0.778461 0.272236 0.565585
vn -0.778461 0.272236 0.565585
vn -0.915136 0.272236 0.297345
vn -0.915136 0.272236 0.297345
vn -0.915136 0.272236 0.297345
vn -0.962125 0.269749 0.039379
vn -0.962125 0.269749 0.039379
vn -0.962110 0.269753 0.039723
vn -0.938282 0.263192 -0.224401
vn -0.938056 0.263174 -0.225367
vn -0.938548 0.263214 -0.223262
vn -0.891104 0.263195 -0.369678
vn -0.891445 0.263179 -0.368866
vn -0.890697 0.263214 -0.370645
vn -0.755333 0.269740 -0.597254
vn -0.755333 0.269740 -0.597254
vn -0.755118 0.269743 -0.597524
vn -0.565585 0.272236 -0.778461
vn -0.565585 0.272236 -0.778461
vn -0.565585 0.272236 -0.778461
vn -0.297346 0.272235 -0.915136
vn -0.297346 0.272235 -0.915136
vn -0.297346 0.272235 -0.915136
vn -0.000000 0.272235 -0.962231
vn -0.000000 0.272235 -0.962231
vn -0.000000 0.272235 -0.962231
vn 0.297345 0.272235 -0.915136
vn 0.297345 0.272235 -0.915136
vn 0.297345 0.272235 -0.915136
vn 0.565585 0.272236 -0.778461
vn 0.565585 0.272236 -0.778461
vn 0.565585 0.272236 -0.778461
vn 0.778461 0.272236 -0.565585
vn 0.778461 0.272236 -0.565585
vn 0.915136 0.272235 -0.297345
vn 0.915136 0.272235 -0.297346
vn 0.915136 0.272235 -0.297346
vn 0.962231 0.272235 -0.000001
vn 0.962231 0.272235 -0.000001
vn 0.962231 0.272235 -0.000001
vn -0.971848 0.000000 -0.235610
vn -0.924730 0.000000 -0.380625
vn -0.999441 0.000000 0.033442
vn -0.951057 0.000000 0.309017
vn -0.809017 0.000000 0.587785
vn -0.587785 0.000000 0.809017
vn 0.000000 0.000000 1.000000
vn 0.309017 0.000000 0.951056
vn 0.587785 0.000000 0.809017
vn 0.809017 0.000000 0.587786
vn 0.951057 0.000000 0.309016
vn 1.000000 0.000000 -0.000001
vn 0.951056 0.000000 -0.309017
vn 0.809017 0.000000 -0.587785
vn 0.587785 0.000000 -0.809017
vn 0.309017 0.000000 -0.951056
vn -0.309017 0.000000 -0.951056
vn -0.587785 0.000000 -0.809017
vn -0.788908 0.000000 -0.614512
vn 0.962231 -0.272234 -0.000001
vn 0.962231 -0.272234 -0.000001
vn 0.915136 -0.272234 0.297345
vn 0.915136 -0.272234 0.297345
vn 0.915136 -0.272234 0.297345
vn 0.962231 -0.272234 -0.000001
vn 0.915136 -0.272234 -0.297346
vn 0.915136 -0.272234 -0.297346
vn 0.915136 -0.272234 -0.297346
vn 0.778461 -0.272234 -0.565585
vn 0.778461 -0.272234 -0.565585
vn 0.778461 -0.272234 -0.565585
vn 0.565585 -0.272234 -0.778461
vn 0.565585 -0.272234 -0.778461
vn 0.565585 -0.272234 -0.778461
vn 0.297347 -0.272233 -0.915136
vn 0.297347 -0.272233 -0.915136
vn 0.297347 -0.272233 -0.915136
vn 0.000000 -0.272233 -0.962231
vn 0.000000 -0.272233 -0.962231
vn 0.000000 -0.272233 -0.962231
vn -0.297347 -0.272233 -0.915136
vn -0.297346 -0.272233 -0.915136
vn -0.297347 -0.272233 -0.915136
vn -0.565585 -0.272234 -0.778461
vn -0.565585 -0.272234 -0.778461
vn -0.565585 -0.272234 -0.778461
vn -0.757345 -0.269561 -0.594781
vn -0.757345 -0.269561 -0.594781
vn -0.757130 -0.269565 -0.595054
vn -0.890401 -0.262297 -0.372003
vn -0.889788 -0.262335 -0.373440
vn -0.891002 -0.262258 -0.370589
vn -0.938905 -0.266226 -0.218130
vn -0.939526 -0.266523 -0.215074
vn -0.938309 -0.265942 -0.221023
vn -0.961615 -0.273319 0.024358
vn -0.961615 -0.273319 0.024358
vn -0.961618 -0.273322 0.024198
vn -0.915136 -0.272234 0.297346
vn -0.915136 -0.272234 0.297346
vn -0.915136 -0.272234 0.297346
vn -0.778461 -0.272235 0.565585
vn -0.778461 -0.272235 0.565585
vn -0.778461 -0.272235 0.565585
vn -0.565585 -0.272235 0.778461
vn -0.565585 -0.272235 0.778461
vn -0.565585 -0.272235 0.778461
vn -0.297348 -0.272233 0.915136
vn -0.297348 -0.272233 0.915136
vn -0.297348 -0.272233 0.915136
vn 0.000000 -0.272233 0.962232
vn 0.000000 -0.272233 0.962232
vn 0.000000 -0.272233 0.962232
vn 0.297347 -0.272233 0.915136
vn 0.297346 -0.272233 0.915136
vn 0.297347 -0.272233 0.915136
vn 0.565586 -0.272233 0.778461
vn 0.565585 -0.272233 0.778462
vn 0.565586 -0.272233 0.778461
vn 0.778462 -0.272234 0.565585
vn 0.778462 -0.272234 0.565584
vn 0.778462 -0.272234 0.565585
vn 0.000000 1.000000 -0.000006
vn 0.000000 1.000000 -0.000006
vn 0.000000 1.000000 -0.000001
vn 0.000000 1.000000 -0.000003
vn 0.000000 1.000000 -0.000006
vn 0.000000 1.000000 -0.000007
vn 0.000000 1.000000 -0.000001
vn 0.000000 1.000000 0.000001
vn 0.000000 1.000000 0.000012
vn 0.000000 1.000000 0.000017
vn 0.000000 1.000000 0.000006
vn 0.000000 1.000000 0.000006
vn 0.000000 1.000000 0.000007
vn 0.000000 -1.000000 0.000001
vn 0.000000 -1.000000 0.000001
vn 0.000000 -1.000000 -0.000001
vn 0.000000 -1.000000 -0.000001
vn 0.000000 -1.000000 0.000001
vn 0.000000 -1.000000 0.000001
vn 0.066449 -0.995575 -0.066446
vn 0.066449 -0.995575 -0.066451
vn 0.066449 -0.995575 -0.066451
vn -0.707109 0.000000 0.707104
vn 0.707108 0.000000 -0.707105
vn 0.707108 0.000000 -0.707106
vn 0.066449 -0.995575 -0.066440
vn -0.192661 0.962166 0.192663
vn -0.192661 0.962166 0.192663
vn -0.192658 0.962166 0.192664
vn 0.707109 0.000000 -0.707105
vn -0.192664 0.962165 0.192662
vn -0.192664 0.962165 0.192662
vn -0.707105 0.000000 -0.707109
vn -0.707105 0.000000 -0.707109
vn -0.707107 0.000000 -0.707106
vn -0.707106 0.000000 -0.707107
vn -0.707105 0.000000 -0.707108
vn -0.707106 0.000000 -0.707107
vn 0.707107 0.000000 0.707107
vn 0.707107 0.000000 0.707106
vn 0.707106 0.000000 0.707107
vn 0.707106 0.000000 0.707107
vn 0.707107 0.000000 -0.707106
vn 0.707110 0.000000 -0.707104
vn 0.249767 -0.935538 -0.249768
vn 0.249767 -0.935538 -0.249768
vn 0.249768 -0.935539 -0.249765
vn 0.249768 -0.935539 -0.249765
vn 0.249768 -0.935539 -0.249767
vn -0.707105 0.000000 -0.707108
vn -0.707107 0.000000 -0.707107
vn -0.707107 0.000000 -0.707107
vn -0.707105 0.000000 -0.707108
vn 0.707108 0.000000 0.707105
vn 0.707109 0.000000 0.707105
vn 0.707109 0.000000 0.707105
vn 0.707109 0.000000 0.707104
vn 0.707108 0.000000 0.707106
vn 0.707109 0.000000 0.707105
vn 0.249768 -0.935540 -0.249764
vn 0.249768 -0.935539 -0.249764
vn 0.249768 -0.935539 -0.249764
vn -0.707108 0.000000 -0.707105
vn -0.707109 0.000000 -0.707105
vn -0.707109 0.000000 -0.707105
vn -0.707106 0.000000 -0.707108
vn -0.707107 0.000000 -0.707107
vn 0.249768 -0.935539 -0.249764
vn 0.707106 0.000000 0.707107
vn 0.707106 0.000000 0.707107
vn 0.707106 0.000000 0.707107
vn 0.707105 0.000000 0.707108
vn 0.707104 0.000000 0.707109
vn -0.707108 0.000000 -0.707106
vn -0.707108 0.000000 -0.707105
vn -0.707108 0.000000 -0.707106
vn 0.707107 0.000000 0.707107
vn 0.707109 0.000000 0.707105
vn 0.707106 0.000000 0.707107
vn 0.707107 0.000000 0.707107
vn 0.707106 0.000000 0.707107
vn 0.707106 0.000000 0.707108
vn -0.707105 0.000000 -0.707108
vn -0.707106 0.000000 -0.707108
vn -0.962231 -0.272234 -0.000001
vn -0.962231 -0.272234 -0.000001
vn -0.915137 -0.272234 0.297344
vn -0.915137 -0.272234 0.297344
vn -0.915136 -0.272234 0.297344
vn -0.962231 -0.272234 -0.000001
vn -0.778462 -0.272234 0.565585
vn -0.778462 -0.272234 0.565585
vn -0.778462 -0.272234 0.565584
vn -0.565586 -0.272233 0.778461
vn -0.565586 -0.272233 0.778461
vn -0.565585 -0.272233 0.778462
vn -0.297347 -0.272232 0.915136
vn -0.297346 -0.272232 0.915136
vn -0.297346 -0.272232 0.915136
vn 0.000000 -0.272232 0.962232
vn 0.000000 -0.272232 0.962232
vn 0.000000 -0.272232 0.962232
vn 0.297348 -0.272233 0.915136
vn 0.297348 -0.272233 0.915136
vn 0.297348 -0.272233 0.915136
vn 0.565586 -0.272235 0.778461
vn 0.565586 -0.272235 0.778461
vn 0.565586 -0.272235 0.778461
vn 0.778461 -0.272235 0.565585
vn 0.778461 -0.272235 0.565585
vn 0.915136 -0.272234 0.297346
vn 0.915136 -0.272234 0.297346
vn 0.915136 -0.272234 0.297346
vn 0.961618 -0.273322 0.024197
vn 0.961615 -0.273319 0.024358
vn 0.961615 -0.273319 0.024358
vn 0.938309 -0.265942 -0.221023
vn 0.938905 -0.266226 -0.218130
vn 0.939526 -0.266523 -0.215074
vn 0.971848 0.000000 -0.235610
vn 0.924730 0.000000 -0.380625
vn 0.890401 -0.262297 -0.372003
vn 0.891002 -0.262258 -0.370589
vn 0.757129 -0.269565 -0.595054
vn 0.757345 -0.269561 -0.594782
vn 0.757345 -0.269561 -0.594782
vn 0.889788 -0.262335 -0.373441
vn 0.565585 -0.272234 -0.778462
vn 0.565585 -0.272234 -0.778462
vn 0.565585 -0.272234 -0.778461
vn 0.297347 -0.272233 -0.915136
vn 0.297347 -0.272233 -0.915136
vn 0.297347 -0.272233 -0.915136
vn -0.000000 -0.272233 -0.962231
vn -0.000000 -0.272233 -0.962231
vn -0.000000 -0.272233 -0.962231
vn -0.297347 -0.272233 -0.915136
vn -0.297347 -0.272233 -0.915136
vn -0.297347 -0.272233 -0.915136
vn -0.565585 -0.272234 -0.778461
vn -0.565585 -0.272234 -0.778461
vn -0.565585 -0.272234 -0.778461
vn -0.778461 -0.272234 -0.565586
vn -0.778461 -0.272234 -0.565586
vn -0.778461 -0.272234 -0.565585
vn -0.915136 -0.272234 -0.297346
vn -0.915136 -0.272234 -0.297346
vn -0.915136 -0.272234 -0.297346
vn -0.778461 0.272235 0.565585
vn -0.778461 0.272235 0.565585
vn -0.915136 0.272236 0.297345
vn -0.915136 0.272236 0.297344
vn -0.915136 0.272236 0.297345
vn -0.778461 0.272235 0.565585
vn -0.962231 0.272235 -0.000002
vn -0.962231 0.272235 -0.000002
vn -0.962231 0.272235 -0.000002
vn -0.565586 0.272235 0.778461
vn -0.565585 0.272235 0.778461
vn -0.565585 0.272235 0.778461
vn -0.297345 0.272235 0.915136
vn -0.297345 0.272235 0.915136
vn -0.297344 0.272235 0.915136
vn 0.000000 0.272235 0.962231
vn 0.000000 0.272235 0.962231
vn 0.000000 0.272235 0.962231
vn 0.297346 0.272235 0.915136
vn 0.297346 0.272235 0.915136
vn 0.297346 0.272235 0.915136
vn 0.565586 0.272236 0.778460
vn 0.565586 0.272236 0.778460
vn 0.565586 0.272236 0.778460
vn 0.778461 0.272236 0.565585
vn 0.778461 0.272236 0.565585
vn 0.778461 0.272236 0.565584
vn 0.915136 0.272236 0.297346
vn 0.915136 0.272236 0.297346
vn 0.915136 0.272236 0.297345
vn 0.962125 0.269749 0.039380
vn 0.962110 0.269752 0.039724
vn 0.962125 0.269749 0.039380
vn 0.938282 0.263192 -0.224402
vn 0.938548 0.263213 -0.223263
vn 0.938056 0.263174 -0.225368
vn 0.565586 0.272236 -0.778460
vn 0.565586 0.272236 -0.778460
vn 0.755118 0.269743 -0.597524
vn 0.755333 0.269740 -0.597254
vn 0.755333 0.269740 -0.597254
vn 0.565586 0.272236 -0.778460
vn 0.297346 0.272235 -0.915136
vn 0.297346 0.272235 -0.915136
vn 0.297347 0.272235 -0.915135
vn -0.000000 0.272235 -0.962231
vn -0.000000 0.272235 -0.962231
vn -0.000000 0.272235 -0.962231
vn -0.297346 0.272235 -0.915136
vn -0.297345 0.272235 -0.915136
vn -0.297346 0.272235 -0.915136
vn -0.565585 0.272236 -0.778461
vn -0.565585 0.272236 -0.778461
vn -0.565585 0.272236 -0.778461
vn -0.778461 0.272236 -0.565585
vn -0.778461 0.272236 -0.565585
vn -0.778461 0.272236 -0.565585
vn -0.915136 0.272235 -0.297346
vn -0.915136 0.272235 -0.297346
vn -0.915136 0.272235 -0.297346
vn -0.951057 0.000000 0.309016
vn -0.809017 0.000000 0.587786
vn -0.587785 0.000000 0.809017
vn -0.309017 0.000000 0.951056
vn 0.309017 0.000000 0.951056
vn 0.587785 0.000000 0.809017
vn 0.809017 0.000000 0.587785
vn 0.951057 0.000000 0.309017
vn 0.999441 0.000000 0.033442
vn 0.788908 0.000000 -0.614512
vn 0.587785 0.000000 -0.809017
vn 0.000000 0.000000 -1.000000
vn -0.309017 0.000000 -0.951056
vn -0.587785 0.000000 -0.809017
vn -0.809017 0.000000 -0.587785
vn -0.951056 0.000000 -0.309018
vn -1.000000 0.000000 -0.000002
vn 0.000000 1.000000 0.000001
vn 0.000000 1.000000 0.000000
vn 0.000000 1.000000 -0.000000
vn 0.000000 1.000000 -0.000000
vn 0.000000 1.000000 -0.000000
vn 0.000000 1.000000 0.000000
vn 0.000000 1.000000 0.000001
vn 0.000000 1.000000 -0.000000
vn 0.000000 1.000000 -0.000000
vn 0.000000 1.000000 0.000000
vn 0.000000 1.000000 0.000000
vn 0.000000 1.000000 -0.000002
vn 0.000000 1.000000 -0.000000
vn 0.000000 1.000000 -0.000001
vn 0.000000 1.000000 -0.000002
vn 0.000000 1.000000 -0.000001
vn 0.000000 1.000000 0.000000
vn 0.000000 1.000000 -0.000002
vn 0.000000 1.000000 -0.000001
vn 0.000000 1.000000 0.000001
vn 0.000000 1.000000 0.000001
vn 0.000000 1.000000 0.000001
vn 0.000000 1.000000 0.000001
vn 0.000000 1.000000 0.000001
vn 0.000000 1.000000 -0.000000
vn 0.000000 1.000000 0.000000
vn 0.000000 1.000000 0.000002
vn 0.000000 -1.000000 -0.000000
vn 0.000000 -1.000000 0.000000
vn 0.000000 -1.000000 0.000000
vn 0.000000 -1.000000 0.000000
vn 0.000000 -1.000000 0.000000
vn 0.000000 -1.000000 0.000000
vn 0.000000 -1.000000 0.000000
vn 0.000000 -1.000000 0.000000
vn 0.000000 -1.000000 0.000001
vn 0.000000 -1.000000 0.000000
vn 0.000000 -1.000000 -0.000001
vn 0.000000 -1.000000 -0.000000
vn 0.000000 -1.000000 -0.000001
vn 0.000000 -1.000000 -0.000000
vn 0.000000 -1.000000 0.000000
vn 0.000000 -1.000000 0.000000
vn 0.000000 -1.000000 -0.000000
vn 0.000000 -1.000000 -0.000000
vn 0.000000 -1.000000 -0.000000
vn 0.000000 -1.000000 0.000001
vn 0.000000 -1.000000 0.000001
vn 0.000000 -1.000000 0.000002
vn 0.000000 -1.000000 0.000002
vn 0.000000 -1.000000 0.000001
vn 0.000000 -1.000000 -0.000000
vn 0.000000 -1.000000 0.000001
vn 0.890696 0.263214 -0.370645
vn 0.891104 0.263195 -0.369678
vn 0.891445 0.263179 -0.368866
vn 0.000000 1.000000 0.000001
vn 0.000000 1.000000 0.000001
vn 0.000000 1.000000 0.000005
vn 0.000000 1.000000 0.000002
vn 0.000000 1.000000 0.000005
vn 0.000000 1.000000 0.000003
vn 0.000000 1.000000 0.000002
vn 0.000000 1.000000 -0.000001
vn 0.000000 1.000000 -0.000004
vn 0.000000 1.000000 -0.000004
vn 0.000000 1.000000 0.000004
vn 0.000000 1.000000 0.000005
vn 0.000000 1.000000 0.000001
vn 0.000000 1.000000 0.000002
vn 0.000000 1.000000 0.000014
vn 0.000000 1.000000 0.000017
vn 0.000000 1.000000 0.000005
vn 0.000000 1.000000 0.000001
vn 0.000000 1.000000 0.000004
vn 0.000000 -1.000000 -0.000002
vn 0.000000 -1.000000 -0.000002
vn 0.000000 -1.000000 -0.000001
vn 0.000000 -1.000000 0.000001
vn 0.000000 -1.000000 -0.000001
vn 0.000000 -1.000000 -0.000001
vn 0.000000 -1.000000 0.000001
vn 0.000000 -1.000000 0.000002
vn 0.000000 -1.000000 0.000000
vn 0.000000 -1.000000 -0.000000
vn 0.000000 -1.000000 0.000000
vn 0.000000 -1.000000 -0.000000
vn 0.000000 -1.000000 -0.000002
vn 0.000000 -1.000000 -0.000001
vn 0.000000 -1.000000 0.000002
vn 0.000000 -1.000000 0.000001
vn 0.000000 -1.000000 -0.000001
vn -0.707107 0.000000 -0.707106
vn -0.707105 0.000000 -0.707108
vn -0.249769 -0.935539 -0.249765
vn -0.249767 -0.935539 -0.249767
vn -0.249767 -0.935539 -0.249767
vn -0.707108 0.000000 0.707106
vn 0.707107 0.000000 -0.707107
vn 0.707108 0.000000 -0.707106
vn 0.707106 0.000000 -0.707108
vn 0.707106 0.000000 -0.707108
vn 0.707106 0.000000 -0.707108
vn 0.707105 0.000000 -0.707108
vn 0.707107 0.000000 -0.707107
vn 0.707107 0.000000 -0.707107
vn -0.249768 -0.935539 -0.249765
vn -0.249768 -0.935539 -0.249764
vn -0.249768 -0.935539 -0.249765
vn -0.707106 0.000000 0.707108
vn -0.707105 0.000000 0.707109
vn -0.707105 0.000000 0.707108
vn -0.707107 0.000000 0.707107
vn 0.707107 0.000000 -0.707107
vn 0.707108 0.000000 -0.707106
vn 0.707107 0.000000 -0.707107
vn 0.707108 0.000000 -0.707106
vn 0.707107 0.000000 -0.707106
vn 0.707106 0.000000 -0.707107
vn -0.707105 0.000000 0.707109
vn -0.707105 0.000000 0.707109
vn -0.707106 0.000000 0.707107
vn -0.707106 0.000000 0.707107
vn -0.707108 0.000000 0.707105
vn -0.707109 0.000000 0.707105
vn -0.707107 0.000000 0.707106
vn -0.707110 0.000000 -0.707104
vn 0.707105 0.000000 -0.707109
vn 0.707105 0.000000 -0.707109
vn 0.707107 0.000000 -0.707106
vn -0.249767 -0.935539 -0.249767
vn -0.707107 0.000000 0.707106
vn -0.707107 0.000000 0.707107
vn 0.707108 0.000000 -0.707105
vn 0.707108 0.000000 -0.707106
vn -0.707109 0.000000 0.707104
vn -0.707109 0.000000 0.707105
vn -0.066449 -0.995575 -0.066446
vn -0.066449 -0.995575 -0.066451
vn -0.066449 -0.995575 -0.066446
vn 0.707109 0.000000 0.707104
vn -0.707108 0.000000 -0.707105
vn -0.707108 0.000000 -0.707106
vn -0.066449 -0.995575 -0.066440
vn 0.192661 0.962165 0.192666
vn 0.192658 0.962166 0.192664
vn 0.192661 0.962165 0.192666
vn -0.707109 0.000000 -0.707105
vn 0.192664 0.962164 0.192667
vn 0.192664 0.962164 0.192667
vn 0.000000 -1.000000 -0.000000
vn 0.000000 -1.000000 0.000000
vn 0.000000 -1.000000 -0.000000
vn 0.000000 -1.000000 0.000000
vn 0.000000 -1.000000 0.000000
vn 0.000000 -1.000000 -0.000000
vn 0.000000 -1.000000 0.000000
vn 0.000000 -1.000000 -0.000000
vn 0.000000 -1.000000 0.000000
vn 0.000000 -1.000000 0.000000
vn 0.000000 -1.000000 0.000000
vn 0.000000 -1.000000 0.000000
vn 0.000000 -1.000000 0.000000
vn 0.000000 -1.000000 -0.000000
vn 0.000000 -1.000000 -0.000000
vn 0.000000 -1.000000 -0.000000
vn 0.000000 -1.000000 -0.000000
vn 0.000000 -1.000000 -0.000000
vn 0.000000 -1.000000 0.000000
vn 0.000000 -1.000000 -0.000000
vn 0.000000 -1.000000 -0.000000
vn 0.000000 -1.000000 0.000000
vn 0.000000 -1.000000 -0.000000
vn 0.000000 -1.000000 0.000000
vn 0.000000 1.000000 0.000001
vn 0.000000 1.000000 0.000000
vn 0.000000 1.000000 0.000000
vn 0.000000 1.000000 0.000000
vn 0.000000 1.000000 0.000000
vn 0.000000 1.000000 -0.000000
vn 0.000000 1.000000 0.000000
vn 0.000000 1.000000 0.000000
vn 0.000000 1.000000 0.000000
vn 0.000000 1.000000 0.000001
vn 0.000000 1.000000 0.000000
vn 0.000000 1.000000 0.000000
vn 0.000000 1.000000 -0.000000
vn 0.000000 1.000000 -0.000000
vn 0.000000 1.000000 0.000000
vn 0.000000 1.000000 0.000000
vn 0.000000 1.000000 0.000001
vn 0.000000 1.000000 0.000001
vn 0.000000 1.000000 -0.000000
vn 0.000000 1.000000 -0.000001
vn 0.000000 1.000000 -0.000000
vn 0.000000 1.000000 0.000001
vn 0.778461 -0.272235 -0.565585
vn 0.778461 -0.272235 -0.565585
vn 0.915136 -0.272236 -0.297345
vn 0.915136 -0.272236 -0.297345
vn 0.915136 -0.272236 -0.297345
vn 0.778461 -0.272235 -0.565585
vn 0.565585 -0.272235 -0.778461
vn 0.565585 -0.272235 -0.778462
vn 0.565585 -0.272235 -0.778461
vn 0.297345 -0.272235 -0.915136
vn 0.297344 -0.272235 -0.915136
vn 0.297345 -0.272235 -0.915136
vn -0.000000 -0.272235 -0.962231
vn -0.000000 -0.272235 -0.962231
vn -0.000000 -0.272235 -0.962231
vn -0.297346 -0.272235 -0.915136
vn -0.297346 -0.272235 -0.915136
vn -0.297346 -0.272235 -0.915136
vn -0.565585 -0.272235 -0.778461
vn -0.565585 -0.272235 -0.778461
vn -0.565585 -0.272235 -0.778461
vn -0.778461 -0.272236 -0.565585
vn -0.778461 -0.272236 -0.565585
vn -0.778461 -0.272236 -0.565585
vn -0.915136 -0.272236 -0.297345
vn -0.915136 -0.272236 -0.297345
vn -0.915136 -0.272236 -0.297345
vn -0.962125 -0.269749 -0.039379
vn -0.962125 -0.269749 -0.039379
vn -0.962110 -0.269753 -0.039723
vn -0.938282 -0.263192 0.224401
vn -0.938056 -0.263174 0.225368
vn -0.938548 -0.263214 0.223263
vn -0.891104 -0.263195 0.369677
vn -0.891445 -0.263179 0.368866
vn -0.890697 -0.263214 0.370645
vn -0.755333 -0.269740 0.597254
vn -0.755333 -0.269740 0.597254
vn -0.755119 -0.269743 0.597524
vn -0.565584 -0.272236 0.778461
vn -0.565584 -0.272236 0.778461
vn -0.297345 -0.272235 0.915136
vn -0.297346 -0.272235 0.915136
vn -0.297345 -0.272235 0.915136
vn 0.000000 -0.272235 0.962231
vn 0.000000 -0.272235 0.962231
vn 0.297345 -0.272236 0.915136
vn 0.297346 -0.272235 0.915136
vn 0.297345 -0.272235 0.915136
vn 0.565585 -0.272236 0.778461
vn 0.565584 -0.272236 0.778461
vn 0.778461 -0.272236 0.565585
vn 0.778461 -0.272236 0.565585
vn 0.778461 -0.272236 0.565585
vn 0.915136 -0.272235 0.297346
vn 0.915136 -0.272235 0.297346
vn 0.915136 -0.272235 0.297346
vn 0.962231 -0.272235 0.000002
vn 0.962231 -0.272235 0.000001
vn 0.962231 -0.272235 0.000001
vn -0.971848 0.000000 0.235610
vn -0.924730 0.000000 0.380625
vn -0.999441 0.000000 -0.033442
vn -0.809017 0.000000 -0.587785
vn -0.587785 0.000000 -0.809017
vn -0.309017 0.000000 -0.951056
vn 0.000000 0.000000 -1.000000
vn 0.309017 0.000000 -0.951056
vn 0.587785 0.000000 -0.809017
vn 0.809017 0.000000 -0.587786
vn 1.000000 0.000000 0.000001
vn 0.951056 0.000000 0.309017
vn 0.809017 0.000000 0.587785
vn 0.587785 0.000000 0.809017
vn 0.309017 0.000000 0.951056
vn -0.309017 0.000000 0.951056
vn -0.788908 0.000000 0.614512
vn 0.962231 0.272234 0.000001
vn 0.962231 0.272234 0.000001
vn 0.915136 0.272234 -0.297344
vn 0.915136 0.272235 -0.297344
vn 0.915136 0.272234 -0.297344
vn 0.962231 0.272234 0.000001
vn 0.915136 0.272234 0.297346
vn 0.915136 0.272234 0.297346
vn 0.915136 0.272234 0.297346
vn 0.778461 0.272234 0.565585
vn 0.778461 0.272234 0.565585
vn 0.778461 0.272234 0.565585
vn 0.565585 0.272234 0.778461
vn 0.565585 0.272234 0.778461
vn 0.297347 0.272233 0.915136
vn 0.297347 0.272233 0.915136
vn 0.297347 0.272233 0.915136
vn 0.000000 0.272233 0.962231
vn 0.000000 0.272233 0.962231
vn 0.000000 0.272233 0.962231
vn -0.297347 0.272233 0.915136
vn -0.297346 0.272233 0.915136
vn -0.297347 0.272233 0.915136
vn -0.565585 0.272234 0.778461
vn -0.565585 0.272234 0.778461
vn -0.565585 0.272234 0.778461
vn -0.757345 0.269561 0.594782
vn -0.757345 0.269561 0.594781
vn -0.757130 0.269565 0.595054
vn -0.890401 0.262297 0.372002
vn -0.889788 0.262335 0.373440
vn -0.891002 0.262258 0.370588
vn -0.938905 0.266226 0.218130
vn -0.939526 0.266523 0.215074
vn -0.938309 0.265942 0.221023
vn -0.961615 0.273320 -0.024358
vn -0.961615 0.273319 -0.024358
vn -0.961618 0.273322 -0.024197
vn -0.915136 0.272234 -0.297346
vn -0.915136 0.272234 -0.297346
vn -0.915136 0.272234 -0.297346
vn -0.778461 0.272235 -0.565585
vn -0.778461 0.272235 -0.565586
vn -0.778461 0.272235 -0.565586
vn -0.565585 0.272235 -0.778461
vn -0.565585 0.272235 -0.778461
vn -0.565585 0.272235 -0.778461
vn -0.297348 0.272233 -0.915136
vn -0.297347 0.272233 -0.915136
vn -0.297348 0.272233 -0.915136
vn 0.000000 0.272233 -0.962232
vn 0.000000 0.272233 -0.962232
vn 0.000000 0.272233 -0.962232
vn 0.297347 0.272233 -0.915136
vn 0.297346 0.272233 -0.915136
vn 0.297347 0.272233 -0.915136
vn 0.565585 0.272233 -0.778462
vn 0.565585 0.272233 -0.778462
vn 0.565585 0.272233 -0.778462
vn 0.778462 0.272234 -0.565585
vn 0.778462 0.272234 -0.565585
vn 0.778462 0.272234 -0.565585
vn 0.000000 -1.000000 -0.000000
vn 0.000000 -1.000000 0.000001
vn 0.000000 -1.000000 0.000001
vn 0.000000 -1.000000 0.000000
vn 0.000000 -1.000000 -0.000000
vn 0.000000 -1.000000 0.000000
vn 0.000000 -1.000000 0.000000
vn 0.000000 -1.000000 -0.000000
vn 0.000000 -1.000000 -0.000001
vn 0.000000 -1.000000 -0.000001
vn 0.000000 -1.000000 -0.000001
vn 0.000000 -1.000000 0.000001
vn 0.000000 -1.000000 0.000001
vn 0.000000 -1.000000 -0.000000
vn 0.000000 1.000000 0.000003
vn 0.000000 1.000000 0.000006
vn 0.000000 1.000000 0.000003
vn 0.000000 1.000000 0.000001
vn 0.000000 1.000000 0.000001
vn 0.000000 1.000000 0.000003
vn 0.000000 1.000000 -0.000005
vn 0.000000 1.000000 -0.000003
vn 0.000000 1.000000 0.000000
vn 0.000000 1.000000 0.000000
vn 0.000000 1.000000 -0.000002
vn 0.000000 1.000000 -0.000001
vn 0.066449 0.995575 0.066448
vn 0.066449 0.995575 0.066448
vn 0.066449 0.995575 0.066448
vn -0.707110 0.000000 -0.707104
vn -0.707109 0.000000 -0.707104
vn 0.707109 0.000000 0.707105
vn 0.066449 0.995575 0.066448
vn 0.066449 0.995575 0.066448
vn -0.192661 -0.962166 -0.192661
vn -0.192661 -0.962166 -0.192661
vn -0.192658 -0.962167 -0.192659
vn -0.192658 -0.962167 -0.192659
vn -0.192664 -0.962165 -0.192664
vn -0.192664 -0.962165 -0.192664
vn -0.707106 0.000000 0.707107
vn -0.707107 0.000000 0.707106
vn -0.707107 0.000000 0.707107
vn -0.707106 0.000000 0.707107
vn -0.707107 0.000000 0.707107
vn -0.707107 0.000000 0.707106
vn 0.707107 0.000000 -0.707107
vn 0.707106 0.000000 -0.707107
vn 0.707106 0.000000 -0.707108
vn 0.707107 0.000000 -0.707107
vn 0.707107 0.000000 -0.707107
vn 0.707107 0.000000 -0.707106
vn 0.707108 0.000000 0.707106
vn 0.707108 0.000000 0.707106
vn 0.000000 -1.000000 -0.000000
vn 0.000000 -1.000000 -0.000000
vn 0.249767 0.935538 0.249769
vn 0.249767 0.935538 0.249768
vn 0.249768 0.935538 0.249768
vn 0.249768 0.935538 0.249768
vn -0.707106 0.000000 0.707108
vn -0.707106 0.000000 0.707108
vn -0.707107 0.000000 0.707106
vn -0.707106 0.000000 0.707107
vn -0.707107 0.000000 0.707106
vn 0.707108 0.000000 -0.707106
vn 0.707107 0.000000 -0.707106
vn 0.707108 0.000000 -0.707105
vn 0.707108 0.000000 -0.707106
vn 0.707107 0.000000 -0.707107
vn 0.707108 0.000000 -0.707105
vn 0.249769 0.935538 0.249767
vn -0.707108 0.000000 0.707106
vn -0.707107 0.000000 0.707107
vn 0.249767 0.935539 0.249767
vn 0.707106 0.000000 -0.707108
vn 0.707106 0.000000 -0.707108
vn 0.707106 0.000000 -0.707108
vn 0.707105 0.000000 -0.707109
vn 0.000000 -1.000000 -0.000001
vn -0.707108 0.000000 0.707106
vn -0.707108 0.000000 0.707105
vn 0.707105 0.000000 -0.707108
vn 0.707108 0.000000 -0.707106
vn 0.707106 0.000000 -0.707108
vn -0.707107 0.000000 0.707106
vn -0.707108 0.000000 0.707106
vn -0.707107 0.000000 0.707107
vn -0.707106 0.000000 0.707107
vn -0.962231 0.272234 0.000001
vn -0.962231 0.272234 0.000001
vn -0.915136 0.272234 -0.297345
vn -0.915136 0.272234 -0.297345
vn -0.915136 0.272234 -0.297345
vn -0.962231 0.272234 0.000001
vn -0.778462 0.272234 -0.565585
vn -0.778462 0.272234 -0.565585
vn -0.778462 0.272234 -0.565585
vn -0.565585 0.272233 -0.778462
vn -0.565585 0.272233 -0.778462
vn -0.565585 0.272233 -0.778462
vn -0.297347 0.272232 -0.915136
vn -0.297346 0.272232 -0.915136
vn -0.297346 0.272232 -0.915137
vn 0.000000 0.272232 -0.962232
vn 0.000000 0.272232 -0.962232
vn 0.000000 0.272232 -0.962232
vn 0.297348 0.272233 -0.915136
vn 0.297348 0.272233 -0.915136
vn 0.297348 0.272233 -0.915136
vn 0.565586 0.272235 -0.778461
vn 0.565586 0.272235 -0.778461
vn 0.565586 0.272235 -0.778461
vn 0.778461 0.272235 -0.565585
vn 0.778461 0.272235 -0.565585
vn 0.915136 0.272234 -0.297346
vn 0.915136 0.272234 -0.297346
vn 0.915136 0.272234 -0.297346
vn 0.961618 0.273322 -0.024197
vn 0.961615 0.273319 -0.024358
vn 0.961615 0.273319 -0.024358
vn 0.938309 0.265942 0.221023
vn 0.938905 0.266226 0.218130
vn 0.939526 0.266523 0.215074
vn 0.971848 0.000000 0.235610
vn 0.924730 0.000000 0.380625
vn 0.890401 0.262297 0.372003
vn 0.891002 0.262258 0.370588
vn 0.757129 0.269565 0.595055
vn 0.757345 0.269561 0.594782
vn 0.757345 0.269561 0.594782
vn 0.889788 0.262335 0.373440
vn 0.565585 0.272234 0.778462
vn 0.565585 0.272234 0.778461
vn 0.565585 0.272234 0.778461
vn 0.297347 0.272233 0.915136
vn 0.297347 0.272233 0.915136
vn 0.297346 0.272233 0.915136
vn -0.000000 0.272233 0.962232
vn -0.000000 0.272233 0.962232
vn -0.000000 0.272233 0.962232
vn -0.297347 0.272233 0.915136
vn -0.297347 0.272233 0.915136
vn -0.565585 0.272234 0.778461
vn -0.565585 0.272234 0.778461
vn -0.565585 0.272234 0.778461
vn -0.778461 0.272234 0.565585
vn -0.778461 0.272234 0.565586
vn -0.778461 0.272234 0.565585
vn -0.915136 0.272234 0.297346
vn -0.915136 0.272234 0.297346
vn -0.915136 0.272234 0.297346
vn -0.778461 -0.272235 -0.565585
vn -0.778461 -0.272235 -0.565585
vn -0.915136 -0.272236 -0.297344
vn -0.915136 -0.272236 -0.297344
vn -0.915136 -0.272236 -0.297345
vn -0.778461 -0.272235 -0.565585
vn -0.962231 -0.272235 0.000001
vn -0.962231 -0.272235 0.000001
vn -0.962231 -0.272235 0.000001
vn -0.565585 -0.272235 -0.778461
vn -0.565585 -0.272235 -0.778461
vn -0.565585 -0.272235 -0.778461
vn -0.297345 -0.272235 -0.915136
vn -0.297345 -0.272235 -0.915136
vn -0.297344 -0.272235 -0.915137
vn -0.000000 -0.272235 -0.962231
vn -0.000000 -0.272235 -0.962231
vn -0.000000 -0.272235 -0.962231
vn 0.297346 -0.272235 -0.915136
vn 0.297346 -0.272235 -0.915136
vn 0.297346 -0.272235 -0.915136
vn 0.565585 -0.272236 -0.778461
vn 0.778461 -0.272236 -0.565585
vn 0.778461 -0.272236 -0.565584
vn 0.915136 -0.272236 -0.297345
vn 0.915136 -0.272236 -0.297345
vn 0.915136 -0.272236 -0.297345
vn 0.962125 -0.269749 -0.039379
vn 0.962110 -0.269752 -0.039723
vn 0.962125 -0.269749 -0.039379
vn 0.938282 -0.263192 0.224401
vn 0.938548 -0.263213 0.223263
vn 0.938056 -0.263174 0.225368
vn 0.565585 -0.272236 0.778461
vn 0.565585 -0.272236 0.778461
vn 0.755119 -0.269743 0.597524
vn 0.755333 -0.269740 0.597254
vn 0.755333 -0.269740 0.597254
vn 0.565585 -0.272236 0.778461
vn 0.297346 -0.272235 0.915136
vn 0.297346 -0.272235 0.915136
vn 0.297346 -0.272235 0.915136
vn -0.000000 -0.272235 0.962231
vn -0.000000 -0.272235 0.962231
vn -0.000000 -0.272235 0.962231
vn -0.297346 -0.272235 0.915136
vn -0.297346 -0.272235 0.915136
vn -0.297346 -0.272235 0.915136
vn -0.565585 -0.272236 0.778461
vn -0.565585 -0.272236 0.778461
vn -0.565584 -0.272236 0.778461
vn -0.778461 -0.272236 0.565585
vn -0.778461 -0.272236 0.565585
vn -0.778461 -0.272236 0.565585
vn -0.915136 -0.272235 0.297346
vn -0.915136 -0.272235 0.297346
vn -0.915136 -0.272235 0.297346
vn -0.809017 0.000000 -0.587786
vn -0.587785 0.000000 -0.809017
vn -0.309017 0.000000 -0.951056
vn 0.309017 0.000000 -0.951056
vn 0.587785 0.000000 -0.809017
vn 0.809017 0.000000 -0.587785
vn 0.951057 0.000000 -0.309017
vn 0.999441 0.000000 -0.033442
vn 0.788908 0.000000 0.614512
vn 0.000000 0.000000 1.000000
vn -0.309017 0.000000 0.951056
vn -0.809017 0.000000 0.587785
vn -0.951056 0.000000 0.309018
vn -1.000000 0.000000 0.000002
vn 0.000000 -1.000000 -0.000000
vn 0.000000 -1.000000 -0.000000
vn 0.000000 -1.000000 0.000000
vn 0.000000 -1.000000 -0.000000
vn 0.000000 -1.000000 0.000000
vn 0.000000 -1.000000 -0.000000
vn 0.000000 -1.000000 0.000000
vn 0.000000 -1.000000 0.000000
vn 0.000000 -1.000000 0.000000
vn 0.000000 -1.000000 0.000000
vn 0.000000 -1.000000 -0.000000
vn 0.000000 -1.000000 0.000000
vn 0.000000 -1.000000 -0.000000
vn 0.000000 -1.000000 0.000000
vn 0.000000 -1.000000 0.000000
vn 0.000000 -1.000000 -0.000000
vn 0.000000 -1.000000 0.000000
vn 0.000000 -1.000000 0.000000
vn 0.000000 -1.000000 -0.000000
vn 0.000000 -1.000000 -0.000000
vn 0.000000 -1.000000 -0.000000
vn 0.000000 -1.000000 -0.000000
vn 0.000000 -1.000000 0.000000
vn 0.000000 -1.000000 -0.000000
vn 0.000000 -1.000000 -0.000000
vn 0.000000 -1.000000 0.000000
vn 0.000000 -1.000000 -0.000000
vn 0.000000 -1.000000 -0.000000
vn 0.000000 1.000000 0.000001
vn 0.000000 1.000000 0.000000
vn 0.000000 1.000000 0.000000
vn 0.000000 1.000000 -0.000000
vn 0.000000 1.000000 -0.000000
vn 0.000000 1.000000 -0.000001
vn 0.000000 1.000000 0.000000
vn 0.000000 1.000000 0.000000
vn 0.000000 1.000000 0.000001
vn 0.000000 1.000000 0.000001
vn 0.000000 1.000000 0.000000
vn 0.000000 1.000000 0.000001
vn 0.000000 1.000000 0.000000
vn 0.000000 1.000000 0.000000
vn 0.000000 1.000000 0.000000
vn 0.000000 1.000000 -0.000000
vn 0.000000 1.000000 0.000000
vn 0.000000 1.000000 -0.000000
vn 0.000000 1.000000 0.000000
vn 0.000000 1.000000 -0.000000
vn 0.000000 1.000000 -0.000001
vn 0.000000 1.000000 -0.000000
vn 0.000000 1.000000 0.000000
vn 0.000000 1.000000 0.000000
vn 0.000000 1.000000 0.000001
vn 0.890697 -0.263214 0.370644
vn 0.891104 -0.263195 0.369677
vn 0.891445 -0.263179 0.368866
vn 0.000000 -1.000000 -0.000001
vn 0.000000 -1.000000 -0.000000
vn 0.000000 -1.000000 0.000001
vn 0.000000 -1.000000 0.000000
vn 0.000000 -1.000000 0.000001
vn 0.000000 -1.000000 -0.000000
vn 0.000000 -1.000000 -0.000001
vn 0.000000 -1.000000 0.000000
vn 0.000000 -1.000000 0.000000
vn 0.000000 -1.000000 0.000000
vn 0.000000 -1.000000 0.000000
vn 0.000000 -1.000000 0.000000
vn 0.000000 -1.000000 -0.000000
vn 0.000000 -1.000000 -0.000001
vn 0.000000 -1.000000 -0.000001
vn 0.000000 -1.000000 0.000000
vn 0.000000 -1.000000 0.000000
vn 0.000000 -1.000000 -0.000000
vn 0.000000 -1.000000 0.000000
vn 0.000000 -1.000000 0.000000
vn 0.000000 -1.000000 -0.000000
vn 0.000000 1.000000 0.000003
vn 0.000000 1.000000 0.000006
vn 0.000000 1.000000 -0.000004
vn 0.000000 1.000000 -0.000005
vn 0.000000 1.000000 -0.000001
vn 0.000000 1.000000 0.000004
vn 0.000000 1.000000 0.000001
vn 0.000000 1.000000 0.000001
vn 0.000000 1.000000 0.000001
vn 0.000000 1.000000 0.000001
vn 0.000000 1.000000 0.000001
vn 0.000000 1.000000 0.000000
vn 0.000000 1.000000 0.000001
vn 0.000000 1.000000 0.000001
vn 0.000000 1.000000 -0.000002
vn 0.000000 1.000000 -0.000002
vn 0.000000 1.000000 0.000000
vn 0.000000 1.000000 -0.000001
vn 0.000000 1.000000 0.000000
vn 0.000000 1.000000 0.000001
vn 0.707106 0.000000 0.707107
vn 0.707107 0.000000 0.707107
vn 0.707107 0.000000 0.707107
vn -0.249767 0.935539 0.249767
vn -0.249767 0.935538 0.249768
vn -0.707107 0.000000 -0.707106
vn -0.707106 0.000000 -0.707107
vn 0.000000 -1.000000 0.000000
vn 0.000000 -1.000000 0.000000
vn 0.707107 0.000000 0.707106
vn 0.707107 0.000000 0.707107
vn 0.707108 0.000000 0.707106
vn -0.707105 0.000000 -0.707109
vn -0.707107 0.000000 -0.707107
vn -0.707107 0.000000 -0.707107
vn -0.707108 0.000000 0.707106
vn 0.707107 0.000000 0.707107
vn 0.707107 0.000000 0.707106
vn 0.707106 0.000000 0.707107
vn 0.707107 0.000000 0.707107
vn 0.707109 0.000000 0.707105
vn 0.707108 0.000000 0.707106
vn 0.707107 0.000000 0.707106
vn -0.249768 0.935538 0.249768
vn -0.249768 0.935538 0.249768
vn -0.249767 0.935538 0.249769
vn -0.707106 0.000000 -0.707108
vn -0.707107 0.000000 -0.707107
vn -0.707106 0.000000 -0.707107
vn -0.707107 0.000000 -0.707106
vn -0.707107 0.000000 -0.707107
vn -0.707107 0.000000 -0.707106
vn 0.000000 -1.000000 0.000000
vn -0.707106 0.000000 -0.707108
vn -0.707106 0.000000 -0.707108
vn -0.066449 0.995575 0.066448
vn -0.066449 0.995575 0.066448
vn -0.066449 0.995575 0.066448
vn 0.707110 0.000000 -0.707104
vn 0.707109 0.000000 -0.707104
vn -0.707109 0.000000 0.707105
vn -0.066449 0.995575 0.066448
vn -0.066449 0.995575 0.066448
vn 0.192661 -0.962166 -0.192661
vn 0.192658 -0.962167 -0.192660
vn 0.192658 -0.962167 -0.192660
vn 0.192661 -0.962166 -0.192661
vn 0.192664 -0.962165 -0.192661
vn 0.192664 -0.962165 -0.192661
vn 0.707106 0.000000 0.707108
vn 0.707107 0.000000 0.707107
vn 0.707105 0.000000 0.707108
vn 0.707108 0.000000 0.707106
vn -0.249769 0.935538 0.249767
vn -0.707109 0.000000 -0.707105
vn -0.707108 0.000000 -0.707105
vn -0.707109 0.000000 -0.707105
vn -0.707109 0.000000 -0.707105
vn -0.707108 0.000000 -0.707106
vn -0.707108 0.000000 -0.707106
vn 0.962231 0.272234 -0.000001
vn 0.962231 0.272234 -0.000001
vn 0.915136 0.272234 0.297345
vn 0.915136 0.272234 0.297345
vn 0.915136 0.272234 0.297345
vn 0.962231 0.272234 -0.000001
vn 0.778462 0.272234 0.565585
vn 0.778462 0.272234 0.565585
vn 0.778462 0.272234 0.565585
vn 0.565585 0.272233 0.778462
vn 0.565585 0.272233 0.778462
vn 0.565585 0.272233 0.778462
vn 0.297347 0.272232 0.915136
vn 0.297346 0.272232 0.915136
vn 0.297346 0.272232 0.915137
vn -0.000000 0.272232 0.962232
vn -0.000000 0.272232 0.962232
vn -0.000000 0.272232 0.962232
vn -0.297348 0.272233 0.915136
vn -0.297348 0.272233 0.915136
vn -0.297348 0.272233 0.915136
vn -0.565586 0.272235 0.778461
vn -0.565586 0.272235 0.778461
vn -0.565586 0.272235 0.778461
vn -0.778461 0.272235 0.565585
vn -0.778461 0.272235 0.565585
vn -0.915136 0.272234 0.297346
vn -0.915136 0.272234 0.297346
vn -0.915136 0.272234 0.297346
vn -0.961618 0.273322 0.024197
vn -0.961615 0.273319 0.024358
vn -0.961615 0.273319 0.024358
vn -0.938309 0.265942 -0.221023
vn -0.938905 0.266226 -0.218130
vn -0.939526 0.266523 -0.215074
vn -0.971848 0.000000 -0.235610
vn -0.924730 0.000000 -0.380625
vn -0.890401 0.262297 -0.372003
vn -0.891002 0.262258 -0.370588
vn -0.757129 0.269565 -0.595055
vn -0.757345 0.269561 -0.594782
vn -0.757345 0.269561 -0.594782
vn -0.889788 0.262335 -0.373440
vn -0.565585 0.272234 -0.778462
vn -0.565585 0.272234 -0.778461
vn -0.565585 0.272234 -0.778461
vn -0.297347 0.272233 -0.915136
vn -0.297347 0.272233 -0.915136
vn -0.297346 0.272233 -0.915136
vn 0.000000 0.272233 -0.962232
vn 0.000000 0.272233 -0.962232
vn 0.000000 0.272233 -0.962232
vn 0.297347 0.272233 -0.915136
vn 0.297347 0.272233 -0.915136
vn 0.297347 0.272233 -0.915136
vn 0.565585 0.272234 -0.778461
vn 0.565585 0.272234 -0.778461
vn 0.565585 0.272234 -0.778461
vn 0.778461 0.272234 -0.565585
vn 0.778461 0.272234 -0.565586
vn 0.778461 0.272234 -0.565585
vn 0.915136 0.272234 -0.297346
vn 0.915136 0.272234 -0.297346
vn 0.915136 0.272234 -0.297346
vn 0.778461 -0.272235 0.565585
vn 0.778461 -0.272235 0.565585
vn 0.915136 -0.272236 0.297344
vn 0.915136 -0.272236 0.297344
vn 0.915136 -0.272236 0.297345
vn 0.778461 -0.272235 0.565585
vn 0.962231 -0.272235 -0.000001
vn 0.962231 -0.272235 -0.000001
vn 0.962231 -0.272235 -0.000001
vn 0.565585 -0.272235 0.778461
vn 0.565585 -0.272235 0.778461
vn 0.565585 -0.272235 0.778461
vn 0.297345 -0.272235 0.915136
vn 0.297345 -0.272235 0.915136
vn 0.297344 -0.272235 0.915137
vn 0.000000 -0.272235 0.962231
vn 0.000000 -0.272235 0.962231
vn 0.000000 -0.272235 0.962231
vn -0.297346 -0.272235 0.915136
vn -0.297346 -0.272235 0.915136
vn -0.297346 -0.272235 0.915136
vn -0.565585 -0.272236 0.778461
vn -0.778461 -0.272236 0.565585
vn -0.778461 -0.272236 0.565584
vn -0.915136 -0.272236 0.297345
vn -0.915136 -0.272236 0.297345
vn -0.915136 -0.272236 0.297345
vn -0.962125 -0.269749 0.039379
vn -0.962110 -0.269752 0.039723
vn -0.962125 -0.269749 0.039379
vn -0.938282 -0.263192 -0.224401
vn -0.938548 -0.263213 -0.223263
vn -0.938056 -0.263174 -0.225368
vn -0.565585 -0.272236 -0.778461
vn -0.565585 -0.272236 -0.778461
vn -0.755119 -0.269743 -0.597524
vn -0.755333 -0.269740 -0.597254
vn -0.755333 -0.269740 -0.597254
vn -0.565585 -0.272236 -0.778461
vn -0.297346 -0.272235 -0.915136
vn -0.297346 -0.272235 -0.915136
vn -0.297346 -0.272235 -0.915136
vn 0.000000 -0.272235 -0.962231
vn 0.000000 -0.272235 -0.962231
vn 0.000000 -0.272235 -0.962231
vn 0.297346 -0.272235 -0.915136
vn 0.297346 -0.272235 -0.915136
vn 0.297346 -0.272235 -0.915136
vn 0.565585 -0.272236 -0.778461
vn 0.565585 -0.272236 -0.778461
vn 0.565584 -0.272236 -0.778461
vn 0.778461 -0.272236 -0.565585
vn 0.778461 -0.272236 -0.565585
vn 0.778461 -0.272236 -0.565585
vn 0.915136 -0.272235 -0.297346
vn 0.915136 -0.272235 -0.297346
vn 0.915136 -0.272235 -0.297346
vn 0.809017 0.000000 0.587786
vn 0.587785 0.000000 0.809017
vn 0.309017 0.000000 0.951056
vn -0.587785 0.000000 0.809017
vn -0.809017 0.000000 0.587785
vn -0.951057 0.000000 0.309017
vn -0.999441 0.000000 0.033442
vn -0.788908 0.000000 -0.614512
vn -0.000000 0.000000 -1.000000
vn 0.809017 0.000000 -0.587785
vn 0.951056 0.000000 -0.309018
vn 1.000000 0.000000 -0.000002
vn 0.000000 -1.000000 0.000000
vn 0.000000 -1.000000 0.000000
vn 0.000000 -1.000000 -0.000000
vn 0.000000 -1.000000 0.000000
vn 0.000000 -1.000000 -0.000000
vn 0.000000 -1.000000 0.000000
vn 0.000000 -1.000000 -0.000000
vn 0.000000 -1.000000 -0.000000
vn 0.000000 -1.000000 -0.000000
vn 0.000000 -1.000000 -0.000000
vn 0.000000 -1.000000 0.000000
vn 0.000000 -1.000000 -0.000000
vn 0.000000 -1.000000 0.000000
vn 0.000000 -1.000000 -0.000000
vn 0.000000 -1.000000 -0.000000
vn 0.000000 -1.000000 0.000000
vn 0.000000 -1.000000 -0.000000
vn 0.000000 -1.000000 -0.000000
vn 0.000000 -1.000000 0.000000
vn 0.000000 -1.000000 0.000000
vn 0.000000 -1.000000 0.000000
vn 0.000000 -1.000000 0.000000
vn 0.000000 -1.000000 -0.000000
vn 0.000000 -1.000000 0.000000
vn 0.000000 -1.000000 0.000000
vn 0.000000 -1.000000 -0.000000
vn 0.000000 -1.000000 0.000000
vn 0.000000 -1.000000 0.000000
vn 0.000000 1.000000 -0.000001
vn 0.000000 1.000000 -0.000000
vn 0.000000 1.000000 -0.000000
vn 0.000000 1.000000 0.000000
vn 0.000000 1.000000 0.000000
vn 0.000000 1.000000 0.000001
vn 0.000000 1.000000 -0.000000
vn 0.000000 1.000000 -0.000000
vn 0.000000 1.000000 -0.000001
vn 0.000000 1.000000 -0.000001
vn 0.000000 1.000000 -0.000000
vn 0.000000 1.000000 -0.000001
vn 0.000000 1.000000 -0.000000
vn 0.000000 1.000000 -0.000000
vn 0.000000 1.000000 -0.000000
vn 0.000000 1.000000 0.000000
vn 0.000000 1.000000 -0.000000
vn 0.000000 1.000000 0.000000
vn 0.000000 1.000000 -0.000000
vn 0.000000 1.000000 0.000000
vn 0.000000 1.000000 0.000001
vn 0.000000 1.000000 0.000000
vn 0.000000 1.000000 -0.000000
vn 0.000000 1.000000 -0.000000
vn 0.000000 1.000000 -0.000001
vn -0.890697 -0.263214 -0.370644
vn -0.891104 -0.263195 -0.369677
vn -0.891445 -0.263179 -0.368866
vn 0.000000 -1.000000 0.000001
vn 0.000000 -1.000000 0.000000
vn 0.000000 -1.000000 -0.000001
vn 0.000000 -1.000000 -0.000000
vn 0.000000 -1.000000 -0.000001
vn 0.000000 -1.000000 0.000000
vn 0.000000 -1.000000 0.000001
vn 0.000000 -1.000000 -0.000000
vn 0.000000 -1.000000 -0.000000
vn 0.000000 -1.000000 -0.000000
vn 0.000000 -1.000000 -0.000000
vn 0.000000 -1.000000 -0.000000
vn 0.000000 -1.000000 0.000000
vn 0.000000 -1.000000 0.000001
vn 0.000000 -1.000000 0.000001
vn 0.000000 -1.000000 -0.000000
vn 0.000000 -1.000000 -0.000000
vn 0.000000 -1.000000 0.000000
vn 0.000000 -1.000000 -0.000000
vn 0.000000 -1.000000 -0.000000
vn 0.000000 -1.000000 0.000000
vn 0.000000 1.000000 -0.000003
vn 0.000000 1.000000 -0.000006
vn 0.000000 1.000000 0.000004
vn 0.000000 1.000000 0.000005
vn 0.000000 1.000000 0.000001
vn 0.000000 1.000000 -0.000004
vn 0.000000 1.000000 -0.000001
vn 0.000000 1.000000 -0.000001
vn 0.000000 1.000000 -0.000001
vn 0.000000 1.000000 -0.000001
vn 0.000000 1.000000 -0.000001
vn 0.000000 1.000000 -0.000000
vn 0.000000 1.000000 -0.000001
vn 0.000000 1.000000 -0.000001
vn 0.000000 1.000000 0.000002
vn 0.000000 1.000000 0.000002
vn 0.000000 1.000000 -0.000000
vn 0.000000 1.000000 0.000001
vn 0.000000 1.000000 -0.000000
vn 0.000000 1.000000 -0.000001
vn 0.000000 -1.000000 0.000000
vn 0.000000 -1.000000 0.000001
vn 0.000000 -1.000000 0.000001
vn 0.000000 -1.000000 0.000001
vn 0.000000 -1.000000 -0.000000
vn 0.249769 0.935538 -0.249767
vn 0.249768 0.935538 -0.249768
vn 0.249768 0.935538 -0.249768
vn 0.249767 0.935539 -0.249767
vn 0.249767 0.935539 -0.249767
vn 0.000000 -1.000000 -0.000001
vn -0.707106 0.000000 -0.707108
vn -0.707106 0.000000 -0.707107
vn -0.707107 0.000000 -0.707106
vn -0.707107 0.000000 -0.707107
vn -0.707108 0.000000 -0.707106
vn -0.707108 0.000000 -0.707105
vn 0.707107 -0.000001 0.707107
vn 0.707106 -0.000001 0.707107
vn 0.707108 -0.000003 0.707105
vn 0.707108 -0.000003 0.707105
vn 0.707108 -0.000003 0.707105
vn 0.707108 -0.000002 0.707106
vn 0.707108 0.000000 -0.707106
vn -0.707106 0.000000 -0.707107
vn -0.707106 0.000000 -0.707107
vn 0.249767 0.935538 -0.249768
vn 0.249767 0.935539 -0.249768
vn 0.707107 0.000000 0.707106
vn 0.000000 -1.000000 -0.000001
vn -0.707108 0.000000 -0.707106
vn -0.707108 0.000000 -0.707106
vn -0.707106 0.000000 -0.707108
vn -0.707106 0.000000 -0.707108
vn 0.707109 0.000000 0.707105
vn 0.707106 0.000000 0.707108
vn -0.707107 0.000000 -0.707106
vn 0.707109 0.000000 0.707105
vn 0.707107 0.000000 0.707106
vn 0.066449 0.995575 -0.066448
vn 0.066449 0.995575 -0.066448
vn 0.066449 0.995575 -0.066448
vn -0.707110 0.000000 0.707104
vn -0.707109 0.000000 0.707104
vn 0.707109 0.000000 -0.707105
vn 0.066449 0.995575 -0.066448
vn 0.066449 0.995575 -0.066448
vn -0.192661 -0.962166 0.192661
vn -0.192658 -0.962167 0.192660
vn -0.192658 -0.962167 0.192660
vn -0.192661 -0.962166 0.192661
vn -0.192664 -0.962165 0.192661
vn -0.192664 -0.962165 0.192661
vn -0.707106 0.000000 -0.707107
vn 0.707106 0.000000 0.707108
vn 0.707106 0.000000 0.707108
vn 0.707108 0.000000 0.707106
vn 0.000000 -1.000000 0.000000
vn 0.000000 -1.000000 -0.000000
vn 0.000000 -1.000000 0.000000
vn 0.000000 -1.000000 -0.000000
vn 0.000000 -1.000000 -0.000000
vn 0.000000 -1.000000 0.000000
vn 0.000000 -1.000000 -0.000000
vn 0.000000 -1.000000 0.000000
vn 0.000000 -1.000000 -0.000000
vn 0.000000 -1.000000 -0.000000
vn 0.000000 -1.000000 -0.000000
vn 0.000000 -1.000000 -0.000000
vn 0.000000 -1.000000 -0.000000
vn 0.000000 -1.000000 0.000000
vn 0.000000 -1.000000 0.000000
vn 0.000000 -1.000000 0.000000
vn 0.000000 -1.000000 0.000000
vn 0.000000 -1.000000 0.000000
vn 0.000000 -1.000000 -0.000000
vn 0.000000 -1.000000 0.000000
vn 0.000000 -1.000000 0.000000
vn 0.000000 -1.000000 -0.000000
vn 0.000000 -1.000000 0.000000
vn 0.000000 -1.000000 -0.000000
vn 0.000000 1.000000 -0.000001
vn 0.000000 1.000000 -0.000000
vn 0.000000 1.000000 -0.000000
vn 0.000000 1.000000 -0.000000
vn 0.000000 1.000000 -0.000000
vn 0.000000 1.000000 0.000000
vn 0.000000 1.000000 -0.000000
vn 0.000000 1.000000 -0.000000
vn 0.000000 1.000000 -0.000000
vn 0.000000 1.000000 -0.000001
vn 0.000000 1.000000 -0.000000
vn 0.000000 1.000000 -0.000000
vn 0.000000 1.000000 0.000000
vn 0.000000 1.000000 0.000000
vn 0.000000 1.000000 -0.000000
vn 0.000000 1.000000 -0.000000
vn 0.000000 1.000000 -0.000001
vn 0.000000 1.000000 -0.000001
vn 0.000000 1.000000 0.000000
vn 0.000000 1.000000 0.000001
vn 0.000000 1.000000 0.000000
vn 0.000000 1.000000 -0.000001
vn -0.778461 -0.272235 0.565585
vn -0.778461 -0.272235 0.565585
vn -0.915136 -0.272236 0.297345
vn -0.915136 -0.272236 0.297345
vn -0.915136 -0.272236 0.297345
vn -0.778461 -0.272235 0.565585
vn -0.565585 -0.272235 0.778461
vn -0.565585 -0.272235 0.778462
vn -0.565585 -0.272235 0.778461
vn -0.297345 -0.272235 0.915136
vn -0.297344 -0.272235 0.915136
vn -0.297345 -0.272235 0.915136
vn 0.000000 -0.272235 0.962231
vn 0.000000 -0.272235 0.962231
vn 0.000000 -0.272235 0.962231
vn 0.297346 -0.272235 0.915136
vn 0.297346 -0.272235 0.915136
vn 0.297346 -0.272235 0.915136
vn 0.565585 -0.272235 0.778461
vn 0.565585 -0.272235 0.778461
vn 0.565585 -0.272235 0.778461
vn 0.778461 -0.272236 0.565585
vn 0.778461 -0.272236 0.565585
vn 0.778461 -0.272236 0.565585
vn 0.915136 -0.272236 0.297345
vn 0.915136 -0.272236 0.297345
vn 0.915136 -0.272236 0.297345
vn 0.962125 -0.269749 0.039379
vn 0.962125 -0.269749 0.039379
vn 0.962110 -0.269753 0.039723
vn 0.938282 -0.263192 -0.224401
vn 0.938056 -0.263174 -0.225368
vn 0.938548 -0.263214 -0.223263
vn 0.891104 -0.263195 -0.369677
vn 0.891445 -0.263179 -0.368866
vn 0.890697 -0.263214 -0.370645
vn 0.755333 -0.269740 -0.597254
vn 0.755333 -0.269740 -0.597254
vn 0.755119 -0.269743 -0.597524
vn 0.565584 -0.272236 -0.778461
vn 0.565584 -0.272236 -0.778461
vn 0.297345 -0.272235 -0.915136
vn 0.297346 -0.272235 -0.915136
vn 0.297345 -0.272235 -0.915136
vn 0.000000 -0.272235 -0.962231
vn 0.000000 -0.272235 -0.962231
vn -0.297345 -0.272236 -0.915136
vn -0.297346 -0.272235 -0.915136
vn -0.297345 -0.272235 -0.915136
vn -0.565585 -0.272236 -0.778461
vn -0.565584 -0.272236 -0.778461
vn -0.778461 -0.272236 -0.565585
vn -0.778461 -0.272236 -0.565585
vn -0.778461 -0.272236 -0.565585
vn -0.915136 -0.272235 -0.297346
vn -0.915136 -0.272235 -0.297346
vn -0.915136 -0.272235 -0.297346
vn -0.962231 -0.272235 -0.000002
vn -0.962231 -0.272235 -0.000001
vn -0.962231 -0.272235 -0.000001
vn 0.971848 0.000000 -0.235610
vn 0.924730 0.000000 -0.380625
vn 0.999441 0.000000 0.033442
vn 0.809017 0.000000 0.587785
vn 0.587785 0.000000 0.809017
vn 0.309017 0.000000 0.951056
vn -0.000000 0.000000 1.000000
vn -0.309017 0.000000 0.951056
vn -0.587785 0.000000 0.809017
vn -0.809017 0.000000 0.587786
vn -1.000000 0.000000 -0.000001
vn -0.951056 0.000000 -0.309017
vn -0.809017 0.000000 -0.587785
vn -0.587785 0.000000 -0.809017
vn -0.309017 0.000000 -0.951056
vn 0.309017 0.000000 -0.951056
vn 0.788908 0.000000 -0.614512
vn -0.962231 0.272234 -0.000001
vn -0.962231 0.272234 -0.000001
vn -0.915136 0.272234 0.297344
vn -0.915136 0.272235 0.297344
vn -0.915136 0.272234 0.297344
vn -0.962231 0.272234 -0.000001
vn -0.915136 0.272234 -0.297346
vn -0.915136 0.272234 -0.297346
vn -0.915136 0.272234 -0.297346
vn -0.778461 0.272234 -0.565585
vn -0.778461 0.272234 -0.565585
vn -0.778461 0.272234 -0.565585
vn -0.565585 0.272234 -0.778461
vn -0.565585 0.272234 -0.778461
vn -0.297347 0.272233 -0.915136
vn -0.297347 0.272233 -0.915136
vn -0.297347 0.272233 -0.915136
vn -0.000000 0.272233 -0.962231
vn -0.000000 0.272233 -0.962231
vn -0.000000 0.272233 -0.962231
vn 0.297347 0.272233 -0.915136
vn 0.297346 0.272233 -0.915136
vn 0.565585 0.272234 -0.778461
vn 0.565585 0.272234 -0.778461
vn 0.565585 0.272234 -0.778461
vn 0.757345 0.269561 -0.594782
vn 0.757345 0.269561 -0.594781
vn 0.757130 0.269565 -0.595054
vn 0.890401 0.262297 -0.372002
vn 0.889788 0.262335 -0.373440
vn 0.891002 0.262258 -0.370588
vn 0.938905 0.266226 -0.218130
vn 0.939526 0.266523 -0.215074
vn 0.938309 0.265942 -0.221023
vn 0.961615 0.273320 0.024358
vn 0.961615 0.273319 0.024358
vn 0.961618 0.273322 0.024197
vn 0.915136 0.272234 0.297346
vn 0.915136 0.272234 0.297346
vn 0.915136 0.272234 0.297346
vn 0.778461 0.272235 0.565585
vn 0.778461 0.272235 0.565586
vn 0.778461 0.272235 0.565586
vn 0.565585 0.272235 0.778461
vn 0.565585 0.272235 0.778461
vn 0.565585 0.272235 0.778461
vn 0.297348 0.272233 0.915136
vn 0.297347 0.272233 0.915136
vn 0.297348 0.272233 0.915136
vn -0.000000 0.272233 0.962232
vn -0.000000 0.272233 0.962232
vn -0.000000 0.272233 0.962232
vn -0.297347 0.272233 0.915136
vn -0.297346 0.272233 0.915136
vn -0.297347 0.272233 0.915136
vn -0.565585 0.272233 0.778462
vn -0.565585 0.272233 0.778462
vn -0.565585 0.272233 0.778462
vn -0.778462 0.272234 0.565585
vn -0.778462 0.272234 0.565585
vn -0.778462 0.272234 0.565585
vn 0.000000 -1.000000 0.000000
vn 0.000000 -1.000000 -0.000001
vn 0.000000 -1.000000 -0.000001
vn 0.000000 -1.000000 -0.000000
vn 0.000000 -1.000000 0.000000
vn 0.000000 -1.000000 -0.000000
vn 0.000000 -1.000000 -0.000000
vn 0.000000 -1.000000 0.000000
vn 0.000000 -1.000000 0.000001
vn 0.000000 -1.000000 0.000001
vn 0.000000 -1.000000 0.000001
vn 0.000000 -1.000000 -0.000001
vn 0.000000 -1.000000 -0.000001
vn 0.000000 -1.000000 0.000000
vn 0.000000 1.000000 -0.000003
vn 0.000000 1.000000 -0.000006
vn 0.000000 1.000000 -0.000003
vn 0.000000 1.000000 -0.000001
vn 0.000000 1.000000 -0.000001
vn 0.000000 1.000000 -0.000003
vn 0.000000 1.000000 0.000005
vn 0.000000 1.000000 0.000003
vn 0.000000 1.000000 -0.000000
vn 0.000000 1.000000 -0.000000
vn 0.000000 1.000000 0.000002
vn 0.000000 1.000000 0.000001
vn -0.066449 0.995575 -0.066448
vn -0.066449 0.995575 -0.066448
vn -0.066449 0.995575 -0.066448
vn 0.707110 0.000000 0.707104
vn 0.707109 0.000000 0.707104
vn -0.707109 0.000000 -0.707105
vn -0.066449 0.995575 -0.066448
vn -0.066449 0.995575 -0.066448
vn 0.192661 -0.962166 0.192661
vn 0.192661 -0.962166 0.192661
vn 0.192658 -0.962167 0.192659
vn 0.192658 -0.962167 0.192659
vn 0.192664 -0.962165 0.192664
vn 0.192664 -0.962165 0.192664
vn 0.707106 0.000000 -0.707107
vn 0.707107 0.000000 -0.707106
vn -0.707107 0.000000 0.707107
vn -0.707107 0.000000 0.707107
vn -0.707106 0.000000 0.707108
vn -0.707107 0.000000 0.707107
vn -0.707108 0.000000 -0.707106
vn -0.249767 0.935538 -0.249768
vn -0.249767 0.935538 -0.249768
vn -0.249768 0.935538 -0.249767
vn 0.707106 0.000000 -0.707108
vn 0.707107 0.000000 -0.707107
vn 0.707107 0.000000 -0.707106
vn 0.707106 0.000000 -0.707108
vn -0.707108 0.000000 0.707106
vn -0.707108 0.000000 0.707105
vn -0.707108 0.000000 0.707105
vn -0.707108 0.000000 0.707105
vn -0.707108 0.000000 0.707105
vn -0.249769 0.935538 -0.249767
vn 0.707107 0.000000 -0.707107
vn -0.249767 0.935539 -0.249767
vn -0.707106 0.000000 0.707108
vn -0.707106 0.000000 0.707108
vn -0.707106 0.000000 0.707107
vn -0.707105 0.000000 0.707109
vn 0.000000 -1.000000 0.000001
vn 0.707108 0.000000 -0.707105
vn 0.707108 0.000000 -0.707105
vn 0.707108 0.000000 -0.707106
vn -0.707108 0.000000 0.707106
vn -0.707107 0.000000 0.707106
vn 0.054069 -0.998383 -0.017568
vn 0.054069 -0.998383 -0.017568
vn 0.056851 -0.998383 0.000000
vn 0.056851 -0.998383 0.000000
vn 0.045994 -0.998383 -0.033416
vn 0.045994 -0.998383 -0.033416
vn 0.033416 -0.998383 -0.045994
vn 0.033416 -0.998383 -0.045994
vn 0.017568 -0.998383 -0.054069
vn 0.017568 -0.998383 -0.054069
vn -0.000000 -0.998383 -0.056851
vn 0.000000 -0.998383 -0.056851
vn -0.017568 -0.998383 -0.054069
vn -0.017568 -0.998383 -0.054069
vn -0.033416 -0.998383 -0.045994
vn -0.033416 -0.998383 -0.045994
vn -0.045994 -0.998383 -0.033416
vn -0.045994 -0.998383 -0.033416
vn -0.054069 -0.998383 -0.017568
vn -0.054069 -0.998383 -0.017568
vn -0.057036 -0.998372 -0.001029
vn -0.057040 -0.998371 -0.000923
vn -0.057969 -0.998225 0.013643
vn -0.058038 -0.998224 0.013426
vn -0.972135 0.000000 0.234420
vn -0.924263 0.000000 0.381757
vn -0.924406 0.000000 0.381410
vn -0.972047 0.000000 0.234785
vn -0.045510 -0.998334 0.035477
vn -0.055644 -0.998186 0.022990
vn -0.055500 -0.998192 0.023090
vn -0.045379 -0.998332 0.035693
vn -0.033416 -0.998383 0.045994
vn -0.033416 -0.998383 0.045994
vn -0.017568 -0.998383 0.054069
vn -0.017568 -0.998383 0.054069
vn -0.000000 -0.998383 0.056851
vn -0.000000 -0.998383 0.056851
vn 0.017568 -0.998383 0.054069
vn 0.017568 -0.998383 0.054069
vn 0.033416 -0.998383 0.045994
vn 0.033416 -0.998383 0.045994
vn 0.045994 -0.998383 0.033416
vn 0.045994 -0.998383 0.033416
vn 0.054069 -0.998383 0.017568
vn 0.054069 -0.998383 0.017568
vn 0.054069 0.998383 -0.017568
vn 0.054069 0.998383 -0.017568
vn 0.045994 0.998383 -0.033416
vn 0.056851 0.998383 0.000000
vn 0.056851 0.998383 0.000000
vn 0.033416 0.998383 -0.045994
vn 0.033416 0.998383 -0.045994
vn 0.017568 0.998383 -0.054069
vn 0.017568 0.998383 -0.054069
vn 0.000000 0.998383 -0.056851
vn 0.000000 0.998383 -0.056851
vn -0.017568 0.998383 -0.054069
vn -0.017568 0.998383 -0.054069
vn -0.033416 0.998383 -0.045994
vn -0.033416 0.998383 -0.045994
vn -0.045994 0.998383 -0.033416
vn -0.045994 0.998383 -0.033416
vn -0.054069 0.998383 -0.017568
vn -0.054069 0.998383 -0.017568
vn -0.057602 0.998337 -0.002182
vn -0.057625 0.998335 -0.002511
vn -0.058424 0.998190 0.014253
vn -0.058468 0.998192 0.013944
vn -0.045156 0.998335 0.035891
vn -0.045329 0.998337 0.035615
vn -0.033416 0.998383 0.045994
vn -0.033416 0.998383 0.045994
vn -0.017568 0.998383 0.054069
vn -0.017568 0.998383 0.054069
vn 0.000000 0.998383 0.056851
vn 0.000000 0.998383 0.056851
vn 0.017568 0.998383 0.054069
vn 0.017568 0.998383 0.054069
vn 0.033416 0.998383 0.045994
vn 0.033416 0.998383 0.045994
vn 0.045994 0.998383 0.033416
vn 0.045994 0.998383 0.033416
vn 0.054069 0.998383 0.017568
vn 0.054069 0.998383 0.017568
vn 0.951057 0.000000 -0.309016
vn 0.809017 0.000000 -0.587785
vn 0.809017 0.000000 -0.587785
vn 0.951057 0.000000 -0.309016
vn 0.587785 0.000000 -0.809017
vn 0.309017 0.000000 -0.951057
vn 0.309017 0.000000 -0.951057
vn -0.309017 0.000000 -0.951056
vn -0.587785 0.000000 -0.809017
vn -0.809017 0.000000 -0.587785
vn -0.809017 0.000000 -0.587785
vn -0.951057 -0.000009 -0.309017
vn -0.951057 -0.000000 -0.309017
vn -0.999358 -0.000011 -0.035833
vn -0.999384 -0.000000 -0.035086
vn -0.787435 0.000000 0.616397
vn -0.787896 0.000000 0.615809
vn -0.587785 0.000000 0.809017
vn -0.587785 0.000000 0.809017
vn -0.309017 0.000000 0.951056
vn -0.309017 0.000000 0.951057
vn 0.000000 0.000000 1.000000
vn 0.000000 -0.000000 1.000000
vn 0.309017 0.000000 0.951056
vn 0.587785 0.000000 0.809017
vn 0.587785 0.000000 0.809017
vn 0.809017 0.000000 0.587785
vn 0.809017 0.000000 0.587785
vn 0.951057 0.000000 0.309017
vn 0.951056 0.000000 0.309017
vn 1.000000 0.000000 0.000001
vn 1.000000 0.000000 0.000001
vn 0.000000 1.000000 0.000000
vn 0.000000 1.000000 0.000000
vn 0.000000 1.000000 0.000000
vn 0.000000 1.000000 0.000000
vn 0.000000 -1.000000 0.000000
vn 0.000000 -1.000000 -0.000000
vn 0.000000 -1.000000 0.000000
vn 0.000000 -1.000000 -0.000000
vn 0.000000 -1.000000 -0.000000
vn 0.000000 -1.000000 -0.000000
vn 0.000000 -1.000000 -0.000000
vn 0.000000 -1.000000 0.000000
vn 0.000000 -1.000000 0.000000
vn 0.000000 -1.000000 0.000000
vn 0.000000 -1.000000 -0.000000
vn 0.000000 -1.000000 -0.000000
vn 0.000000 -1.000000 -0.000000
vn 0.000000 -1.000000 -0.000000
vn 0.000000 -1.000000 -0.000000
vn 0.000000 -1.000000 -0.000000
vn 0.000000 -1.000000 -0.000000
vn 0.000000 -1.000000 -0.000000
vn 0.000000 -1.000000 -0.000000
vn 0.000000 -1.000000 -0.000000
vn 0.000000 -1.000000 -0.000000
vn -0.055512 0.998192 0.023044
vn -0.055651 0.998190 0.022787
vn -0.972057 0.000000 0.234746
vn -0.924391 0.000000 0.381447
vn -0.924263 0.000000 0.381757
vn -0.972135 0.000000 0.234420
vn -0.999382 0.000001 -0.035164
vn -0.999358 0.000000 -0.035833
vn -0.951057 0.000001 -0.309017
vn -0.951057 0.000000 -0.309017
vn -0.809017 0.000000 -0.587785
vn -0.809017 0.000000 -0.587785
vn -0.587785 0.000000 -0.809017
vn -0.587785 0.000000 -0.809017
vn 0.309017 0.000000 -0.951057
vn 0.587785 0.000000 -0.809017
vn 0.587785 0.000000 -0.809017
vn 0.809017 0.000000 -0.587785
vn 0.809017 0.000000 -0.587786
vn 0.951057 0.000000 -0.309016
vn 0.951057 0.000000 -0.309016
vn 1.000000 0.000000 0.000001
vn 1.000000 0.000000 0.000001
vn 0.951056 0.000000 0.309017
vn 0.951057 0.000000 0.309017
vn 0.809017 0.000000 0.587785
vn 0.809017 0.000000 0.587785
vn 0.587785 0.000000 0.809017
vn 0.587785 0.000000 0.809017
vn 0.309017 -0.000000 0.951056
vn 0.309017 0.000000 0.951056
vn 0.000000 -0.000000 1.000000
vn -0.587785 0.000000 0.809017
vn -0.787847 0.000000 0.615871
vn -0.787435 0.000000 0.616397
vn 0.045994 0.998383 -0.033416
vn 0.054069 0.998383 -0.017568
vn 0.054069 0.998383 -0.017568
vn 0.045994 0.998383 -0.033416
vn 0.033416 0.998383 -0.045994
vn 0.033416 0.998383 -0.045994
vn 0.017568 0.998383 -0.054069
vn 0.017568 0.998383 -0.054069
vn 0.000000 0.998383 -0.056852
vn 0.000000 0.998383 -0.056852
vn -0.017568 0.998383 -0.054069
vn -0.017568 0.998383 -0.054069
vn -0.033416 0.998383 -0.045994
vn -0.033416 0.998383 -0.045994
vn -0.045994 0.998383 -0.033416
vn -0.045994 0.998383 -0.033416
vn -0.054069 0.998383 -0.017568
vn -0.054069 0.998383 -0.017568
vn -0.057560 0.998341 -0.001705
vn -0.057548 0.998342 -0.001379
vn -0.058365 0.998188 0.014599
vn -0.058331 0.998187 0.014864
vn -0.055805 0.998188 0.022487
vn -0.055928 0.998187 0.022265
vn -0.045571 0.998340 0.035209
vn -0.045751 0.998342 0.034942
vn -0.033416 0.998383 0.045994
vn -0.033416 0.998383 0.045994
vn -0.017568 0.998383 0.054069
vn -0.017568 0.998383 0.054069
vn 0.000000 0.998383 0.056851
vn -0.000000 0.998383 0.056851
vn 0.017568 0.998383 0.054069
vn 0.017568 0.998383 0.054069
vn 0.033416 0.998383 0.045994
vn 0.033416 0.998383 0.045994
vn 0.045994 0.998383 0.033416
vn 0.045994 0.998383 0.033416
vn 0.054069 0.998383 0.017568
vn 0.054069 0.998383 0.017568
vn 0.056851 0.998383 0.000000
vn 0.056851 0.998383 0.000000
vn 0.056851 -0.998383 0.000000
vn 0.054069 -0.998383 -0.017568
vn 0.054069 -0.998383 -0.017568
vn 0.056851 -0.998383 0.000000
vn 0.054069 -0.998383 0.017568
vn 0.054069 -0.998383 0.017568
vn 0.045994 -0.998383 0.033416
vn 0.045994 -0.998383 0.033416
vn 0.033416 -0.998383 0.045994
vn 0.033416 -0.998383 0.045994
vn 0.017568 -0.998383 0.054069
vn 0.017568 -0.998383 0.054069
vn 0.000000 -0.998383 0.056852
vn 0.000000 -0.998383 0.056851
vn -0.017568 -0.998383 0.054069
vn -0.017568 -0.998383 0.054069
vn -0.033416 -0.998383 0.045994
vn -0.033416 -0.998383 0.045994
vn -0.045835 -0.998337 0.034958
vn -0.045679 -0.998336 0.035189
vn -0.056070 -0.998172 0.022561
vn -0.055936 -0.998177 0.022689
vn -0.057929 -0.998220 0.014179
vn -0.057880 -0.998221 0.014280
vn -0.057029 -0.998372 -0.001112
vn -0.057030 -0.998372 -0.001142
vn -0.054069 -0.998383 -0.017568
vn -0.054069 -0.998383 -0.017568
vn -0.045994 -0.998383 -0.033416
vn -0.045994 -0.998383 -0.033416
vn -0.033416 -0.998383 -0.045994
vn -0.033416 -0.998383 -0.045994
vn -0.017568 -0.998383 -0.054069
vn -0.017568 -0.998383 -0.054069
vn -0.000000 -0.998383 -0.056851
vn -0.000000 -0.998383 -0.056851
vn 0.017568 -0.998383 -0.054069
vn 0.017568 -0.998383 -0.054069
vn 0.033416 -0.998383 -0.045994
vn 0.033416 -0.998383 -0.045994
vn 0.045994 -0.998383 -0.033416
vn 0.045994 -0.998383 -0.033416
vn -0.002362 -0.000000 0.999997
vn 0.000000 0.136349 0.990661
vn -0.002295 0.136253 0.990671
vn 0.002326 -0.000000 -0.999997
vn -0.002326 0.000000 -0.999997
vn -0.002260 0.136254 -0.990671
vn 0.002260 0.136254 -0.990671
vn 0.999997 0.000000 0.002369
vn 0.999997 0.000000 -0.002368
vn 0.990950 0.134214 -0.002310
vn 0.990950 0.134214 0.002310
vn -0.999997 0.000000 -0.002369
vn -0.999997 0.000000 0.002368
vn -0.990950 0.134214 0.002310
vn -0.990950 0.134214 -0.002310
vn -0.989370 0.000000 0.145419
vn -0.980883 0.130933 0.143962
vn -0.957423 0.000000 0.288687
vn -0.949241 0.130452 0.286223
vn -0.904033 0.000000 0.427462
vn -0.896293 0.130572 0.423805
vn -0.829142 0.000000 0.559037
vn -0.829142 0.000000 0.559037
vn -0.822025 0.130728 0.554243
vn -0.733000 -0.000000 0.680229
vn -0.733000 -0.000000 0.680229
vn -0.726690 0.130907 0.674377
vn -0.616455 -0.000000 0.787390
vn -0.611133 0.131093 0.780596
vn -0.481283 -0.000000 0.876565
vn -0.481283 -0.000000 0.876565
vn -0.477116 0.131268 0.868981
vn -0.330458 0.000000 0.943821
vn -0.330458 0.000000 0.943821
vn -0.327591 0.131411 0.935636
vn -0.168240 0.000000 0.985746
vn -0.168240 0.000000 0.985746
vn -0.166478 0.132184 0.977145
vn 0.054171 0.000000 0.998532
vn 0.168239 0.000000 0.985746
vn 0.168239 0.000000 0.985746
vn 0.166477 0.132184 0.977145
vn 0.053295 0.133993 0.989548
vn 0.330458 0.000000 0.943821
vn 0.330458 0.000000 0.943821
vn 0.327591 0.131411 0.935636
vn 0.481283 -0.000000 0.876565
vn 0.481283 -0.000000 0.876565
vn 0.477116 0.131268 0.868981
vn 0.616455 -0.000000 0.787390
vn 0.611133 0.131093 0.780596
vn 0.733000 0.000000 0.680229
vn 0.733000 0.000000 0.680229
vn 0.726690 0.130907 0.674377
vn 0.829142 0.000000 0.559037
vn 0.829142 0.000000 0.559037
vn 0.822025 0.130727 0.554242
vn 0.904033 0.000000 0.427462
vn 0.896293 0.130572 0.423805
vn 0.957423 0.000000 0.288687
vn 0.949241 0.130452 0.286223
vn 0.989370 0.000000 0.145419
vn 0.980883 0.130933 0.143961
vn -0.989370 0.000000 -0.145419
vn -0.980883 0.130933 -0.143961
vn -0.957423 0.000000 -0.288687
vn -0.957423 0.000000 -0.288687
vn -0.949241 0.130452 -0.286223
vn -0.904033 0.000000 -0.427462
vn -0.896293 0.130572 -0.423805
vn -0.829142 0.000000 -0.559038
vn -0.829142 0.000000 -0.559038
vn -0.822025 0.130727 -0.554243
vn -0.733000 0.000000 -0.680228
vn -0.726690 0.130907 -0.674377
vn -0.616455 0.000000 -0.787390
vn -0.611133 0.131093 -0.780596
vn -0.481282 0.000000 -0.876566
vn -0.477116 0.131268 -0.868982
vn -0.330458 0.000000 -0.943821
vn -0.327591 0.131411 -0.935636
vn -0.168240 0.000000 -0.985746
vn -0.168240 0.000000 -0.985746
vn -0.166478 0.132184 -0.977145
vn 0.168240 -0.000000 -0.985746
vn 0.168240 -0.000000 -0.985746
vn 0.166478 0.132184 -0.977145
vn 0.330458 0.000000 -0.943821
vn 0.327591 0.131411 -0.935636
vn 0.481282 0.000000 -0.876566
vn 0.477116 0.131268 -0.868982
vn 0.616455 0.000000 -0.787390
vn 0.611133 0.131093 -0.780596
vn 0.733000 -0.000000 -0.680228
vn 0.726690 0.130907 -0.674377
vn 0.829142 -0.000000 -0.559038
vn 0.829142 -0.000000 -0.559038
vn 0.822025 0.130727 -0.554243
vn 0.904033 0.000000 -0.427463
vn 0.896292 0.130572 -0.423806
vn 0.957423 0.000000 -0.288688
vn 0.949241 0.130453 -0.286223
vn 0.989370 0.000000 -0.145420
vn 0.980883 0.130933 -0.143962
vn 0.000000 -1.000000 0.000000
vn 0.000000 -1.000000 0.000000
vn 0.939817 0.312740 -0.137614
vn 0.909316 0.313028 -0.274149
vn 0.909327 0.313028 -0.274113
vn 0.939820 0.312740 -0.137595
vn 0.858484 0.313484 -0.405874
vn 0.858506 0.313484 -0.405826
vn 0.787217 0.314080 -0.530700
vn 0.787254 0.314080 -0.530646
vn 0.695785 0.314768 -0.645604
vn 0.695834 0.314768 -0.645551
vn 0.585025 0.315487 -0.747137
vn 0.585082 0.315487 -0.747092
vn 0.456647 0.316164 -0.831573
vn 0.456704 0.316164 -0.831542
vn 0.313488 0.316722 -0.895216
vn 0.313534 0.316722 -0.895200
vn 0.158898 0.317091 -0.934989
vn 0.158924 0.317090 -0.934985
vn 0.002103 0.316253 -0.948672
vn 0.002104 0.316253 -0.948672
vn -0.002103 0.316253 -0.948672
vn -0.002104 0.316253 -0.948672
vn -0.158898 0.317090 -0.934989
vn -0.158924 0.317090 -0.934985
vn -0.313488 0.316722 -0.895216
vn -0.313534 0.316722 -0.895200
vn -0.456647 0.316164 -0.831573
vn -0.456704 0.316164 -0.831542
vn -0.585025 0.315487 -0.747137
vn -0.585082 0.315487 -0.747092
vn -0.695785 0.314768 -0.645604
vn -0.695834 0.314768 -0.645551
vn -0.787217 0.314080 -0.530700
vn -0.787254 0.314079 -0.530646
vn -0.858484 0.313484 -0.405873
vn -0.858507 0.313484 -0.405825
vn -0.909317 0.313027 -0.274148
vn -0.909327 0.313027 -0.274112
vn -0.939817 0.312739 -0.137614
vn -0.939820 0.312739 -0.137595
vn -0.950115 0.311894 -0.002163
vn -0.950115 0.311894 -0.002163
vn -0.950115 0.311894 0.002163
vn -0.950115 0.311894 0.002163
vn -0.939817 0.312739 0.137614
vn -0.939820 0.312739 0.137595
vn -0.909317 0.313027 0.274148
vn -0.909327 0.313027 0.274112
vn -0.858484 0.313484 0.405873
vn -0.858507 0.313484 0.405825
vn -0.787217 0.314080 0.530700
vn -0.787254 0.314080 0.530646
vn -0.695785 0.314768 0.645604
vn -0.695834 0.314768 0.645551
vn -0.585025 0.315487 0.747137
vn -0.585082 0.315487 0.747092
vn -0.456647 0.316164 0.831573
vn -0.456704 0.316164 0.831542
vn -0.313488 0.316722 0.895216
vn -0.313534 0.316722 0.895200
vn -0.158898 0.317091 0.934989
vn -0.158924 0.317090 0.934985
vn -0.002136 0.316254 0.948672
vn -0.002137 0.316254 0.948672
vn 0.000000 0.316228 0.948683
vn 0.050475 0.316446 0.947267
vn 0.158898 0.317090 0.934989
vn 0.158924 0.317090 0.934985
vn 0.050478 0.316446 0.947266
vn 0.313488 0.316722 0.895216
vn 0.313534 0.316722 0.895200
vn 0.456647 0.316164 0.831573
vn 0.456704 0.316164 0.831542
vn 0.585025 0.315487 0.747137
vn 0.585082 0.315487 0.747092
vn 0.695785 0.314768 0.645604
vn 0.695834 0.314768 0.645551
vn 0.787217 0.314080 0.530700
vn 0.787254 0.314079 0.530646
vn 0.858484 0.313484 0.405873
vn 0.858507 0.313484 0.405825
vn 0.909317 0.313027 0.274148
vn 0.909327 0.313027 0.274112
vn 0.939817 0.312739 0.137614
vn 0.939820 0.312739 0.137595
vn 0.950115 0.311894 0.002163
vn 0.950115 0.311894 0.002163
vn 0.950115 0.311894 -0.002163
vn 0.950115 0.311894 -0.002163
vn 0.000000 0.062097 0.998070
vn 0.000000 0.062097 0.998070
vn 0.000000 0.999546 0.030127
vn 0.000000 0.999546 0.030127
vn 0.000000 0.999546 -0.030127
vn 0.000000 0.999546 -0.030127
vn 0.000000 0.062097 -0.998070
vn 0.000000 0.062097 -0.998070
vn 0.000000 0.923880 0.382683
vn 0.000000 0.707107 0.707107
vn 0.000000 0.382683 0.923880
vn 0.000000 0.382683 -0.923880
vn 0.000000 0.707107 -0.707107
vn 0.000000 0.923880 -0.382683
vn 0.000000 0.062097 0.998070
vn 0.000000 0.382683 0.923880
vn 0.000000 0.999546 0.030127
vn 0.000000 0.923880 0.382683
vn 0.000000 0.999546 0.030127
vn 0.000000 0.999546 -0.030127
vn 0.000000 0.999546 -0.030127
vn 0.000000 0.707107 -0.707106
vn 0.000000 0.923880 -0.382683
vn 0.000000 0.382683 -0.923880
vn 0.000000 0.062097 -0.998070
vn -0.999434 0.032519 -0.008670
vn -0.999863 0.015995 -0.004278
vn -0.999950 0.009064 -0.004279
vn -0.999794 0.018373 -0.008673
vn -1.000000 -0.000894 0.000002
vn -1.000000 -0.000851 0.000002
vn -1.000000 -0.000000 0.000000
vn -1.000000 0.000000 0.000000
vn -0.000647 0.999999 0.001196
vn -0.004877 0.999987 0.001589
vn -0.004092 0.999990 0.001722
vn -0.001611 0.999998 0.001264
vn 0.793423 -0.566024 0.223822
vn 0.880042 -0.419772 0.222077
vn 0.953001 -0.278594 0.119054
vn 0.909621 -0.369993 0.188931
vn 0.875552 -0.324405 0.358009
vn 0.859118 -0.255359 0.443518
vn 0.918474 -0.054409 -0.391720
vn 0.969661 -0.054400 -0.238322
vn 0.907579 -0.362238 -0.212328
vn 0.884895 -0.294278 -0.361056
vn 0.773755 -0.605559 -0.186018
vn 0.789774 -0.573536 -0.217518
vn 0.916504 -0.053180 0.396474
vn 0.866026 -0.039914 0.498404
vn 0.873219 -0.466361 -0.141409
vn 0.933285 -0.332625 -0.135427
vn 0.866134 -0.480205 0.138621
vn 0.873570 -0.485976 0.026504
vn 0.776638 -0.629776 0.014693
vn 0.770476 -0.612281 0.177423
vn 0.879973 -0.459105 0.121942
vn 0.998587 -0.052931 -0.004796
vn 0.968799 -0.054238 0.241841
vn 0.930065 -0.291484 0.223643
vn 0.929335 -0.369236 0.001393
vn 0.000082 1.000000 0.000114
vn 0.000054 1.000000 0.000149
vn 0.004303 0.975650 -0.219289
vn 0.000010 0.981706 -0.190405
vn 0.513485 -0.193808 0.835926
vn 0.559530 -0.150558 0.815021
vn 0.058039 -0.020635 0.998101
vn 0.061170 -0.033260 0.997573
vn 0.527810 -0.035314 0.848628
vn 0.052223 -0.006372 0.998615
vn 0.063831 -0.023116 -0.997693
vn 0.056507 -0.014779 -0.998293
vn 0.565175 -0.147525 -0.811673
vn 0.529164 -0.184062 -0.828316
vn 0.048105 -0.002264 -0.998840
vn 0.527972 -0.035275 -0.848529
vn 0.045434 0.252648 -0.966491
vn 0.527466 0.276027 -0.803486
vn 0.528468 0.260861 0.807882
vn 0.043335 0.251505 0.966886
vn 0.046042 -0.000221 0.998939
vn 0.003443 -0.009201 0.999952
vn 0.001654 -0.004420 0.999989
vn -0.000000 0.000000 -1.000000
vn -0.000007 0.298004 -0.954565
vn -0.000000 0.000000 -1.000000
vn 0.000000 -0.000000 1.000000
vn -0.000038 0.299121 0.954215
vn 0.000000 0.000000 1.000000
vn 0.901750 -0.316120 0.294814
vn 0.943009 -0.260324 0.207281
vn 0.890738 -0.399447 -0.216859
vn 0.968502 -0.219591 -0.117404
vn 0.935507 -0.216382 -0.279295
vn 0.902433 -0.291834 -0.316935
vn 0.820701 0.016452 -0.571121
vn 0.867469 -0.041311 -0.495772
vn 0.857166 -0.270909 -0.438035
vn 0.846883 -0.155508 -0.508534
vn 0.733991 0.547190 0.402293
vn 0.847004 -0.155928 0.508203
vn 0.290474 0.956733 -0.016929
vn 0.312088 0.949879 -0.018183
vn -0.014075 0.999896 0.003004
vn 0.004321 0.999990 0.001397
vn 0.002244 0.999997 0.001243
vn -0.014838 0.999888 0.001917
vn 0.313571 0.949306 0.022158
vn -0.000046 0.985534 0.169476
vn 0.003468 0.978016 0.208500
vn 0.000232 1.000000 0.000019
vn 0.000130 1.000000 -0.000013
vn 0.476231 0.878857 -0.028550
vn 0.385623 0.915529 -0.114464
vn 0.064813 0.976593 -0.205097
vn -0.999987 -0.005163 0.000010
vn -0.999987 -0.005127 0.000010
vn 0.386751 0.917153 0.096196
vn 0.504720 0.862602 0.034280
vn 0.051510 0.982746 0.177641
vn -0.999989 -0.004664 0.000010
vn -1.000000 -0.000782 0.000002
vn -1.000000 -0.000742 0.000002
vn -0.999988 -0.004863 0.000021
vn -1.000000 -0.000924 0.000004
vn -1.000000 -0.000903 0.000002
vn -0.999989 -0.004753 0.000011
vn -0.000200 1.000000 0.000323
vn 0.000757 1.000000 0.000249
vn -1.000000 -0.000000 0.000000
vn -1.000000 0.000000 0.000000
vn -0.999919 0.011940 0.004300
vn -0.999854 0.016606 0.004136
vn -0.999669 0.024200 0.008716
vn -0.999394 0.033770 0.008376
vn 0.777470 -0.628545 -0.021741
vn 0.873014 -0.486261 -0.037391
vn 0.936057 -0.351694 -0.010383
vn 0.998565 -0.052845 -0.008628
vn -0.001345 0.999998 0.001332
vn -0.001740 0.999997 0.001538
vn -0.011055 0.999938 0.001596
vn -0.009536 0.999954 0.001176
vn 0.344027 0.938942 -0.005836
vn 0.345148 0.938523 0.006945
vn 0.568401 0.822631 -0.014077
vn 0.559463 0.828758 0.012721
vn 0.000570 1.000000 0.000218
vn 0.000625 1.000000 0.000221
vn 0.000237 1.000000 0.000066
vn 0.000813 1.000000 0.000114
vn 0.000121 1.000000 -0.000007
vn 0.000121 1.000000 -0.000007
vn 0.000133 1.000000 0.000035
vn -0.999988 -0.004977 0.000020
vn -1.000000 -0.000914 0.000004
vn -1.000000 0.000000 0.000000
vn -1.000000 0.000000 0.000000
vn -0.999572 0.029197 -0.001718
vn -0.999522 0.030888 0.001157
vn -0.997903 0.064725 0.000000
vn -0.998041 0.062526 0.002342
vn -0.998243 0.059153 -0.003453
vn 0.000336 1.000000 0.000307
vn 0.000336 1.000000 0.000307
vn -0.998308 0.057654 0.007525
vn 0.999434 0.032517 -0.008670
vn 0.999794 0.018371 -0.008673
vn 0.999950 0.009064 -0.004279
vn 0.999863 0.015995 -0.004278
vn 1.000000 0.000001 0.000000
vn 1.000000 0.000001 0.000000
vn 0.000647 0.999999 0.001196
vn -0.844141 0.234026 -0.482346
vn -0.903159 0.189551 -0.385194
vn -0.945033 0.230248 -0.232158
vn -0.800388 -0.560423 0.212850
vn -0.926149 -0.348367 0.144528
vn -0.972426 -0.207457 0.106536
vn -0.892886 -0.394657 0.216796
vn -0.875552 -0.324405 0.358009
vn -0.859118 -0.255360 0.443518
vn -0.907579 -0.362239 -0.212328
vn -0.884895 -0.294279 -0.361056
vn -0.789774 -0.573536 -0.217518
vn -0.773755 -0.605558 -0.186018
vn -0.933285 -0.332623 -0.135427
vn -0.873220 -0.466359 -0.141409
vn -0.589006 -0.212037 0.779815
vn -0.083656 -0.037124 0.995803
vn -0.066738 -0.022095 0.997526
vn -0.571268 -0.151960 0.806574
vn -0.052223 -0.006372 0.998615
vn -0.527810 -0.035314 0.848628
vn -0.079602 -0.048038 -0.995669
vn -0.542883 -0.214639 -0.811916
vn -0.544609 -0.148314 -0.825472
vn -0.068553 -0.029197 -0.997220
vn -0.527972 -0.035276 -0.848529
vn -0.048105 -0.002264 -0.998840
vn -0.958322 -0.192737 0.210883
vn -0.907179 -0.288742 0.306030
vn -0.890738 -0.399447 -0.216859
vn -0.907338 -0.288236 -0.306037
vn -0.949113 -0.199635 -0.243579
vn -0.968503 -0.219588 -0.117404
vn -0.857166 -0.270909 -0.438035
vn -0.846883 -0.155509 -0.508534
vn -0.847004 -0.155929 0.508203
vn -0.312088 0.949879 -0.018183
vn -0.772923 0.442540 -0.454696
vn -0.960826 0.029626 0.275565
vn -0.892498 0.229275 0.388434
vn -0.816813 0.334319 0.470156
vn -0.004803 0.999987 0.001429
vn -0.745115 0.520352 0.417177
vn -0.313077 0.949444 0.023216
vn -0.004303 0.975650 -0.219289
vn -0.064813 0.976593 -0.205097
vn 0.000200 1.000000 0.000323
vn -0.000054 1.000000 0.000149
vn -0.003190 0.981509 0.191391
vn -0.000204 1.000000 -0.000240
vn -0.001742 0.999999 -0.000171
vn -0.050301 0.983596 0.173229
vn -0.762386 -0.616054 0.198105
vn -0.925696 -0.276783 0.257835
vn -0.878295 -0.458614 0.135171
vn 0.999919 0.011940 0.004300
vn 0.999863 0.015995 0.004300
vn 1.000000 0.000001 -0.000000
vn 1.000000 0.000001 -0.000000
vn 0.999669 0.024198 0.008716
vn 0.999433 0.032520 0.008714
vn -0.502587 0.863740 0.036867
vn -0.378432 0.920331 0.098895
vn -0.385623 0.915529 -0.114464
vn -0.476231 0.878857 -0.028550
vn -0.001658 -0.004431 -0.999989
vn -0.003452 -0.009226 -0.999951
vn 0.000000 0.000000 -1.000000
vn -0.000082 1.000000 0.000114
vn -0.000010 0.981706 -0.190405
vn 0.000044 0.987388 0.158318
vn -0.000074 1.000000 -0.000214
vn 0.000000 -0.000000 1.000000
vn 0.000000 -0.000000 1.000000
vn -0.000000 0.000000 1.000000
vn -0.528468 0.260861 0.807882
vn -0.043335 0.251505 0.966885
vn 0.000038 0.299122 0.954215
vn 0.999989 -0.004682 0.000010
vn 0.999989 -0.004662 0.000010
vn 1.000000 -0.000767 0.000002
vn 1.000000 -0.000818 0.000002
vn 0.999987 -0.005163 0.000010
vn 0.999987 -0.005127 0.000010
vn 1.000000 -0.000894 0.000002
vn 1.000000 -0.000850 0.000002
vn 0.000007 0.298004 -0.954565
vn -0.045434 0.252648 -0.966491
vn -0.527466 0.276027 -0.803486
vn 0.000000 0.000000 1.000000
vn -0.046042 -0.000221 0.998939
vn -0.778318 -0.627697 0.014745
vn -0.777831 -0.628132 -0.020715
vn -0.873073 -0.486282 -0.035672
vn -0.872531 -0.487421 0.033316
vn -0.929628 -0.368496 0.001539
vn -0.935860 -0.352234 -0.009870
vn -0.968323 0.249586 -0.007632
vn -0.959988 0.280010 -0.004075
vn 0.001386 0.999998 0.001332
vn 0.001380 0.999998 0.001478
vn -0.343549 0.939113 0.006457
vn -0.343869 0.939001 -0.005559
vn -0.561424 0.827441 0.012032
vn -0.566942 0.823646 -0.013544
vn -0.000248 1.000000 0.000323
vn -0.000403 1.000000 0.000241
vn -0.000306 1.000000 0.000108
vn -0.000240 1.000000 0.000194
vn -0.000319 1.000000 0.000098
vn -0.000262 1.000000 0.000165
vn 1.000000 -0.000914 0.000004
vn 0.999988 -0.004969 0.000020
vn 0.999988 -0.004865 0.000022
vn 1.000000 -0.000903 0.000004
vn 1.000000 0.000001 0.000000
vn 1.000000 0.000001 0.000000
vn 0.999569 0.029295 -0.001657
vn 0.999522 0.030888 0.001157
vn 0.998232 0.059349 -0.003330
vn 0.998040 0.062543 0.002321
vn 0.997903 0.064723 0.000000
vn 0.951057 0.309016 -0.000000
vn 0.809017 0.587785 -0.000000
vn 0.587784 0.809018 -0.000000
vn 0.309017 0.951057 -0.000000
vn 0.156434 0.987688 -0.000000
vn 0.156434 0.987688 -0.000000
vn -0.173340 0.984862 -0.000000
vn -0.173340 0.984862 -0.000000
vn -0.309017 0.951056 -0.000000
vn -0.309017 0.951056 -0.000000
vn -0.309017 0.951056 -0.000000
vn -0.438653 0.898657 -0.000000
vn -0.707108 0.707105 -0.000000
vn -0.707107 0.707106 -0.000000
vn -0.846966 0.531648 -0.000000
vn -0.846966 0.531648 -0.000000
vn -0.951056 0.309017 -0.000000
vn -0.987688 0.156434 -0.000000
vn -0.951056 -0.309017 0.000000
vn -0.809017 -0.587786 0.000000
vn -0.587785 -0.809017 0.000000
vn -0.309017 -0.951056 0.000000
vn 0.000000 -1.000000 0.000000
vn 0.309017 -0.951056 0.000000
vn 0.587785 -0.809017 0.000000
vn 0.809017 -0.587785 0.000000
vn 0.951057 -0.309017 0.000000
vn 1.000000 -0.000001 0.000000
vn 0.000000 0.000000 1.000000
vn 0.000000 -0.000000 1.000000
vn 0.000000 0.000000 1.000000
vn 0.000000 0.000000 1.000000
vn 0.000000 0.000000 1.000000
vn 0.000000 0.000000 1.000000
vn 0.000000 0.000000 1.000000
vn 0.000000 0.000000 1.000000
vn 0.000000 -0.000000 1.000000
vn 0.000000 0.000000 1.000000
vn 0.000000 0.000000 1.000000
vn 0.000000 -0.000000 -1.000000
vn 0.000000 -0.000000 -1.000000
vn 0.000000 -0.000000 -1.000000
vn 0.000000 -0.000000 -1.000000
vn 0.000000 -0.000000 -1.000000
vn 0.000000 -0.000000 -1.000000
vn 0.003323 0.037624 -0.999286
vn 0.004007 0.045373 -0.998962
vn 0.003404 0.038536 -0.999251
vn 0.000000 0.000000 -1.000000
vn 0.000000 0.000000 -1.000000
vn 0.000000 0.000000 -1.000000
vn 0.000000 -0.000000 -1.000000
vn 0.000000 -0.000000 -1.000000
vn 0.000000 -0.000000 -1.000000
vn -0.951056 0.309017 0.000000
vn -0.809017 0.587785 0.000000
vn -0.951057 -0.309016 0.000000
vn -1.000000 0.000001 0.000000
vn -0.587784 0.809018 -0.000000
vn -0.309016 0.951057 -0.000000
vn -0.000000 1.000000 -0.000000
vn -0.809017 -0.587785 0.000000
vn -0.136841 -0.990593 0.000000
vn -0.309016 -0.951057 -0.000000
vn -0.309016 -0.951057 -0.000000
vn -0.587785 -0.809017 0.000000
vn -0.587785 -0.809017 0.000000
vn 0.309016 0.951057 -0.000000
vn 0.587784 0.809018 -0.000000
vn 0.809017 0.587786 -0.000000
vn 0.951057 0.309017 -0.000000
vn 1.000000 -0.000000 -0.000000
vn 0.987689 -0.156433 0.000000
vn 0.987689 -0.156433 0.000000
vn 0.707107 -0.707107 -0.000000
vn 0.707107 -0.707107 -0.000000
vn 0.707107 -0.707107 -0.000000
vn 0.574061 -0.818813 -0.000000
vn 0.556372 -0.830933 -0.000000
vn 0.453991 -0.891006 -0.000000
vn 0.314337 -0.949312 -0.000000
vn 0.156435 -0.987688 0.000000
vn 0.156435 -0.987688 0.000000
vn 0.000000 0.000000 1.000000
vn 0.000000 0.000000 1.000000
vn 0.000000 -0.000000 1.000000
vn 0.000000 0.000000 1.000000
vn 0.000000 0.000000 1.000000
vn 0.000000 -0.000000 1.000000
vn 0.000000 -0.000000 1.000000
vn 0.000000 -0.000000 -1.000000
vn 0.000000 -0.000000 -1.000000
vn 0.006553 0.074198 -0.997222
vn 0.006553 0.074198 -0.997222
vn 0.000000 -0.000000 -1.000000
vn 0.000000 -0.000000 -1.000000
vn 0.873298 -0.487186 -0.000000
vn 0.839620 -0.543175 -0.000000
vn 0.472404 0.881382 0.000000
vn 0.472404 0.881382 0.000000
vn 0.472404 0.881382 0.000000
vn -0.542636 -0.839968 0.000000
vn -0.542636 -0.839968 0.000000
vn -0.542636 -0.839968 0.000000
vn 0.707109 -0.707104 0.000000
vn 0.000000 0.000000 -1.000000
vn 0.000000 0.000000 -1.000000
vn 0.000000 0.000000 -1.000000
vn 0.987688 0.156434 0.000000
vn 0.987688 0.156434 0.000000
vn 0.987688 0.156434 0.000000
vn -0.891005 -0.453993 0.000000
vn 0.989375 0.012380 0.144858
vn 0.919614 0.011507 -0.392654
vn 0.871049 0.295121 -0.392654
vn 0.937126 0.317509 0.144858
vn 0.737219 0.549847 -0.392654
vn 0.793143 0.591557 0.144858
vn 0.531225 0.750748 -0.392654
vn 0.571523 0.807699 0.144858
vn 0.408013 0.826167 -0.388554
vn 0.438248 0.887388 0.143112
vn 0.645797 0.701560 0.301265
vn 0.645797 0.701560 -0.301264
vn -0.011789 0.942054 -0.335253
vn -0.011789 0.942055 0.335252
vn -0.141837 0.923139 -0.357346
vn -0.663151 0.685179 0.301264
vn -0.457467 0.870714 -0.180502
vn -0.455889 0.867715 -0.198078
vn -0.455889 0.867715 0.198079
vn -0.457467 0.870714 0.180502
vn -0.641430 0.748366 -0.168867
vn -0.772112 0.546343 -0.324581
vn -0.803534 0.568577 0.176222
vn -0.645823 0.753492 0.123133
vn -0.873252 0.271704 -0.404484
vn -0.942257 0.293174 0.161866
vn -0.919614 -0.011508 -0.392654
vn -0.989375 -0.012381 0.144858
vn -0.871049 -0.295122 -0.392654
vn -0.937125 -0.317509 0.144858
vn -0.737219 -0.549846 -0.392654
vn -0.793144 -0.591557 0.144858
vn -0.531226 -0.750748 -0.392655
vn -0.571524 -0.807698 0.144859
vn -0.273231 -0.878161 -0.392655
vn -0.293959 -0.944777 0.144859
vn 0.011509 -0.919614 -0.392655
vn 0.012382 -0.989375 0.144859
vn 0.295121 -0.871049 -0.392654
vn 0.317509 -0.937126 0.144858
vn 0.549846 -0.737219 -0.392654
vn 0.591557 -0.793144 0.144858
vn 0.750748 -0.531225 -0.392654
vn 0.807699 -0.571523 0.144858
vn 0.878161 -0.273232 -0.392654
vn 0.944777 -0.293959 0.144858
vn 0.000001 -0.000000 1.000000
vn 0.000001 -0.000000 1.000000
vn 0.000001 0.000001 1.000000
vn 0.000001 0.000001 1.000000
vn -0.000000 -0.000001 1.000000
vn -0.000000 -0.000001 1.000000
vn 0.000000 -0.000001 1.000000
vn 0.000000 -0.000001 1.000000
vn 0.000001 -0.000000 1.000000
vn 0.000001 0.000001 1.000000
vn 0.000000 0.000001 1.000000
vn 0.000000 0.000001 1.000000
vn 0.000000 0.000001 1.000000
vn 0.796832 -0.116005 0.592960
vn 0.000000 0.000000 1.000000
vn 0.000000 0.000001 1.000000
vn -0.000000 0.000000 1.000000
vn -0.793679 -0.135910 0.592960
vn -0.000000 0.000000 1.000000
vn 0.000000 0.000001 1.000000
vn -0.483251 -0.759721 0.435078
vn 0.653594 -0.687274 0.316968
vn 0.614007 -0.736512 0.283807
vn -0.000001 0.000001 1.000000
vn 0.598324 0.588517 0.543742
vn -0.000001 0.000000 1.000000
vn -0.000001 0.000000 1.000000
vn -0.000001 -0.000001 1.000000
vn -0.000001 -0.000001 1.000000
vn -0.000001 -0.000001 1.000000
vn -0.000001 -0.000001 1.000000
vn 0.000001 -0.000001 1.000000
vn 0.000001 -0.000001 1.000000
vn 0.024087 -0.071096 0.997179
vn 0.024328 -0.071807 0.997122
vn -0.024330 0.071807 0.997122
vn -0.024089 0.071095 0.997179
vn 0.000001 -0.000001 1.000000
vn 0.000001 -0.000001 1.000000
vn -0.000000 -0.000000 -1.000000
vn 0.000000 0.000000 -1.000000
vn 0.879321 -0.273592 -0.389796
vn 0.659127 -0.325517 -0.677931
vn 0.014351 0.034938 -0.999286
vn 0.014698 0.035784 -0.999251
vn -0.666621 -0.114153 -0.736604
vn 0.669269 -0.097434 -0.736605
vn -0.790140 0.559099 0.251173
vn -0.816309 0.577616 0.000000
vn -0.597863 0.801598 0.000000
vn -0.530655 0.711488 0.460642
vn -0.887516 -0.011106 0.460642
vn -0.999922 -0.012512 0.000000
vn -0.954848 0.297093 0.000000
vn -0.924238 0.287569 0.251173
vn -0.284820 0.840647 0.460642
vn -0.320892 0.947116 -0.000000
vn -0.012512 0.999922 -0.000000
vn -0.011106 0.887517 0.460642
vn 0.297092 0.954849 -0.000000
vn 0.263695 0.847511 0.460642
vn -0.840646 -0.284820 0.460642
vn -0.947115 -0.320893 0.000000
vn -0.263695 -0.847511 0.460642
vn -0.297092 -0.954849 0.000000
vn -0.577615 -0.816309 0.000000
vn -0.512683 -0.724545 0.460642
vn -0.801598 -0.597863 0.000000
vn -0.711487 -0.530655 0.460642
vn 0.577615 0.816309 -0.000000
vn 0.512684 0.724545 0.460642
vn 0.801598 0.597864 -0.000000
vn 0.696691 0.553039 0.456914
vn 0.947115 0.320894 -0.000000
vn 0.856566 0.290215 0.426696
vn 0.999922 0.012513 -0.000000
vn 0.889373 -0.015661 0.456914
vn 0.924239 -0.287568 0.251172
vn 0.896618 -0.442804 0.000000
vn 0.465104 -0.885256 0.000000
vn 0.304878 -0.952391 0.000000
vn 0.252046 -0.849682 0.463156
vn -0.367943 -0.895780 0.249392
vn 0.012514 -0.999922 0.000000
vn 0.011107 -0.887517 0.460642
vn -0.000002 0.000000 1.000000
vn -0.039266 0.115894 0.992485
vn 0.039266 -0.115894 0.992485
vn 0.624229 0.613997 0.483059
vn 0.000000 0.000000 1.000000
vn 0.028301 0.068901 -0.997222
vn 0.028301 0.068901 -0.997222
vn 0.689128 -0.724639 0.000000
vn 0.640337 -0.768094 0.000000
vn 0.712926 0.701239 -0.000000
vn -0.767684 -0.640829 0.000000
vn -0.767683 -0.640829 0.000000
vn 0.465107 -0.885254 0.000000
vn -0.862805 -0.147747 -0.483466
vn -0.985653 -0.168784 -0.000000
vn 0.951057 0.000000 -0.309017
vn 0.809017 0.000000 -0.587785
vn 0.587785 0.000000 -0.809017
vn 0.309017 0.000000 -0.951057
vn -0.000000 0.000000 -1.000000
vn -0.309017 0.000000 -0.951056
vn -0.587785 0.000000 -0.809017
vn -0.809017 0.000000 -0.587785
vn -0.951057 0.000000 -0.309017
vn -1.000000 -0.000000 0.000000
vn -0.951057 -0.000000 0.309017
vn -0.809017 0.000000 0.587786
vn -0.587785 0.000000 0.809017
vn -0.309017 0.000000 0.951057
vn 0.000000 0.000000 1.000000
vn 0.309017 0.000000 0.951057
vn 0.587785 0.000000 0.809017
vn 0.951057 0.000000 0.309017
vn 1.000000 0.000000 -0.000000
vn -0.951057 0.000000 0.309017
vn -0.008856 0.999960 0.000703
vn -0.000723 0.999999 0.000898
vn 0.003114 0.999994 0.001233
vn 0.006555 0.999978 0.001002
vn 0.004656 0.999989 0.000946
vn -0.000012 0.999999 0.001509
vn 0.001387 0.999998 0.001240
vn 0.003443 0.999994 0.001008
vn -0.001191 0.999999 0.000963
vn -0.008842 0.999961 0.000706
vn -0.003839 -0.999992 -0.001008
vn 0.012054 -0.999925 -0.002242
vn -0.003111 -0.999994 -0.001228
vn -0.004654 -0.999989 -0.000945
vn -0.006546 -0.999978 -0.000999
vn -0.001387 -0.999998 -0.001240
vn 0.000009 -0.999999 -0.001509
vn -0.002891 -0.999995 -0.001104
vn -0.003443 -0.999994 -0.001008
vn 0.005614 -0.999981 -0.002586
vn -0.999972 0.007485 0.000068
vn -0.999982 0.006009 0.000042
vn -0.999982 0.006022 0.000043
vn -0.999972 0.007485 0.000068
vn 0.000004 0.000006 -1.000000
vn 0.000001 0.000002 -1.000000
vn 0.000001 0.000002 -1.000000
vn 0.000004 0.000006 -1.000000
vn 0.000000 0.000000 1.000000
vn 0.000000 0.000001 1.000000
vn 0.000000 0.000001 1.000000
vn 0.000000 0.000000 1.000000
vn -0.000044 -0.000514 -1.000000
vn -0.000062 -0.000730 -1.000000
vn 0.000041 0.000481 1.000000
vn 0.000029 0.000339 1.000000
vn -0.000066 -0.000990 -1.000000
vn -0.000067 -0.000991 -1.000000
vn 0.000042 0.000651 1.000000
vn 0.000041 0.000651 1.000000
vn 0.552350 0.000076 0.833612
vn -0.000661 0.000085 1.000000
vn 0.000840 -0.000290 -1.000000
vn 0.000854 -0.000265 -1.000000
vn 0.001550 0.000896 -0.999998
vn 0.619191 -0.005678 0.785220
vn 0.630668 0.000060 0.776053
vn 0.619230 -0.005666 0.785189
vn 0.603792 -0.010194 0.797077
vn 0.603792 -0.010194 0.797077
vn 0.603610 0.006541 -0.797253
vn 0.665751 0.005673 -0.746152
vn 0.665753 0.005673 -0.746150
vn 0.603610 0.006541 -0.797253
vn -0.999995 0.003270 0.000067
vn -0.999995 0.003270 0.000067
vn -0.999988 0.004796 0.000043
vn -0.999989 0.004779 0.000044
vn 0.730647 0.004651 -0.682740
vn 0.730647 0.004651 -0.682740
vn -0.486443 -0.873712 -0.000000
vn 0.874700 -0.484664 0.000000
vn 0.787164 -0.616744 0.000000
vn 0.787164 -0.616744 0.000000
vn 0.874700 -0.484664 0.000000
vn 0.926322 -0.376732 0.000000
vn 0.926319 -0.376740 0.000000
vn 0.999202 -0.039944 0.000006
vn 0.999202 -0.039944 0.000006
vn 0.930220 0.367002 0.000102
vn 0.797581 0.603212 0.000151
vn 0.797581 0.603212 0.000151
vn 0.930076 0.367368 0.000102
vn 0.002887 -0.999995 -0.001104
vn -0.005614 -0.999981 -0.002586
vn -0.000023 -0.999999 -0.001508
vn 0.003111 -0.999994 -0.001229
vn -0.012054 -0.999925 -0.002242
vn 0.003839 -0.999992 -0.001008
vn -0.000001 0.000001 -1.000000
vn -0.000001 0.000001 -1.000000
vn -0.000001 0.000001 -1.000000
vn -0.000001 0.000001 -1.000000
vn -0.000000 0.000000 1.000000
vn -0.000000 0.000000 1.000000
vn 0.000000 0.000001 1.000000
vn 0.000000 0.000001 1.000000
vn 0.000053 -0.000515 -1.000000
vn 0.000073 -0.000715 -1.000000
vn -0.000044 0.000477 1.000000
vn -0.000031 0.000339 1.000000
vn 0.000079 -0.000989 -1.000000
vn 0.000078 -0.000988 -1.000000
vn -0.000044 0.000650 1.000000
vn -0.000045 0.000651 1.000000
vn -0.552349 0.000078 0.833613
vn -0.630667 0.000063 0.776053
vn 0.000661 0.000085 1.000000
vn -0.000839 -0.000290 -1.000000
vn -0.000854 -0.000265 -1.000000
vn 0.999989 0.004779 0.000044
vn 0.999988 0.004795 0.000043
vn 0.999995 0.003270 0.000067
vn 0.999995 0.003270 0.000067
vn -0.619190 -0.005676 0.785220
vn -0.619230 -0.005665 0.785189
vn -0.730647 0.004650 -0.682740
vn -0.665751 0.005673 -0.746152
vn -0.665754 0.005673 -0.746150
vn 0.999982 0.006007 0.000042
vn 0.999982 0.006020 0.000043
vn 0.008842 0.999961 0.000706
vn 0.008856 0.999960 0.000703
vn 0.000723 0.999999 0.000898
vn 0.001191 0.999999 0.000963
vn -0.930220 0.367001 0.000102
vn -0.930076 0.367367 0.000102
vn -0.797580 0.603213 0.000151
vn -0.797580 0.603213 0.000151
vn -0.926322 -0.376733 0.000000
vn -0.926319 -0.376740 0.000000
vn -0.999202 -0.039945 0.000006
vn -0.999202 -0.039944 0.000006
vn -0.787164 -0.616744 0.000000
vn -0.787164 -0.616744 0.000000
vn -0.874700 -0.484664 0.000000
vn -0.874700 -0.484664 0.000000
vn 0.486444 -0.873712 -0.000000
vn 0.486444 -0.873712 -0.000000
vn 0.000012 0.999999 0.001509
vn 0.999972 0.007479 0.000068
vn 0.999972 0.007479 0.000068
vn -0.003114 0.999994 0.001233
vn -0.603611 0.006542 -0.797252
vn -0.603610 0.006542 -0.797252
vn -0.003443 0.999994 0.001008
vn -0.001387 0.999998 0.001240
vn -0.004656 0.999989 0.000946
vn -0.006555 0.999978 0.001002
vn -0.603792 -0.010193 0.797077
vn -0.603792 -0.010193 0.797077
vn 0.004654 -0.999989 -0.000945
vn 0.006546 -0.999978 -0.000999
vn 0.004654 -0.999989 -0.000945
vn 0.003439 -0.999994 -0.001008
vn 0.003439 -0.999994 -0.001008
vn 0.001370 -0.999998 -0.001240
vn 0.001370 -0.999998 -0.001240
vn -0.001550 0.000896 -0.999998
vn -0.971493 0.237070 0.000000
vn -0.997203 -0.074742 -0.000000
vn -0.925299 -0.379237 -0.000000
vn -0.762822 -0.646609 -0.000000
vn -0.652278 -0.757979 -0.000000
vn -0.370258 -0.928929 -0.000000
vn -0.237068 -0.971493 -0.000000
vn -0.099244 -0.995063 -0.000000
vn 0.229819 -0.973233 -0.000000
vn 0.229821 -0.973233 -0.000000
vn 0.646608 -0.762822 -0.000000
vn 0.850686 -0.525674 0.000000
vn 0.971493 -0.237069 0.000000
vn 0.997203 0.074742 0.000000
vn 0.925300 0.379236 0.000000
vn 0.762822 0.646608 0.000000
vn 0.525674 0.850686 0.000000
vn 0.237068 0.971493 0.000000
vn -0.074742 0.997203 0.000000
vn -0.379236 0.925300 0.000000
vn -0.646609 0.762822 0.000000
vn -0.850686 0.525674 0.000000
vn -0.000000 -0.000000 1.000000
vn 0.000000 0.000000 -1.000000
vn -0.024986 -0.033446 -0.999128
vn -0.029558 -0.039568 -0.998780
vn 0.646608 -0.762822 0.000000
vn 0.379237 -0.925300 0.000000
vn 0.646608 -0.762822 0.000000
vn 0.971493 -0.237070 0.000000
vn 0.850686 -0.525675 0.000000
vn 0.074741 -0.997203 -0.000000
vn -0.237070 -0.971493 -0.000000
vn -0.525674 -0.850686 -0.000000
vn 0.997203 0.074742 0.000000
vn 0.525674 0.850686 0.000000
vn 0.762821 0.646609 0.000000
vn 0.925300 0.379237 0.000000
vn -0.762822 -0.646609 -0.000000
vn -0.925299 -0.379238 -0.000000
vn -0.997203 -0.074742 -0.000000
vn -0.971493 0.237069 -0.000000
vn -0.850686 0.525674 0.000000
vn -0.229819 0.973233 0.000000
vn -0.229819 0.973233 0.000000
vn -0.057917 0.998321 0.000000
vn -0.036499 0.999334 0.000000
vn 0.237068 0.971493 0.000000
vn 0.441029 -0.897493 -0.000000
vn -0.000000 -0.000000 1.000000
vn -0.000000 -0.000000 1.000000
vn 0.000000 0.000000 1.000000
vn -0.034866 -0.046672 -0.998302
vn 0.000000 0.000000 -1.000000
vn 0.000000 0.000000 -1.000000
vn 0.000000 0.000000 -1.000000
vn -0.865187 -0.501449 -0.000000
vn -0.865187 -0.501449 -0.000000
vn 0.903162 0.429299 -0.000000
vn 0.903162 0.429299 -0.000000
vn 0.903162 0.429299 -0.000000
vn 0.903162 0.429299 0.000000
vn -0.428720 0.903437 0.000000
vn -0.229822 0.973233 0.000000
vn -0.229823 0.973232 0.000000
vn -0.428720 0.903437 -0.000000
vn -0.922446 0.386126 0.000000
vn -0.922446 0.386126 0.000000
vn 0.996618 -0.082173 -0.000000
vn -0.757981 0.652277 0.000000
vn 0.903162 0.429299 0.000000
vn -0.229823 0.973233 0.000000
vn -0.423841 0.905736 -0.000000
vn -0.486801 0.873513 -0.000000
vn -0.486802 0.873513 -0.000000
vn -0.486802 0.873513 0.000000
vn -0.229822 0.973233 0.000000
vn -0.428720 0.903437 0.000000
vn -0.486801 0.873513 0.000001
vn -0.999948 0.000263 -0.010152
vn -0.999948 0.000263 -0.010223
vn -0.999851 0.000443 -0.017228
vn -0.999854 0.000443 -0.017106
vn -0.999959 -0.004811 -0.007608
vn -0.999916 0.001690 -0.012836
vn 0.866591 -0.492725 -0.079007
vn -0.002369 -0.999996 0.001404
vn 0.693687 -0.639897 -0.330650
vn 0.750979 -0.527502 -0.397205
vn 0.836727 0.501677 0.219565
vn 0.929707 0.348366 0.119523
vn 0.978147 0.179853 0.104318
vn 0.923902 0.328658 0.195931
vn 0.826803 0.418448 0.375896
vn 0.890010 0.281118 0.358963
vn 0.831483 0.403812 -0.381539
vn 0.873529 0.482848 -0.061688
vn 0.829659 0.511059 -0.224689
vn 0.783673 0.619329 -0.047836
vn 0.676044 -0.663813 0.319870
vn 0.750627 -0.524285 0.402101
vn 0.929706 0.348365 -0.119533
vn 0.878851 0.476648 -0.020671
vn 0.881174 0.472143 0.024774
vn 0.784728 0.617200 0.057153
vn 0.875259 0.477911 0.074318
vn 0.874723 -0.475083 0.095681
vn -0.000793 -1.000000 0.000114
vn -0.000865 -1.000000 0.000174
vn -0.000716 -1.000000 0.000195
vn -0.000686 -1.000000 0.000149
vn 0.960458 0.143572 0.238554
vn 0.524867 0.107288 0.844396
vn 0.540412 0.097751 0.835703
vn 0.931818 0.233360 0.277954
vn 0.537804 0.052660 0.841424
vn 0.905075 0.203825 0.373222
vn 0.534187 0.064506 -0.842902
vn 0.543346 0.041051 -0.838505
vn 0.916844 0.077852 -0.391581
vn 0.897043 0.128017 -0.422997
vn 0.537937 0.052583 -0.841343
vn 0.893225 0.073333 -0.443588
vn 0.700978 -0.673322 -0.235089
vn 0.514733 -0.454389 -0.727035
vn 0.692573 -0.682757 0.232778
vn 0.519257 -0.435761 0.735176
vn -0.000000 0.000001 1.000000
vn 0.067007 0.018649 0.997578
vn 0.061631 0.017153 0.997952
vn -0.000000 0.000001 1.000000
vn 0.047238 0.002656 -0.998880
vn 0.047456 0.004173 -0.998865
vn -0.000000 0.000000 -1.000000
vn -0.000427 -0.476800 -0.879011
vn -0.000000 0.000000 -1.000000
vn -0.000000 0.000000 -1.000000
vn 0.048888 0.003348 -0.998799
vn 0.042335 -0.416743 -0.908038
vn -0.000482 -0.484495 0.874794
vn 0.039169 -0.414726 0.909103
vn 0.045785 0.000364 0.998951
vn -0.000000 -0.000001 1.000000
vn 0.052194 0.006321 0.998617
vn 0.044024 0.005331 0.999016
vn -0.000000 -0.000001 1.000000
vn 0.916722 0.348512 -0.195347
vn 0.949393 0.262587 -0.172341
vn 0.985362 0.140647 -0.096333
vn 0.974643 0.197163 -0.105818
vn 0.918201 0.184816 -0.350357
vn 0.883991 0.295974 -0.361882
vn 0.359399 -0.933127 -0.010347
vn -0.000086 -0.999999 0.001459
vn 0.358825 -0.933292 0.014496
vn -0.000691 -1.000000 -0.000027
vn -0.000558 -1.000000 -0.000013
vn -0.000366 -1.000000 -0.000227
vn -0.000802 -1.000000 -0.000214
vn 0.592710 -0.804624 -0.035702
vn 0.638903 -0.768933 -0.023335
vn 0.592710 -0.804624 -0.035702
vn 0.235686 -0.889061 -0.392458
vn 0.431516 -0.876369 -0.213940
vn 0.145259 -0.875119 -0.461592
vn 0.009158 -0.860094 -0.510054
vn -0.000771 -0.860374 -0.509663
vn 0.512309 -0.850378 0.119985
vn 0.625605 -0.779628 0.028264
vn 0.135831 -0.867084 0.479286
vn -0.000857 -0.860473 0.509495
vn 0.007227 -0.858458 0.512834
vn -0.001049 -0.999999 0.000325
vn -0.001049 -0.999999 0.000325
vn -0.000662 -1.000000 0.000333
vn -0.000381 -1.000000 0.000238
vn 0.000573 -1.000000 -0.000255
vn 0.000573 -1.000000 -0.000255
vn -0.999849 -0.007977 0.015421
vn -0.999903 -0.010535 0.009126
vn -0.999953 -0.007014 0.006635
vn -0.999934 -0.000043 0.011459
vn -0.999849 0.001051 0.017357
vn -0.999947 0.000623 0.010279
vn -0.999843 0.001676 0.017647
vn -0.999945 0.000993 0.010451
vn 0.999723 -0.023381 -0.002538
vn 0.999848 -0.016880 -0.004278
vn 0.999408 -0.033298 -0.008670
vn 0.998903 -0.046547 -0.005117
vn 1.000000 0.000038 0.000005
vn 1.000000 -0.000071 0.000003
vn 0.999999 -0.001327 0.000000
vn 0.999999 -0.001327 0.000000
vn -0.868105 -0.490056 -0.078983
vn -0.752408 -0.525265 -0.397465
vn -0.695282 -0.638036 -0.330897
vn 0.000594 -0.999999 0.001404
vn -0.835835 0.503160 0.219566
vn -0.923319 0.330292 0.195930
vn -0.977826 0.181586 0.104318
vn -0.929089 0.350012 0.119523
vn -0.825808 0.420515 0.375777
vn -0.889310 0.283435 0.358876
vn -0.872342 0.484985 -0.061707
vn -0.830517 0.405897 -0.381431
vn -0.782575 0.620716 -0.047836
vn -0.828752 0.512528 -0.224689
vn -0.752112 -0.521927 0.402392
vn -0.677641 -0.662075 0.320094
vn -0.878005 0.478205 -0.020671
vn -0.929087 0.350012 -0.119533
vn -0.783634 0.618588 0.057154
vn -0.880336 0.473704 0.024774
vn -0.876191 -0.472377 0.095654
vn -0.874082 0.480056 0.074339
vn -0.001077 -0.999999 0.000149
vn -0.001052 -0.999999 0.000179
vn -0.000938 -1.000000 0.000154
vn -0.000969 -1.000000 0.000114
vn -0.530367 0.072363 0.844674
vn -0.535175 0.079798 0.840964
vn -0.067491 0.006718 0.997697
vn -0.064896 0.006135 0.997873
vn -0.537515 0.054068 0.841519
vn -0.052220 0.006421 0.998615
vn -0.044060 0.005418 0.999014
vn -0.047267 0.002741 -0.998879
vn -0.047482 0.004260 -0.998863
vn -0.534072 0.065452 -0.842901
vn -0.543273 0.042013 -0.838504
vn -0.048983 0.003486 -0.998793
vn -0.537621 0.053985 -0.841457
vn -0.043403 -0.415869 -0.908388
vn -0.515951 -0.453019 -0.727027
vn -0.520449 -0.434358 0.735164
vn -0.040010 -0.413695 0.909536
vn -0.045697 0.000529 0.998955
vn 0.003429 -0.009181 0.999952
vn 0.003429 -0.009181 0.999952
vn 0.000000 -0.000000 -1.000000
vn -0.000406 -0.469518 -0.882923
vn 0.000000 -0.000000 -1.000000
vn -0.000000 -0.000000 1.000000
vn -0.000357 -0.470806 0.882236
vn -0.000000 0.000000 1.000000
vn -0.000000 0.000000 1.000000
vn -0.935613 0.228787 0.268857
vn -0.965141 0.128505 0.228009
vn -0.985046 0.142848 0.096330
vn -0.969919 0.123438 -0.209809
vn -0.937139 0.225726 -0.266118
vn -0.920278 0.338724 -0.195842
vn -0.975675 0.192301 -0.105257
vn -0.904588 0.205412 -0.373533
vn -0.702655 -0.671516 -0.235251
vn -0.884644 0.296678 -0.359704
vn -0.694261 -0.680985 0.232940
vn -0.904557 0.206198 0.373175
vn -0.361053 -0.932488 -0.010347
vn -0.001689 -0.999998 0.001458
vn -0.360482 -0.932654 0.014496
vn -0.000959 -1.000000 -0.000214
vn -0.001201 -0.999999 -0.000252
vn -0.001131 -0.999999 -0.000032
vn -0.001072 -0.999999 -0.000027
vn -0.594134 -0.803573 -0.035702
vn -0.640263 -0.767801 -0.023335
vn -0.010787 -0.860074 -0.510056
vn -0.146812 -0.874861 -0.461589
vn -0.000743 -0.860375 -0.509661
vn -0.626985 -0.778518 0.028264
vn -0.513814 -0.849469 0.119986
vn -0.137369 -0.866843 0.479283
vn -0.008777 -0.858429 0.512858
vn -0.000652 -0.860468 0.509504
vn -0.000958 -1.000000 0.000335
vn -0.000804 -1.000000 0.000291
vn -0.001867 -0.999998 0.000176
vn -0.001949 -0.999998 -0.000328
vn 1.000000 -0.000041 0.000005
vn 0.999999 -0.001327 0.000000
vn 0.999999 -0.001327 0.000000
vn 1.000000 -0.000200 0.000003
vn 0.999848 -0.016880 0.004300
vn 0.999723 -0.023400 0.002546
vn 0.999407 -0.033298 0.008714
vn 0.998901 -0.046587 0.005132
vn -0.004709 -0.999989 0.000306
vn -0.001834 -0.999998 0.000344
vn -0.001298 -0.999999 0.000367
vn -0.000196 -1.000000 0.000476
vn -0.433068 -0.875603 -0.213941
vn -0.999974 0.003869 -0.006026
vn -0.999981 -0.005186 -0.003458
vn -0.999982 0.006014 0.000010
vn -0.999982 0.005918 0.000017
vn -0.999643 0.026507 0.003300
vn -0.999081 0.042466 0.005822
vn 0.999993 0.003795 0.000010
vn 0.999992 0.003893 0.000017
vn 0.999991 0.004146 0.000017
vn 0.999991 0.004243 0.000010
vn 0.002275 -0.000001 0.999997
vn -0.002275 0.000003 0.999997
vn -0.002331 -0.136252 0.990671
vn 0.002090 -0.136256 0.990671
vn -0.002275 0.000002 -0.999997
vn 0.002275 -0.000002 -0.999997
vn 0.002090 -0.136256 -0.990671
vn -0.002331 -0.136253 -0.990671
vn -0.999997 0.000885 0.002421
vn -0.999997 0.000885 -0.002421
vn -0.990670 -0.136265 -0.002360
vn -0.990670 -0.136265 0.002360
vn 0.999997 -0.000885 -0.002421
vn 0.999997 -0.000885 0.002425
vn 0.990418 -0.138080 0.002363
vn 0.990418 -0.138084 -0.002358
vn 0.988900 -0.000875 0.148582
vn 0.979931 -0.134595 0.147038
vn 0.955634 -0.000846 0.294555
vn 0.947016 -0.133909 0.291939
vn 0.900341 -0.000797 0.435183
vn 0.892238 -0.133672 0.431328
vn 0.823375 -0.000728 0.567497
vn 0.815978 -0.133394 0.562483
vn 0.725487 -0.000642 0.688235
vn 0.718981 -0.133049 0.682176
vn 0.608034 -0.000538 0.793911
vn 0.602582 -0.132707 0.786946
vn 0.473173 -0.000419 0.880969
vn 0.468922 -0.132322 0.873272
vn 0.324030 -0.000287 0.946047
vn 0.321088 -0.132014 0.937803
vn 0.164681 -0.000145 0.986347
vn 0.162835 -0.132393 0.977730
vn -0.164680 0.000146 0.986347
vn -0.163070 -0.132109 0.977730
vn -0.324030 0.000287 0.946047
vn -0.321322 -0.131436 0.937804
vn -0.473177 0.000419 0.880967
vn -0.469156 -0.131500 0.873270
vn -0.608034 0.000538 0.793911
vn -0.602817 -0.131630 0.786947
vn -0.725486 0.000642 0.688237
vn -0.719216 -0.131779 0.682175
vn -0.823375 0.000728 0.567497
vn -0.816212 -0.131949 0.562483
vn -0.900342 0.000797 0.435183
vn -0.892473 -0.132096 0.431327
vn -0.955634 0.000846 0.294554
vn -0.947253 -0.132228 0.291939
vn -0.988900 0.000876 0.148583
vn -0.980167 -0.132863 0.147039
vn 0.989401 -0.000875 -0.145207
vn 0.980468 -0.133595 -0.144343
vn 0.955634 -0.000846 -0.294555
vn 0.947016 -0.133909 -0.291939
vn 0.900341 -0.000797 -0.435183
vn 0.892238 -0.133672 -0.431328
vn 0.823375 -0.000728 -0.567497
vn 0.815978 -0.133394 -0.562483
vn 0.725487 -0.000642 -0.688235
vn 0.718981 -0.133049 -0.682176
vn 0.608034 -0.000538 -0.793911
vn 0.602582 -0.132707 -0.786946
vn 0.473173 -0.000419 -0.880969
vn 0.468922 -0.132322 -0.873272
vn 0.324030 -0.000287 -0.946047
vn 0.321088 -0.132014 -0.937803
vn 0.164682 -0.000146 -0.986347
vn 0.162836 -0.132393 -0.977730
vn -0.164680 0.000146 -0.986347
vn -0.163070 -0.132109 -0.977730
vn -0.324030 0.000287 -0.946047
vn -0.321322 -0.131436 -0.937804
vn -0.473177 0.000419 -0.880967
vn -0.469156 -0.131500 -0.873270
vn -0.608034 0.000538 -0.793911
vn -0.602817 -0.131630 -0.786947
vn -0.725486 0.000642 -0.688237
vn -0.719216 -0.131779 -0.682175
vn -0.823375 0.000728 -0.567497
vn -0.816212 -0.131949 -0.562483
vn -0.900342 0.000797 -0.435183
vn -0.892473 -0.132096 -0.431327
vn -0.955634 0.000846 -0.294554
vn -0.947253 -0.132228 -0.291939
vn -0.988900 0.000876 -0.148583
vn -0.980167 -0.132864 -0.147039
vn -0.906090 -0.317949 -0.279124
vn -0.937645 -0.318029 -0.140285
vn -0.853755 -0.317822 -0.412421
vn -0.780888 -0.317662 -0.537870
vn -0.688185 -0.317490 -0.652381
vn -0.576899 -0.317327 -0.752656
vn -0.449064 -0.317196 -0.835301
vn -0.307643 -0.317121 -0.897101
vn -0.155832 -0.317125 -0.935493
vn -0.002338 -0.316252 -0.948672
vn 0.001778 -0.316255 -0.948672
vn 0.155266 -0.317400 -0.935494
vn 0.307081 -0.317665 -0.897101
vn 0.448503 -0.317990 -0.835300
vn 0.576332 -0.318348 -0.752659
vn 0.687619 -0.318709 -0.652384
vn 0.780326 -0.319046 -0.537867
vn 0.853192 -0.319333 -0.412418
vn 0.905525 -0.319553 -0.279126
vn 0.937438 -0.319369 -0.138612
vn 0.947768 -0.318952 -0.002210
vn 0.947761 -0.318974 0.002208
vn 0.937079 -0.319690 0.140289
vn 0.905525 -0.319553 0.279126
vn 0.853192 -0.319333 0.412418
vn 0.780326 -0.319046 0.537867
vn 0.687619 -0.318709 0.652384
vn 0.576332 -0.318348 0.752659
vn 0.448503 -0.317990 0.835300
vn 0.307081 -0.317666 0.897101
vn 0.155266 -0.317400 0.935494
vn 0.001778 -0.316255 0.948672
vn -0.002338 -0.316252 0.948672
vn -0.155832 -0.317125 0.935493
vn -0.307643 -0.317122 0.897101
vn -0.449064 -0.317196 0.835301
vn -0.576899 -0.317327 0.752656
vn -0.688185 -0.317490 0.652381
vn -0.780888 -0.317662 0.537870
vn -0.853755 -0.317822 0.412421
vn -0.906090 -0.317949 0.279124
vn -0.937645 -0.318029 0.140285
vn -0.948325 -0.317293 0.002206
vn -0.948325 -0.317293 -0.002206
vn 0.000886 1.000000 0.000000
vn 0.000884 1.000000 0.000000
vn 0.000883 1.000000 0.000000
vn 0.000888 1.000000 0.000000
vn 0.000891 1.000000 0.000000
vn 0.000893 1.000000 0.000000
vn 0.000870 1.000000 0.000000
vn 0.000884 1.000000 0.000000
vn 0.000888 1.000000 0.000000
vn 0.000887 1.000000 0.000000
vn 0.000872 1.000000 0.000000
vn 0.000887 1.000000 0.000000
vn 0.000902 1.000000 0.000000
vn -0.000072 -0.081800 0.996649
vn -0.000072 -0.081793 0.996649
vn -0.000072 -0.081793 -0.996649
vn -0.000072 -0.081800 -0.996649
vn 0.000886 1.000000 0.000000
vn -0.000820 -0.923880 0.382682
vn -0.000820 -0.923880 0.382682
vn -0.000820 -0.923880 0.382682
vn -0.000339 -0.382682 0.923880
vn -0.000339 -0.382682 0.923880
vn -0.000339 -0.382682 -0.923880
vn -0.000339 -0.382682 -0.923880
vn -0.000820 -0.923880 -0.382682
vn -0.000820 -0.923880 -0.382682
vn -0.000820 -0.923880 -0.382682
vn 0.728044 -0.685530 0.000001
vn 0.692411 -0.685530 -0.224977
vn 0.944449 -0.117674 -0.306869
vn 0.993052 -0.117674 0.000001
vn 0.589000 -0.685530 -0.427934
vn 0.803396 -0.117674 -0.583702
vn 0.427934 -0.685530 -0.589001
vn 0.583701 -0.117674 -0.803396
vn 0.224978 -0.685530 -0.692412
vn 0.306870 -0.117674 -0.944449
vn -0.000000 -0.685530 -0.728045
vn 0.000000 -0.117674 -0.993052
vn -0.224978 -0.685530 -0.692411
vn -0.306870 -0.117674 -0.944449
vn -0.427934 -0.685530 -0.589000
vn -0.583702 -0.117674 -0.803396
vn -0.589000 -0.685530 -0.427934
vn -0.803396 -0.117674 -0.583701
vn -0.692411 -0.685530 -0.224978
vn -0.944449 -0.117674 -0.306870
vn -0.729074 -0.684299 -0.013624
vn -0.991842 -0.123102 -0.033106
vn -0.723347 -0.667543 0.176507
vn -0.965772 -0.115594 0.232213
vn -0.918599 -0.111317 0.379189
vn -0.918306 0.116701 0.378278
vn -0.965288 0.116598 0.233716
vn -0.692814 -0.663777 0.281795
vn -0.579007 -0.680236 0.449477
vn -0.782283 -0.119786 0.611297
vn -0.427934 -0.685530 0.589000
vn -0.583701 -0.117674 0.803396
vn -0.224978 -0.685530 0.692411
vn -0.306870 -0.117674 0.944449
vn 0.000000 -0.685530 0.728044
vn -0.000000 -0.117674 0.993052
vn 0.224978 -0.685530 0.692411
vn 0.306870 -0.117674 0.944449
vn 0.427934 -0.685530 0.589000
vn 0.583701 -0.117674 0.803396
vn 0.589000 -0.685530 0.427934
vn 0.803396 -0.117674 0.583701
vn 0.692411 -0.685530 0.224978
vn 0.944449 -0.117674 0.306870
vn 0.803396 0.117674 -0.583702
vn 0.589000 0.685530 -0.427934
vn 0.692412 0.685530 -0.224977
vn 0.944449 0.117674 -0.306869
vn 0.728045 0.685530 0.000001
vn 0.993052 0.117674 0.000001
vn 0.583701 0.117674 -0.803396
vn 0.427934 0.685530 -0.589001
vn 0.306870 0.117674 -0.944449
vn 0.224978 0.685530 -0.692412
vn -0.000000 0.117674 -0.993052
vn -0.000000 0.685530 -0.728045
vn -0.306870 0.117674 -0.944449
vn -0.224978 0.685530 -0.692412
vn -0.583702 0.117674 -0.803396
vn -0.427934 0.685530 -0.589000
vn -0.803396 0.117674 -0.583701
vn -0.589000 0.685530 -0.427934
vn -0.944449 0.117674 -0.306870
vn -0.692411 0.685530 -0.224978
vn -0.992419 0.117758 -0.035188
vn -0.732156 0.680650 -0.025759
vn -0.725555 0.664858 0.177576
vn -0.583701 0.117674 0.803396
vn -0.427934 0.685530 0.589000
vn -0.577275 0.680630 0.451106
vn -0.782205 0.117856 0.611773
vn -0.306870 0.117674 0.944449
vn -0.224978 0.685530 0.692411
vn -0.000000 0.117674 0.993052
vn 0.000000 0.685530 0.728045
vn 0.306870 0.117674 0.944449
vn 0.224978 0.685530 0.692411
vn 0.583701 0.117674 0.803396
vn 0.427934 0.685530 0.589000
vn 0.803396 0.117674 0.583701
vn 0.589000 0.685530 0.427934
vn 0.944449 0.117674 0.306870
vn 0.692411 0.685530 0.224978
vn 0.000000 1.000000 0.000000
vn 0.000000 1.000000 0.000000
vn 0.000000 1.000000 0.000000
vn 0.000000 -1.000000 -0.000000
vn 0.000000 -1.000000 0.000000
vn 0.000000 -1.000000 -0.000000
vn 0.000000 -1.000000 0.000000
vn 0.000000 -1.000000 0.000000
vn 0.000000 -1.000000 -0.000000
vn 0.000000 -1.000000 0.000000
vn 0.000000 -1.000000 0.000000
vn 0.000000 -1.000000 0.000000
vn 0.000000 -1.000000 0.000000
vn 0.000000 -1.000000 0.000000
vn 0.000000 -1.000000 -0.000000
vn 0.000000 -1.000000 -0.000000
vn 0.000000 -1.000000 0.000000
vn 0.000000 -1.000000 -0.000000
vn 0.000000 -1.000000 0.000000
vn -0.691504 0.664850 0.282482
vn 0.993052 -0.117674 0.000001
vn 0.728044 -0.685530 0.000001
vn 0.692411 -0.685530 -0.224977
vn 0.944449 -0.117674 -0.306869
vn 0.589000 -0.685530 -0.427934
vn 0.803396 -0.117674 -0.583702
vn 0.427934 -0.685530 -0.589001
vn 0.224978 -0.685530 -0.692412
vn 0.306870 -0.117674 -0.944449
vn 0.000000 -0.685530 -0.728045
vn 0.000000 -0.117674 -0.993052
vn -0.224978 -0.685530 -0.692411
vn -0.427934 -0.685530 -0.589000
vn -0.583702 -0.117674 -0.803396
vn -0.589001 -0.685530 -0.427934
vn -0.803396 -0.117674 -0.583701
vn -0.692411 -0.685530 -0.224978
vn -0.944449 -0.117674 -0.306870
vn -0.729074 -0.684299 -0.013624
vn -0.723347 -0.667543 0.176507
vn -0.965772 -0.115594 0.232213
vn -0.918599 -0.111317 0.379189
vn -0.918306 0.116701 0.378278
vn -0.692814 -0.663777 0.281795
vn -0.782283 -0.119786 0.611297
vn -0.427934 -0.685530 0.589000
vn -0.583701 -0.117674 0.803396
vn -0.224978 -0.685530 0.692411
vn -0.306870 -0.117674 0.944449
vn 0.000000 -0.685530 0.728044
vn 0.224978 -0.685530 0.692411
vn 0.427934 -0.685530 0.589000
vn 0.589000 -0.685530 0.427934
vn 0.803396 -0.117674 0.583701
vn 0.692411 -0.685530 0.224978
vn 0.944449 -0.117674 0.306870
vn 0.589000 0.685530 -0.427934
vn 0.692412 0.685530 -0.224977
vn 0.944449 0.117674 -0.306869
vn 0.728045 0.685530 0.000001
vn 0.993052 0.117674 0.000001
vn 0.427934 0.685530 -0.589001
vn 0.583701 0.117674 -0.803396
vn 0.224978 0.685530 -0.692412
vn 0.306870 0.117674 -0.944449
vn -0.000000 0.685530 -0.728045
vn 0.000000 0.117674 -0.993052
vn -0.427934 0.685530 -0.589000
vn -0.583702 0.117674 -0.803396
vn -0.589001 0.685530 -0.427934
vn -0.803396 0.117674 -0.583701
vn -0.692412 0.685530 -0.224978
vn -0.944449 0.117674 -0.306870
vn -0.732156 0.680650 -0.025759
vn -0.992419 0.117758 -0.035188
vn -0.725555 0.664858 0.177577
vn -0.427934 0.685530 0.589000
vn -0.577275 0.680630 0.451106
vn -0.782205 0.117856 0.611773
vn -0.583701 0.117674 0.803396
vn -0.224978 0.685530 0.692411
vn 0.000000 0.685530 0.728045
vn 0.224978 0.685530 0.692411
vn 0.306870 0.117674 0.944449
vn 0.427934 0.685530 0.589000
vn 0.589000 0.685530 0.427934
vn 0.692412 0.685530 0.224978
vn 0.000000 1.000000 0.000000
vn 0.000000 1.000000 0.000000
vn 0.000000 1.000000 0.000000
vn 0.000000 -1.000000 0.000000
vn 0.000000 -1.000000 0.000000
vn 0.000000 -1.000000 0.000000
vn 0.000000 -1.000000 -0.000000
vn 0.000000 -1.000000 -0.000000
vn -0.691504 0.664850 0.282482
vn 0.951057 -0.000000 -0.309017
vn 0.951057 -0.000000 -0.309017
vn 0.809017 0.000000 -0.587785
vn 0.587785 0.000000 -0.809017
vn 0.309017 0.000000 -0.951057
vn 0.309017 0.000000 -0.951057
vn -0.000000 0.000000 -1.000000
vn -0.587785 0.000000 -0.809017
vn -0.809017 0.000000 -0.587786
vn -0.951057 0.000000 -0.309017
vn -1.000000 0.000000 0.000000
vn -1.000000 0.000000 0.000000
vn -0.951057 0.000000 0.309017
vn -0.951057 0.000000 0.309017
vn -0.587785 0.000000 0.809017
vn -0.309017 0.000000 0.951057
vn -0.309017 0.000000 0.951057
vn 0.000000 0.000000 1.000000
vn 0.309017 0.000000 0.951057
vn 0.587785 0.000000 0.809017
vn 0.809017 -0.000000 0.587786
vn 0.809017 -0.000000 0.587786
vn 0.809017 -0.000000 0.587786
vn 0.951057 -0.000000 0.309017
vn 0.951057 -0.000000 0.309017
vn 1.000000 -0.000000 -0.000000
vn 1.000000 -0.000000 -0.000000
vn 0.000000 0.000000 1.000000
vn 0.000000 0.000000 1.000000
vn 0.999922 0.012512 -0.000000
vn 0.947115 0.320893 -0.000000
vn 0.801598 0.597863 -0.000000
vn 0.577615 0.816309 -0.000000
vn 0.442806 0.896618 -0.000000
vn 0.442806 0.896618 -0.000000
vn 0.127081 0.991892 -0.000000
vn 0.127081 0.991892 -0.000000
vn 0.127081 0.991892 -0.000000
vn -0.012514 0.999922 -0.000000
vn -0.012514 0.999922 -0.000000
vn -0.012513 0.999922 -0.000000
vn -0.151864 0.988401 -0.000000
vn -0.465106 0.885255 -0.000000
vn -0.465105 0.885256 -0.000000
vn -0.650776 0.759270 -0.000000
vn -0.650776 0.759270 -0.000000
vn -0.816308 0.577616 0.000000
vn -0.896618 0.442805 0.000000
vn -0.954849 0.297092 0.000000
vn -0.999922 -0.012513 0.000000
vn -0.947115 -0.320894 0.000000
vn -0.947115 -0.320894 0.000000
vn -0.801599 -0.597863 0.000000
vn -0.577616 -0.816308 0.000000
vn -0.297092 -0.954849 0.000000
vn 0.012514 -0.999922 0.000000
vn 0.320893 -0.947115 0.000000
vn 0.597863 -0.801599 0.000000
vn 0.816309 -0.577616 0.000000
vn 0.954849 -0.297093 0.000000
vn -0.000000 -0.000000 1.000000
vn -0.000000 -0.000000 1.000000
vn 0.000000 0.000000 1.000000
vn 0.000000 0.000000 1.000000
vn -0.000000 -0.000000 1.000000
vn -0.000000 -0.000000 1.000000
vn -0.000000 -0.000000 1.000000
vn 0.000000 0.000000 1.000000
vn 0.000000 0.000000 1.000000
vn 0.014351 0.034938 -0.999286
vn 0.017306 0.042134 -0.998962
vn 0.014699 0.035784 -0.999251
vn -0.000000 -0.000000 -1.000000
vn -0.000000 -0.000000 -1.000000
vn -0.000000 -0.000000 -1.000000
vn -0.000000 -0.000000 -1.000000
vn -0.000000 -0.000000 -1.000000
vn -0.816308 0.577616 0.000000
vn -0.597863 0.801598 0.000000
vn -0.999922 -0.012512 0.000000
vn -0.954849 0.297093 0.000000
vn -0.320892 0.947116 -0.000000
vn -0.012512 0.999922 -0.000000
vn -0.424960 -0.905212 0.000000
vn -0.577615 -0.816309 -0.000000
vn -0.801598 -0.597863 0.000000
vn 0.577615 0.816309 -0.000000
vn 0.801598 0.597864 -0.000000
vn 0.947115 0.320894 -0.000000
vn 0.999922 0.012513 -0.000000
vn 0.954849 -0.297092 -0.000000
vn 0.896618 -0.442804 0.000000
vn 0.465104 -0.885256 -0.000000
vn 0.465104 -0.885256 -0.000000
vn 0.304878 -0.952391 -0.000000
vn 0.284388 -0.958709 -0.000000
vn 0.168782 -0.985653 -0.000000
vn 0.018111 -0.999836 -0.000000
vn -0.144063 -0.989569 0.000000
vn -0.144063 -0.989569 0.000000
vn 0.000000 0.000000 1.000000
vn 0.000000 0.000000 1.000000
vn 0.000000 0.000000 1.000000
vn -0.000000 -0.000000 1.000000
vn 0.000000 0.000000 1.000000
vn 0.000000 0.000000 1.000000
vn -0.000000 -0.000000 1.000000
vn -0.000000 -0.000000 1.000000
vn 0.028301 0.068901 -0.997222
vn 0.028301 0.068901 -0.997222
vn 0.028301 0.068901 -0.997222
vn 0.689128 -0.724639 0.000000
vn 0.712926 0.701239 0.000000
vn 0.712926 0.701239 0.000000
vn -0.767684 -0.640829 0.000000
vn 0.465108 -0.885254 0.000000
vn 0.000000 0.000000 -1.000000
vn 0.000000 0.000000 -1.000000
vn 0.000000 0.000000 -1.000000
vn 0.989568 -0.144064 0.000000
vn 0.989568 -0.144064 0.000000
vn 0.989568 -0.144064 0.000000
vn -0.985653 -0.168784 0.000000

# Mesh
g LowPoly_Outer_tubes
usemtl lambert1
f 6/6/6 1/1/1 2/2/2
f 6/6/6 2/2/2 3/3/3
f 6/6/6 3/3/3 4/4/4
f 4/4/4 5/5/5 6/6/6
f 5/5/5 4/4/4 3/3/3
f 5/5/5 3/3/3 7/7/7
f 5/5/5 7/7/7 8/8/8
f 8/8/8 9/9/9 5/5/5
f 8/8/8 7/7/7 10/10/10
f 8/8/8 10/10/10 11/11/11
f 8/8/8 11/11/11 12/12/12
f 8/8/8 12/12/12 9/9/9
f 12/18/12 11/13/11 10/14/10
f 12/18/12 10/14/10 13/15/13
f 12/18/12 13/15/13 14/16/14
f 14/16/14 15/17/15 12/18/12
f 15/17/15 14/16/14 13/15/13
f 15/17/15 13/15/13 16/19/16
f 15/17/15 16/19/16 17/20/17
f 17/20/17 18/21/18 15/17/15
f 18/21/18 17/20/17 16/19/16
f 18/21/18 16/19/16 19/22/19
f 18/21/18 19/22/19 20/23/20
f 20/23/20 21/24/21 18/21/18
f 20/23/20 19/22/19 22/25/22
f 20/23/20 22/25/22 23/26/23
f 20/23/20 23/26/23 24/27/24
f 20/23/20 24/27/24 21/24/21
f 23/28/23 22/29/22 25/30/25
f 23/28/23 25/30/25 26/31/25
f 23/28/23 26/31/25 27/32/26
f 23/28/23 27/32/26 24/33/24
f 26/31/25 25/30/25 28/34/27
f 26/31/25 28/34/27 29/35/28
f 26/31/25 29/35/28 30/36/29
f 26/31/25 30/36/29 27/32/26
f 30/36/29 29/35/28 28/34/27
f 30/36/29 28/34/27 31/37/30
f 30/36/29 31/37/30 32/38/31
f 32/38/31 33/39/32 30/36/29
f 33/39/32 32/38/31 31/37/30
f 33/39/32 31/37/30 34/40/33
f 33/39/32 34/40/33 35/41/34
f 35/41/34 36/42/35 33/39/32
f 43/49/36 37/43/36 38/44/36
f 38/44/36 36/42/36 39/45/37
f 38/44/36 39/45/37 40/46/37
f 38/44/36 40/46/37 41/47/37
f 38/44/36 41/47/37 42/48/37
f 38/44/36 42/48/37 43/49/36
f 44/50/38 45/51/39 46/52/40
f 44/50/38 46/52/40 47/53/41
f 44/50/38 47/53/41 48/54/42
f 44/50/38 48/54/42 39/45/43
f 48/54/42 47/53/41 46/52/40
f 48/54/42 46/52/40 49/55/44
f 48/54/42 49/55/44 50/56/45
f 50/56/45 51/57/46 48/54/42
f 51/63/46 50/58/45 49/59/44
f 51/63/46 49/59/44 52/60/47
f 51/63/46 52/60/47 53/61/48
f 53/61/48 54/62/49 51/63/46
f 54/62/49 53/61/48 52/60/47
f 54/62/49 52/60/47 55/64/50
f 54/62/49 55/64/50 56/65/51
f 56/65/51 57/66/52 54/62/49
f 57/66/52 56/65/51 55/64/50
f 57/66/52 55/64/50 58/67/53
f 57/66/52 58/67/53 59/68/54
f 59/68/54 60/69/55 57/66/52
f 59/68/54 58/67/53 61/70/56
f 59/68/54 61/70/56 62/71/57
f 59/68/54 62/71/57 63/72/58
f 59/68/54 63/72/58 60/69/55
f 63/78/58 62/73/57 61/74/56
f 63/78/58 61/74/56 64/75/59
f 63/78/58 64/75/59 65/76/60
f 65/76/60 66/77/61 63/78/58
f 66/77/61 65/76/60 64/75/59
f 66/77/61 64/75/59 67/79/62
f 66/77/61 67/79/62 68/80/63
f 68/80/63 69/81/64 66/77/61
f 68/80/63 67/79/62 2/2/2
f 68/80/63 2/2/2 1/1/1
f 68/80/63 1/1/1 6/6/6
f 68/80/63 6/6/6 69/81/64
f 70/82/65 71/83/66 72/84/67
f 70/82/65 72/84/67 73/85/68
f 70/82/65 73/85/68 74/86/69
f 70/82/65 74/86/69 75/87/70
f 73/85/68 72/84/67 76/88/71
f 73/85/68 76/88/71 77/89/72
f 73/85/68 77/89/72 78/90/73
f 73/85/68 78/90/73 74/86/69
f 81/93/76 79/91/74 80/92/75
f 81/93/76 80/92/75 71/83/66
f 81/93/76 71/83/66 70/82/65
f 70/82/65 75/87/70 81/93/76
f 82/94/77 83/95/78 80/96/75
f 82/94/77 80/96/75 79/97/74
f 82/94/77 79/97/74 81/98/76
f 82/94/77 81/98/76 84/99/79
f 87/102/82 85/100/80 86/101/81
f 87/102/82 86/101/81 83/95/78
f 87/102/82 83/95/78 82/94/77
f 82/94/77 84/99/79 87/102/82
f 88/103/83 89/104/84 86/101/81
f 88/103/83 86/101/81 85/100/80
f 88/103/83 85/100/80 87/102/82
f 88/103/83 87/102/82 90/105/85
f 93/108/88 91/106/86 92/107/87
f 93/108/88 92/107/87 89/104/84
f 93/108/88 89/104/84 88/103/83
f 88/103/83 90/105/85 93/108/88
f 94/109/89 95/110/90 92/111/87
f 94/109/89 92/111/87 91/112/86
f 94/109/89 91/112/86 93/113/88
f 94/109/89 93/113/88 96/114/91
f 97/115/92 98/116/93 95/110/90
f 97/115/92 95/110/90 94/109/89
f 97/115/92 94/109/89 96/114/91
f 97/115/92 96/114/91 99/117/94
f 102/120/97 100/118/95 101/119/96
f 102/120/97 101/119/96 98/116/93
f 102/120/97 98/116/93 97/115/92
f 97/115/92 99/117/94 102/120/97
f 103/121/98 104/122/99 101/119/96
f 103/121/98 101/119/96 100/118/95
f 103/121/98 100/118/95 102/120/97
f 103/121/98 102/120/97 43/49/100
f 105/123/101 106/124/102 107/125/103
f 105/123/101 107/125/103 108/126/104
f 105/123/101 108/126/104 109/127/105
f 105/123/101 109/127/105 110/128/106
f 113/134/109 111/129/107 112/130/108
f 113/134/109 112/130/108 106/131/102
f 113/134/109 106/131/102 105/132/101
f 105/132/101 110/133/106 113/134/109
f 116/137/112 114/135/110 115/136/111
f 116/137/112 115/136/111 112/130/108
f 116/137/112 112/130/108 111/129/107
f 111/129/107 113/134/109 116/137/112
f 119/140/115 117/138/113 118/139/114
f 119/140/115 118/139/114 115/136/111
f 119/140/115 115/136/111 114/135/110
f 114/135/110 116/137/112 119/140/115
f 122/143/118 120/141/116 121/142/117
f 122/143/118 121/142/117 118/139/114
f 122/143/118 118/139/114 117/138/113
f 117/138/113 119/140/115 122/143/118
f 125/149/121 123/144/119 124/145/120
f 125/149/121 124/145/120 121/146/117
f 125/149/121 121/146/117 120/147/116
f 120/147/116 122/148/118 125/149/121
f 128/152/124 126/150/122 127/151/123
f 128/152/124 127/151/123 124/145/120
f 128/152/124 124/145/120 123/144/119
f 123/144/119 125/149/121 128/152/124
f 77/89/72 76/88/71 127/151/123
f 77/89/72 127/151/123 126/150/122
f 77/89/72 126/150/122 128/152/124
f 77/89/72 128/152/124 78/90/73
f 74/86/125 129/153/125 130/154/125
f 130/154/125 5/5/125 9/9/126
f 130/154/125 9/9/126 131/155/126
f 130/154/125 131/155/126 132/156/126
f 130/154/125 132/156/126 75/87/126
f 130/154/125 75/87/126 74/86/125
f 75/87/126 132/156/126 131/155/126
f 131/155/126 9/9/126 12/12/127
f 131/155/126 12/12/127 133/157/127
f 131/155/126 133/157/127 134/158/127
f 131/155/126 134/158/127 81/93/127
f 131/155/126 81/93/127 75/87/126
f 81/98/127 134/159/127 133/160/127
f 133/160/127 12/18/127 15/17/128
f 133/160/127 15/17/128 135/161/128
f 133/160/127 135/161/128 136/162/128
f 133/160/127 136/162/128 84/99/128
f 133/160/127 84/99/128 81/98/127
f 84/99/128 136/162/128 135/161/128
f 135/161/128 15/17/128 18/21/129
f 135/161/128 18/21/129 137/163/129
f 135/161/128 137/163/129 138/164/129
f 135/161/128 138/164/129 87/102/129
f 135/161/128 87/102/129 84/99/128
f 87/102/129 138/164/129 137/163/129
f 137/163/129 18/21/129 21/24/130
f 137/163/129 21/24/130 139/165/130
f 137/163/129 139/165/130 140/166/130
f 137/163/129 140/166/130 90/105/130
f 137/163/129 90/105/130 87/102/129
f 90/105/130 140/166/130 139/165/130
f 139/165/130 21/24/130 24/27/131
f 139/165/130 24/27/131 141/167/131
f 139/165/130 141/167/131 142/168/131
f 139/165/130 142/168/131 93/108/131
f 139/165/130 93/108/131 90/105/130
f 93/113/131 142/169/131 141/170/131
f 141/170/131 24/33/131 27/32/132
f 141/170/131 27/32/132 143/171/132
f 141/170/131 143/171/132 144/172/132
f 141/170/131 144/172/132 96/114/132
f 141/170/131 96/114/132 93/113/131
f 96/114/132 144/172/132 143/171/132
f 143/171/132 27/32/132 30/36/133
f 143/171/132 30/36/133 145/173/133
f 143/171/132 145/173/133 146/174/133
f 143/171/132 146/174/133 99/117/133
f 143/171/132 99/117/133 96/114/132
f 99/117/133 146/174/133 145/173/133
f 145/173/133 30/36/133 33/39/134
f 145/173/133 33/39/134 147/175/134
f 145/173/133 147/175/134 148/176/134
f 145/173/133 148/176/134 102/120/134
f 145/173/133 102/120/134 99/117/133
f 102/120/134 148/176/134 147/175/134
f 147/175/134 33/39/134 36/42/36
f 147/175/134 36/42/36 38/44/36
f 147/175/134 38/44/36 37/43/36
f 147/175/134 37/43/36 43/49/36
f 147/175/134 43/49/36 102/120/134
f 42/48/37 41/47/37 40/46/37
f 40/46/37 39/45/37 48/54/135
f 40/46/37 48/54/135 149/177/135
f 40/46/37 149/177/135 150/178/135
f 40/46/37 150/178/135 109/127/135
f 40/46/37 109/127/135 42/48/37
f 109/127/135 150/178/135 149/177/135
f 149/177/135 48/54/135 51/57/136
f 149/177/135 51/57/136 151/179/136
f 149/177/135 151/179/136 152/180/136
f 149/177/135 152/180/136 110/128/136
f 149/177/135 110/128/136 109/127/135
f 110/133/136 152/181/136 151/182/136
f 151/182/136 51/63/136 54/62/137
f 151/182/136 54/62/137 153/183/137
f 151/182/136 153/183/137 154/184/137
f 151/182/136 154/184/137 113/134/137
f 151/182/136 113/134/137 110/133/136
f 113/134/137 154/184/137 153/183/137
f 153/183/137 54/62/137 57/66/138
f 153/183/137 57/66/138 155/185/138
f 153/183/137 155/185/138 156/186/138
f 153/183/137 156/186/138 116/137/138
f 153/183/137 116/137/138 113/134/137
f 116/137/138 156/186/138 155/185/138
f 155/185/138 57/66/138 60/69/139
f 155/185/138 60/69/139 157/187/139
f 155/185/138 157/187/139 158/188/139
f 155/185/138 158/188/139 119/140/139
f 155/185/138 119/140/139 116/137/138
f 119/140/139 158/188/139 157/187/139
f 157/187/139 60/69/139 63/72/140
f 157/187/139 63/72/140 159/189/140
f 157/187/139 159/189/140 160/190/140
f 157/187/139 160/190/140 122/143/140
f 157/187/139 122/143/140 119/140/139
f 122/148/140 160/191/140 159/192/140
f 159/192/140 63/78/140 66/77/141
f 159/192/140 66/77/141 161/193/141
f 159/192/140 161/193/141 162/194/141
f 159/192/140 162/194/141 125/149/141
f 159/192/140 125/149/141 122/148/140
f 125/149/141 162/194/141 161/193/141
f 161/193/141 66/77/141 69/81/142
f 161/193/141 69/81/142 163/195/142
f 161/193/141 163/195/142 164/196/142
f 161/193/141 164/196/142 128/152/142
f 161/193/141 128/152/142 125/149/141
f 128/152/142 164/196/142 163/195/142
f 163/195/142 69/81/142 6/6/143
f 163/195/142 6/6/143 165/197/143
f 163/195/142 165/197/143 166/198/143
f 163/195/142 166/198/143 78/90/143
f 163/195/142 78/90/143 128/152/142
f 78/90/143 166/198/143 165/197/143
f 165/197/143 6/6/143 5/5/125
f 165/197/143 5/5/125 130/154/125
f 165/197/143 130/154/125 129/153/125
f 165/197/143 129/153/125 74/86/125
f 165/197/143 74/86/125 78/90/143
f 170/202/147 167/199/144 168/200/145
f 168/200/145 169/201/146 170/202/147
f 174/206/151 171/203/148 172/204/149
f 172/204/149 173/205/150 174/206/151
f 173/205/150 172/204/149 175/207/152
f 175/207/152 176/208/153 173/205/150
f 176/208/153 175/207/152 169/201/146
f 169/201/146 168/200/145 176/208/153
f 178/210/155 167/199/144 170/202/147
f 170/202/147 177/209/154 178/210/155
f 180/212/157 179/211/156 171/203/148
f 171/203/148 174/206/151 180/212/157
f 184/216/161 181/213/158 182/214/159
f 182/214/159 183/215/160 184/216/161
f 183/215/160 182/214/159 179/211/156
f 179/211/156 180/212/157 183/215/160
f 187/219/164 185/217/162 182/214/159
f 187/219/164 182/214/159 181/213/158
f 181/213/158 186/218/163 187/219/164
f 185/217/162 188/220/165 179/211/156
f 179/211/156 182/214/159 185/217/162
f 188/220/165 189/221/166 171/203/148
f 171/203/148 179/211/156 188/220/165
f 189/221/166 190/222/167 172/204/149
f 172/204/149 171/203/148 189/221/166
f 190/222/167 191/223/168 175/207/152
f 175/207/152 172/204/149 190/222/167
f 191/223/168 192/224/169 169/201/146
f 169/201/146 175/207/152 191/223/168
f 193/225/170 170/202/147 169/201/146
f 169/201/146 192/224/169 193/225/170
f 194/226/171 177/209/154 170/202/147
f 170/202/147 193/225/170 194/226/171
f 198/230/175 195/227/172 196/228/173
f 196/228/173 197/229/174 198/230/175
f 202/234/179 199/231/176 200/232/177
f 200/232/177 201/233/178 202/234/179
f 204/236/180 198/230/175 197/229/174
f 197/229/174 203/235/175 204/236/180
f 208/240/184 205/237/181 206/238/182
f 206/238/182 207/239/183 208/240/184
f 195/227/172 205/237/181 208/240/184
f 208/240/184 196/228/173 195/227/172
f 210/242/186 208/240/184 207/239/183
f 207/239/183 209/241/185 210/242/186
f 211/243/187 196/228/173 208/240/184
f 208/240/184 210/242/186 211/243/187
f 212/244/188 197/229/174 196/228/173
f 196/228/173 211/243/187 212/244/188
f 213/245/189 203/235/175 197/229/174
f 197/229/174 212/244/188 213/245/189
f 215/247/191 214/246/190 201/233/178
f 201/233/178 200/232/177 215/247/191
f 220/252/196 216/248/192 217/249/193
f 220/252/196 217/249/193 218/250/194
f 218/250/194 219/251/195 220/252/196
f 222/254/198 221/253/197 216/248/192
f 216/248/192 220/252/196 222/254/198
f 214/246/190 217/249/193 216/248/192
f 216/248/192 201/233/178 214/246/190
f 221/253/197 202/234/179 201/233/178
f 201/233/178 216/248/192 221/253/197
f 199/231/176 204/236/180 203/235/175
f 203/235/175 200/232/177 199/231/176
f 213/245/189 215/247/191 200/232/177
f 200/232/177 203/235/175 213/245/189
f 108/126/104 107/125/103 223/255/199
f 108/126/104 223/255/199 224/256/200
f 108/126/104 224/256/200 42/48/201
f 108/126/104 42/48/201 109/127/105
f 224/256/200 223/255/199 104/122/99
f 224/256/200 104/122/99 103/121/98
f 224/256/200 103/121/98 43/49/100
f 224/256/200 43/49/100 42/48/201
f 35/41/34 34/40/33 45/51/39
f 35/41/34 45/51/39 44/50/38
f 35/41/34 44/50/38 39/45/43
f 35/41/34 39/45/43 36/42/35
f 167/199/144 71/257/202 80/258/203
f 80/258/203 168/200/145 167/199/144
f 173/205/150 86/259/204 89/260/205
f 89/260/205 174/206/151 173/205/150
f 176/208/153 83/261/206 86/259/204
f 86/259/204 173/205/150 176/208/153
f 168/200/145 80/258/203 83/261/206
f 83/261/206 176/208/153 168/200/145
f 177/209/154 76/262/207 72/263/163
f 72/263/163 178/210/155 177/209/154
f 178/210/155 72/263/163 71/257/202
f 71/257/202 167/199/144 178/210/155
f 174/206/151 89/260/205 92/264/208
f 92/264/208 180/212/157 174/206/151
f 183/215/160 95/265/209 98/266/210
f 98/266/210 184/216/161 183/215/160
f 184/216/161 98/266/210 101/267/211
f 101/267/211 181/213/158 184/216/161
f 180/212/157 92/264/208 95/265/209
f 95/265/209 183/215/160 180/212/157
f 181/213/158 101/267/211 104/268/163
f 104/268/163 186/218/163 181/213/158
f 186/218/163 104/268/163 223/269/212
f 223/269/212 187/219/164 186/218/163
f 187/219/164 223/269/212 107/270/213
f 107/270/213 185/217/162 187/219/164
f 185/217/162 107/270/213 106/271/214
f 106/271/214 188/220/165 185/217/162
f 188/220/165 106/271/214 112/272/215
f 112/272/215 189/221/166 188/220/165
f 189/221/166 112/272/215 115/273/216
f 115/273/216 190/222/167 189/221/166
f 190/222/167 115/273/216 118/274/217
f 118/274/217 191/223/168 190/222/167
f 191/223/168 118/274/217 121/275/218
f 121/275/218 192/224/169 191/223/168
f 192/224/169 121/275/218 124/276/219
f 124/276/219 193/225/170 192/224/169
f 193/225/170 124/276/219 127/277/220
f 127/277/220 194/226/171 193/225/170
f 194/226/171 127/277/220 76/262/207
f 76/262/207 177/209/154 194/226/171
f 198/230/175 13/278/175 10/279/221
f 10/279/221 195/227/172 198/230/175
f 202/234/179 22/280/222 19/281/223
f 19/281/223 199/231/176 202/234/179
f 204/236/180 16/282/224 13/278/175
f 13/278/175 198/230/175 204/236/180
f 205/237/181 7/283/225 3/284/226
f 3/284/226 206/238/182 205/237/181
f 206/238/182 3/284/226 2/285/227
f 2/285/227 207/239/183 206/238/182
f 195/227/172 10/279/221 7/283/225
f 7/283/225 205/237/181 195/227/172
f 207/239/183 2/285/227 67/286/228
f 67/286/228 209/241/185 207/239/183
f 209/241/185 67/286/228 64/287/229
f 64/287/229 210/242/186 209/241/185
f 210/242/186 64/287/229 61/288/230
f 61/288/230 211/243/187 210/242/186
f 211/243/187 61/288/230 58/289/231
f 58/289/231 212/244/188 211/243/187
f 212/244/188 58/289/231 55/290/232
f 55/290/232 213/245/189 212/244/188
f 215/247/191 52/291/233 49/292/234
f 49/292/234 214/246/190 215/247/191
f 217/249/193 46/293/235 45/294/236
f 45/294/236 218/250/194 217/249/193
f 218/250/194 45/294/236 34/295/175
f 34/295/175 219/251/195 218/250/194
f 219/251/195 34/295/175 31/296/237
f 31/296/237 220/252/196 219/251/195
f 220/252/196 31/296/237 28/297/238
f 28/297/238 222/254/198 220/252/196
f 222/254/198 28/297/238 25/298/239
f 25/298/239 221/253/197 222/254/198
f 214/246/190 49/292/234 46/293/235
f 46/293/235 217/249/193 214/246/190
f 221/253/197 25/298/239 22/280/222
f 22/280/222 202/234/179 221/253/197
f 199/231/176 19/281/223 16/282/224
f 16/282/224 204/236/180 199/231/176
f 213/245/189 55/290/232 52/291/233
f 52/291/233 215/247/191 213/245/189
f 228/302/241 225/299/240 226/300/240
f 226/300/240 227/301/241 228/302/241
f 232/306/243 229/303/163 230/304/163
f 230/304/163 231/305/242 232/306/243
f 234/310/246 226/307/244 225/308/244
f 225/308/244 233/309/245 234/310/246
f 227/301/249 226/300/247 234/311/248
f 234/311/248 235/312/247 227/301/249
f 236/316/253 233/313/250 225/314/251
f 225/314/251 228/315/252 236/316/253
f 240/320/256 237/317/254 238/318/255
f 238/318/255 239/319/251 240/320/256
f 242/324/259 240/321/257 239/322/258
f 239/322/258 241/323/258 242/324/259
f 246/328/163 243/325/163 244/326/163
f 244/326/163 245/327/163 246/328/163
f 248/332/263 247/329/260 229/330/261
f 229/330/261 232/331/262 248/332/263
f 250/336/267 246/333/264 245/334/265
f 245/334/265 249/335/266 250/336/267
f 243/340/271 251/337/268 252/338/269
f 252/338/269 244/339/270 243/340/271
f 231/344/275 230/341/272 253/342/273
f 253/342/273 254/343/274 231/344/275
f 230/341/276 229/330/276 247/329/241
f 247/329/241 253/342/241 230/341/276
f 256/346/278 248/332/263 232/331/262
f 232/331/262 255/345/277 256/346/278
f 236/316/253 257/347/279 258/348/280
f 258/348/280 233/313/250 236/316/253
f 259/350/281 234/310/246 233/309/245
f 233/309/245 258/349/281 259/350/281
f 235/312/247 234/311/248 259/351/268
f 259/351/268 260/352/282 235/312/247
f 262/354/283 261/353/247 231/344/275
f 231/344/275 254/343/274 262/354/283
f 263/355/284 255/356/285 232/306/243
f 263/355/284 232/306/243 231/305/242
f 263/355/284 231/305/242 261/357/286
f 265/359/288 250/336/267 249/335/266
f 249/335/266 264/358/287 265/359/288
f 248/332/263 266/360/289 267/361/289
f 267/361/289 247/329/260 248/332/263
f 268/362/241 253/342/241 247/329/241
f 247/329/241 267/361/241 268/362/241
f 269/363/291 254/343/274 253/342/273
f 253/342/273 268/362/290 269/363/291
f 251/337/268 270/364/275 271/365/292
f 271/365/292 252/338/269 251/337/268
f 257/347/279 237/317/254 240/320/256
f 240/320/256 258/348/280 257/347/279
f 250/336/267 256/366/278 255/367/277
f 255/367/277 246/333/264 250/336/267
f 243/325/163 246/328/163 255/356/285
f 243/325/163 255/356/285 263/355/284
f 263/355/284 261/357/286 243/325/163
f 251/337/268 243/340/271 261/353/247
f 261/353/247 262/354/283 251/337/268
f 272/369/294 260/352/282 259/351/268
f 259/351/268 242/368/293 272/369/294
f 242/324/259 259/350/281 258/349/281
f 258/349/281 240/321/257 242/324/259
f 266/360/289 236/370/253 228/302/252
f 228/302/252 267/361/289 266/360/289
f 237/317/254 265/359/288 264/358/287
f 264/358/287 238/318/255 237/317/254
f 270/364/275 272/369/294 273/371/295
f 273/371/295 271/365/292 270/364/275
f 235/312/247 269/363/291 268/362/290
f 268/362/290 227/301/249 235/312/247
f 227/301/241 268/362/241 267/361/241
f 267/361/241 228/302/241 227/301/241
f 256/375/298 262/372/296 254/373/297
f 254/373/297 248/374/297 256/375/298
f 248/379/299 254/376/299 269/377/299
f 269/377/299 266/378/299 248/379/299
f 265/381/300 270/364/300 251/337/301
f 251/337/301 250/380/301 265/381/300
f 250/383/302 251/382/302 262/372/296
f 262/372/296 256/375/298 250/383/302
f 257/387/305 260/384/303 272/385/304
f 272/385/304 237/386/304 257/387/305
f 237/391/306 272/388/306 270/389/300
f 270/389/300 265/390/300 237/391/306
f 266/378/299 269/377/299 235/392/299
f 235/392/299 236/393/299 266/378/299
f 236/395/308 235/394/307 260/384/303
f 260/384/303 257/387/305 236/395/308
f 241/396/309 273/371/295 272/369/294
f 272/369/294 242/368/293 241/396/309
f 277/400/313 274/397/310 275/398/311
f 275/398/311 276/399/312 277/400/313
f 281/404/316 278/401/314 279/402/315
f 279/402/315 280/403/163 281/404/316
f 283/406/318 281/404/316 280/403/163
f 280/403/163 282/405/317 283/406/318
f 276/399/312 283/406/318 282/405/317
f 282/405/317 277/400/313 276/399/312
f 275/398/311 274/397/310 284/407/319
f 284/407/319 285/408/320 275/398/311
f 278/401/314 286/409/321 287/410/322
f 287/410/322 279/402/315 278/401/314
f 291/414/326 288/411/323 289/412/324
f 289/412/324 290/413/325 291/414/326
f 286/409/321 291/414/326 290/413/325
f 290/413/325 287/410/322 286/409/321
f 291/414/326 292/415/327 293/416/163
f 291/414/326 293/416/163 294/417/328
f 294/417/328 288/411/323 291/414/326
f 286/409/321 295/418/329 292/415/327
f 292/415/327 291/414/326 286/409/321
f 278/401/314 296/419/330 295/418/329
f 295/418/329 286/409/321 278/401/314
f 281/404/316 297/420/331 296/419/330
f 296/419/330 278/401/314 281/404/316
f 283/406/318 298/421/332 297/420/331
f 297/420/331 281/404/316 283/406/318
f 276/399/312 299/422/333 298/421/332
f 298/421/332 283/406/318 276/399/312
f 276/399/312 275/398/311 300/423/334
f 300/423/334 299/422/333 276/399/312
f 275/398/311 285/408/320 301/424/335
f 301/424/335 300/423/334 275/398/311
f 305/428/339 302/425/336 303/426/337
f 303/426/337 304/427/338 305/428/339
f 309/432/343 306/429/340 307/430/341
f 307/430/341 308/431/342 309/432/343
f 304/427/338 303/426/337 310/433/344
f 310/433/344 311/434/345 304/427/338
f 315/438/349 312/435/346 313/436/347
f 313/436/347 314/437/348 315/438/349
f 313/436/347 312/435/346 302/425/336
f 302/425/336 305/428/339 313/436/347
f 314/437/348 313/436/347 316/439/350
f 316/439/350 317/440/351 314/437/348
f 313/436/347 305/428/339 318/441/352
f 318/441/352 316/439/350 313/436/347
f 305/428/339 304/427/338 319/442/175
f 319/442/175 318/441/352 305/428/339
f 304/427/338 311/434/345 320/443/175
f 320/443/175 319/442/175 304/427/338
f 308/431/342 321/444/353 322/445/354
f 322/445/354 309/432/343 308/431/342
f 327/450/359 323/446/355 324/447/356
f 327/450/359 324/447/356 325/448/357
f 325/448/357 326/449/358 327/450/359
f 323/446/355 328/451/360 329/452/361
f 329/452/361 324/447/356 323/446/355
f 323/446/355 327/450/359 321/444/353
f 321/444/353 308/431/342 323/446/355
f 308/431/342 307/430/341 328/451/360
f 328/451/360 323/446/355 308/431/342
f 311/434/345 310/433/344 306/429/340
f 306/429/340 309/432/343 311/434/345
f 309/432/343 322/445/354 320/443/175
f 320/443/175 311/434/345 309/432/343
f 330/453/362 331/454/363 332/455/364
f 330/453/362 332/455/364 333/456/365
f 330/453/362 333/456/365 334/457/365
f 330/453/362 334/457/365 335/458/366
f 338/461/369 336/459/367 337/460/368
f 338/461/369 337/460/368 331/454/363
f 338/461/369 331/454/363 330/453/362
f 330/453/362 335/458/366 338/461/369
f 339/462/370 340/463/371 337/464/368
f 339/462/370 337/464/368 336/465/367
f 339/462/370 336/465/367 338/466/369
f 339/462/370 338/466/369 341/467/372
f 344/470/375 342/468/373 343/469/374
f 344/470/375 343/469/374 340/463/371
f 344/470/375 340/463/371 339/462/370
f 339/462/370 341/467/372 344/470/375
f 345/471/376 346/472/377 343/469/374
f 345/471/376 343/469/374 342/468/373
f 345/471/376 342/468/373 344/470/375
f 345/471/376 344/470/375 347/473/378
f 350/476/380 348/474/379 349/475/380
f 350/476/380 349/475/380 346/472/377
f 350/476/380 346/472/377 345/471/376
f 345/471/376 347/473/378 350/476/380
f 351/477/381 352/478/382 349/479/380
f 351/477/381 349/479/380 348/480/379
f 351/477/381 348/480/379 350/481/380
f 351/477/381 350/481/380 353/482/381
f 354/483/383 355/484/384 352/478/382
f 354/483/383 352/478/382 351/477/381
f 354/483/383 351/477/381 353/482/381
f 354/483/383 353/482/381 356/485/385
f 359/488/388 357/486/386 358/487/387
f 359/488/388 358/487/387 355/484/384
f 359/488/388 355/484/384 354/483/383
f 354/483/383 356/485/385 359/488/388
f 360/489/389 361/490/390 358/487/387
f 360/489/389 358/487/387 357/486/386
f 360/489/389 357/486/386 359/488/388
f 360/489/389 359/488/388 362/491/391
f 363/492/392 364/493/393 361/490/390
f 363/492/392 361/490/390 360/489/389
f 363/492/392 360/489/389 362/491/391
f 363/492/392 362/491/391 365/494/394
f 366/495/395 367/496/396 364/493/393
f 366/495/395 364/493/393 363/492/392
f 366/495/395 363/492/392 365/494/394
f 366/495/395 365/494/394 368/497/397
f 369/498/398 370/499/399 367/496/396
f 369/498/398 367/496/396 366/495/395
f 369/498/398 366/495/395 368/497/397
f 369/498/398 368/497/397 371/500/400
f 374/506/403 372/501/401 373/502/402
f 374/506/403 373/502/402 370/503/399
f 374/506/403 370/503/399 369/504/398
f 369/504/398 371/505/400 374/506/403
f 377/509/406 375/507/404 376/508/405
f 377/509/406 376/508/405 373/502/402
f 377/509/406 373/502/402 372/501/401
f 372/501/401 374/506/403 377/509/406
f 380/512/409 378/510/407 379/511/408
f 380/512/409 379/511/408 376/508/405
f 380/512/409 376/508/405 375/507/404
f 375/507/404 377/509/406 380/512/409
f 383/515/412 381/513/410 382/514/411
f 383/515/412 382/514/411 379/511/408
f 383/515/412 379/511/408 378/510/407
f 378/510/407 380/512/409 383/515/412
f 386/521/413 384/516/413 385/517/414
f 386/521/413 385/517/414 382/518/411
f 386/521/413 382/518/411 381/519/410
f 381/519/410 383/520/412 386/521/413
f 389/524/417 387/522/415 388/523/416
f 389/524/417 388/523/416 385/517/414
f 389/524/417 385/517/414 384/516/413
f 384/516/413 386/521/413 389/524/417
f 390/525/418 391/526/419 388/523/416
f 390/525/418 388/523/416 387/522/415
f 390/525/418 387/522/415 389/524/417
f 390/525/418 389/524/417 392/527/420
f 333/456/365 332/455/364 391/526/419
f 333/456/365 391/526/419 390/525/418
f 333/456/365 390/525/418 392/527/420
f 333/456/365 392/527/420 334/457/365
f 398/533/421 393/528/421 394/529/421
f 394/529/421 361/490/421 364/493/422
f 394/529/421 364/493/422 395/530/422
f 394/529/421 395/530/422 396/531/422
f 394/529/421 396/531/422 397/532/422
f 394/529/421 397/532/422 398/533/421
f 399/534/423 400/535/423 358/487/423
f 399/534/423 358/487/423 361/490/421
f 399/534/423 361/490/421 394/529/421
f 399/534/423 394/529/421 393/528/421
f 399/534/423 393/528/421 398/533/421
f 399/534/423 398/533/421 401/536/423
f 404/539/424 402/537/424 403/538/424
f 403/538/424 355/484/424 358/487/423
f 403/538/424 358/487/423 400/535/423
f 403/538/424 400/535/423 399/534/423
f 403/538/424 399/534/423 401/536/423
f 403/538/424 401/536/423 404/539/424
f 407/542/425 405/540/425 406/541/425
f 406/541/425 352/478/425 355/484/424
f 406/541/425 355/484/424 403/538/424
f 406/541/425 403/538/424 402/537/424
f 406/541/425 402/537/424 404/539/424
f 406/541/425 404/539/424 407/542/425
f 410/545/426 408/543/426 409/544/426
f 409/544/426 349/479/426 352/478/425
f 409/544/426 352/478/425 406/541/425
f 409/544/426 406/541/425 405/540/425
f 409/544/426 405/540/425 407/542/425
f 409/544/426 407/542/425 410/545/426
f 413/551/427 411/546/427 412/547/427
f 412/547/427 346/472/427 349/475/426
f 412/547/427 349/475/426 409/548/426
f 412/547/427 409/548/426 408/549/426
f 412/547/427 408/549/426 410/550/426
f 412/547/427 410/550/426 413/551/427
f 416/554/428 414/552/428 415/553/428
f 415/553/428 343/469/428 346/472/427
f 415/553/428 346/472/427 412/547/427
f 415/553/428 412/547/427 411/546/427
f 415/553/428 411/546/427 413/551/427
f 415/553/428 413/551/427 416/554/428
f 419/557/429 417/555/429 418/556/429
f 418/556/429 340/463/429 343/469/428
f 418/556/429 343/469/428 415/553/428
f 418/556/429 415/553/428 414/552/428
f 418/556/429 414/552/428 416/554/428
f 418/556/429 416/554/428 419/557/429
f 422/560/430 420/558/430 421/559/430
f 421/559/430 337/464/430 340/463/429
f 421/559/430 340/463/429 418/556/429
f 421/559/430 418/556/429 417/555/429
f 421/559/430 417/555/429 419/557/429
f 421/559/430 419/557/429 422/560/430
f 425/566/431 423/561/431 424/562/431
f 424/562/431 331/454/431 337/460/430
f 424/562/431 337/460/430 421/563/430
f 424/562/431 421/563/430 420/564/430
f 424/562/431 420/564/430 422/565/430
f 424/562/431 422/565/430 425/566/431
f 428/569/432 426/567/432 427/568/432
f 427/568/432 332/455/432 331/454/431
f 427/568/432 331/454/431 424/562/431
f 427/568/432 424/562/431 423/561/431
f 427/568/432 423/561/431 425/566/431
f 427/568/432 425/566/431 428/569/432
f 429/570/433 430/571/433 391/526/433
f 429/570/433 391/526/433 332/455/432
f 429/570/433 332/455/432 427/568/432
f 429/570/433 427/568/432 426/567/432
f 429/570/433 426/567/432 428/569/432
f 429/570/433 428/569/432 431/572/433
f 434/575/434 432/573/434 433/574/434
f 433/574/434 388/523/434 391/526/433
f 433/574/434 391/526/433 430/571/433
f 433/574/434 430/571/433 429/570/433
f 433/574/434 429/570/433 431/572/433
f 433/574/434 431/572/433 434/575/434
f 437/578/435 435/576/435 436/577/435
f 436/577/435 385/517/435 388/523/434
f 436/577/435 388/523/434 433/574/434
f 436/577/435 433/574/434 432/573/434
f 436/577/435 432/573/434 434/575/434
f 436/577/435 434/575/434 437/578/435
f 440/581/436 438/579/436 439/580/436
f 439/580/436 382/518/436 385/517/435
f 439/580/436 385/517/435 436/577/435
f 439/580/436 436/577/435 435/576/435
f 439/580/436 435/576/435 437/578/435
f 439/580/436 437/578/435 440/581/436
f 443/587/437 441/582/437 442/583/437
f 442/583/437 379/511/437 382/514/436
f 442/583/437 382/514/436 439/584/436
f 442/583/437 439/584/436 438/585/436
f 442/583/437 438/585/436 440/586/436
f 442/583/437 440/586/436 443/587/437
f 446/590/438 444/588/438 445/589/438
f 445/589/438 376/508/438 379/511/437
f 445/589/438 379/511/437 442/583/437
f 445/589/438 442/583/437 441/582/437
f 445/589/438 441/582/437 443/587/437
f 445/589/438 443/587/437 446/590/438
f 449/593/439 447/591/439 448/592/439
f 448/592/439 373/502/439 376/508/438
f 448/592/439 376/508/438 445/589/438
f 448/592/439 445/589/438 444/588/438
f 448/592/439 444/588/438 446/590/438
f 448/592/439 446/590/438 449/593/439
f 452/596/440 450/594/440 451/595/440
f 451/595/440 370/503/440 373/502/439
f 451/595/440 373/502/439 448/592/439
f 451/595/440 448/592/439 447/591/439
f 451/595/440 447/591/439 449/593/439
f 451/595/440 449/593/439 452/596/440
f 455/602/441 453/597/441 454/598/441
f 454/598/441 367/496/441 370/499/440
f 454/598/441 370/499/440 451/599/440
f 454/598/441 451/599/440 450/600/440
f 454/598/441 450/600/440 452/601/440
f 454/598/441 452/601/440 455/602/441
f 397/532/422 396/531/422 395/530/422
f 395/530/422 364/493/422 367/496/441
f 395/530/422 367/496/441 454/598/441
f 395/530/422 454/598/441 453/597/441
f 395/530/422 453/597/441 455/602/441
f 395/530/422 455/602/441 397/532/422
f 459/606/447 456/603/442 431/572/443
f 459/606/447 431/572/443 428/569/444
f 459/606/447 428/569/444 457/604/445
f 457/604/445 458/605/446 459/606/447
f 460/607/448 434/575/449 431/572/443
f 460/607/448 431/572/443 456/603/442
f 460/607/448 456/603/442 459/606/447
f 460/607/448 459/606/447 461/608/450
f 463/610/453 462/609/451 437/578/452
f 463/610/453 437/578/452 434/575/449
f 463/610/453 434/575/449 460/607/448
f 460/607/448 461/608/450 463/610/453
f 465/612/456 464/611/454 440/581/455
f 440/581/455 437/578/452 462/609/451
f 440/581/455 462/609/451 463/610/453
f 440/581/455 463/610/453 465/612/456
f 466/613/457 443/587/458 440/586/455
f 466/613/457 440/586/455 464/614/454
f 466/613/457 464/614/454 465/615/456
f 466/613/457 465/615/456 467/616/459
f 469/618/462 468/617/460 446/590/461
f 469/618/462 446/590/461 443/587/458
f 469/618/462 443/587/458 466/613/457
f 466/613/457 467/616/459 469/618/462
f 471/620/465 470/619/463 449/593/464
f 471/620/465 449/593/464 446/590/461
f 471/620/465 446/590/461 468/617/460
f 468/617/460 469/618/462 471/620/465
f 473/622/468 472/621/466 452/596/467
f 473/622/468 452/596/467 449/593/464
f 473/622/468 449/593/464 470/619/463
f 470/619/463 471/620/465 473/622/468
f 475/626/471 474/623/469 455/602/470
f 475/626/471 455/602/470 452/601/467
f 475/626/471 452/601/467 472/624/466
f 472/624/466 473/625/468 475/626/471
f 476/627/472 397/532/473 455/602/470
f 476/627/472 455/602/470 474/623/469
f 476/627/472 474/623/469 475/626/471
f 476/627/472 475/626/471 477/628/474
f 478/629/475 398/533/476 397/532/473
f 478/629/475 397/532/473 476/627/472
f 478/629/475 476/627/472 477/628/474
f 478/629/475 477/628/474 479/630/477
f 481/632/480 480/631/478 401/536/479
f 481/632/480 401/536/479 398/533/476
f 481/632/480 398/533/476 478/629/475
f 478/629/475 479/630/477 481/632/480
f 483/634/483 482/633/481 404/539/482
f 483/634/483 404/539/482 401/536/479
f 483/634/483 401/536/479 480/631/478
f 480/631/478 481/632/480 483/634/483
f 484/635/484 407/542/485 404/539/482
f 484/635/484 404/539/482 482/633/481
f 484/635/484 482/633/481 483/634/483
f 484/635/484 483/634/483 485/636/486
f 486/637/487 410/545/488 407/542/485
f 486/637/487 407/542/485 484/635/484
f 486/637/487 484/635/484 485/636/486
f 486/637/487 485/636/486 487/638/489
f 488/639/490 413/551/491 410/550/488
f 488/639/490 410/550/488 486/640/487
f 488/639/490 486/640/487 487/641/489
f 488/639/490 487/641/489 489/642/492
f 491/644/495 490/643/493 416/554/494
f 491/644/495 416/554/494 413/551/491
f 491/644/495 413/551/491 488/639/490
f 488/639/490 489/642/492 491/644/495
f 493/646/498 492/645/496 419/557/497
f 493/646/498 419/557/497 416/554/494
f 493/646/498 416/554/494 490/643/493
f 490/643/493 491/644/495 493/646/498
f 495/648/501 494/647/499 422/560/500
f 495/648/501 422/560/500 419/557/497
f 495/648/501 419/557/497 492/645/496
f 492/645/496 493/646/498 495/648/501
f 496/649/502 425/566/503 422/565/500
f 496/649/502 422/565/500 494/650/499
f 496/649/502 494/650/499 495/651/501
f 496/649/502 495/651/501 497/652/504
f 458/605/446 457/604/445 428/569/444
f 458/605/446 428/569/444 425/566/503
f 458/605/446 425/566/503 496/649/502
f 496/649/502 497/652/504 458/605/446
f 338/654/505 335/653/163 274/397/310
f 274/397/310 277/400/313 338/654/505
f 347/656/163 344/655/163 280/403/163
f 280/403/163 279/402/315 347/656/163
f 344/655/163 341/657/506 282/405/317
f 282/405/317 280/403/163 344/655/163
f 341/657/506 338/654/505 277/400/313
f 277/400/313 282/405/317 341/657/506
f 334/659/508 392/658/507 285/408/320
f 285/408/320 284/407/319 334/659/508
f 335/653/163 334/659/508 284/407/319
f 284/407/319 274/397/310 335/653/163
f 350/660/163 347/656/163 279/402/315
f 279/402/315 287/410/322 350/660/163
f 356/662/510 353/661/509 290/413/325
f 290/413/325 289/412/324 356/662/510
f 359/663/511 356/662/510 289/412/324
f 289/412/324 288/411/323 359/663/511
f 353/661/509 350/660/163 287/410/322
f 287/410/322 290/413/325 353/661/509
f 362/664/512 359/663/511 288/411/323
f 288/411/323 294/417/328 362/664/512
f 365/665/163 362/664/512 294/417/328
f 294/417/328 293/416/163 365/665/163
f 368/666/163 365/665/163 293/416/163
f 293/416/163 292/415/327 368/666/163
f 371/667/163 368/666/163 292/415/327
f 292/415/327 295/418/329 371/667/163
f 374/668/163 371/667/163 295/418/329
f 295/418/329 296/419/330 374/668/163
f 377/669/513 374/668/163 296/419/330
f 296/419/330 297/420/331 377/669/513
f 380/670/514 377/669/513 297/420/331
f 297/420/331 298/421/332 380/670/514
f 383/671/515 380/670/514 298/421/332
f 298/421/332 299/422/333 383/671/515
f 386/672/516 383/671/515 299/422/333
f 299/422/333 300/423/334 386/672/516
f 389/673/517 386/672/516 300/423/334
f 300/423/334 301/424/335 389/673/517
f 392/658/507 389/673/517 301/424/335
f 301/424/335 285/408/320 392/658/507
f 495/675/175 493/674/175 303/426/337
f 303/426/337 302/425/336 495/675/175
f 489/677/175 487/676/175 307/430/341
f 307/430/341 306/429/340 489/677/175
f 493/674/175 491/678/175 310/433/344
f 310/433/344 303/426/337 493/674/175
f 458/680/519 497/679/518 312/435/346
f 312/435/346 315/438/349 458/680/519
f 459/681/520 458/680/519 315/438/349
f 315/438/349 314/437/348 459/681/520
f 497/679/518 495/675/175 302/425/336
f 302/425/336 312/435/346 497/679/518
f 461/682/521 459/681/520 314/437/348
f 314/437/348 317/440/351 461/682/521
f 463/683/175 461/682/521 317/440/351
f 317/440/351 316/439/350 463/683/175
f 465/684/175 463/683/175 316/439/350
f 316/439/350 318/441/352 465/684/175
f 467/685/175 465/684/175 318/441/352
f 318/441/352 319/442/175 467/685/175
f 469/686/175 467/685/175 319/442/175
f 319/442/175 320/443/175 469/686/175
f 473/688/175 471/687/175 322/445/354
f 322/445/354 321/444/353 473/688/175
f 477/690/175 475/689/175 327/450/359
f 327/450/359 326/449/358 477/690/175
f 479/691/175 477/690/175 326/449/358
f 326/449/358 325/448/357 479/691/175
f 481/692/522 479/691/175 325/448/357
f 325/448/357 324/447/356 481/692/522
f 483/693/523 481/692/522 324/447/356
f 324/447/356 329/452/361 483/693/523
f 485/694/175 483/693/523 329/452/361
f 329/452/361 328/451/360 485/694/175
f 475/689/175 473/688/175 321/444/353
f 321/444/353 327/450/359 475/689/175
f 487/676/175 485/694/175 328/451/360
f 328/451/360 307/430/341 487/676/175
f 491/678/175 489/677/175 306/429/340
f 306/429/340 310/433/344 491/678/175
f 471/687/175 469/686/175 320/443/175
f 320/443/175 322/445/354 471/687/175
f 501/698/526 498/695/524 499/696/524
f 499/696/524 500/697/525 501/698/526
f 503/702/527 501/699/527 500/700/527
f 500/700/527 502/701/527 503/702/527
f 507/706/529 504/703/528 505/704/528
f 505/704/528 506/705/529 507/706/529
f 498/695/524 507/707/530 506/708/530
f 506/708/530 499/696/524 498/695/524
f 511/712/533 508/709/531 509/710/532
f 509/710/532 510/711/533 511/712/533
f 504/703/528 511/713/534 510/714/534
f 510/714/534 505/704/528 504/703/528
f 513/716/527 503/702/527 502/701/527
f 502/701/527 512/715/527 513/716/527
f 508/709/531 513/717/535 512/718/536
f 512/718/536 509/710/532 508/709/531
f 515/722/540 499/719/537 506/720/538
f 506/720/538 514/721/539 515/722/540
f 516/724/542 500/723/541 499/719/537
f 499/719/537 515/722/540 516/724/542
f 518/728/546 517/725/543 498/726/544
f 498/726/544 501/727/545 518/728/546
f 517/725/543 519/729/547 507/706/548
f 507/706/548 498/726/544 517/725/543
f 523/733/549 520/730/549 521/731/549
f 521/731/549 522/732/549 523/733/549
f 525/735/549 524/734/549 520/730/549
f 520/730/549 523/733/549 525/735/549
f 527/737/550 526/736/550 524/734/549
f 524/734/549 525/735/549 527/737/550
f 515/741/163 517/738/163 518/739/163
f 518/739/163 516/740/163 515/741/163
f 515/741/163 514/742/163 519/743/163
f 519/743/163 517/738/163 515/741/163
f 531/747/551 528/744/551 529/745/552
f 529/745/552 530/746/553 531/747/551
f 533/749/554 532/748/554 528/744/551
f 528/744/551 531/747/551 533/749/554
f 523/751/558 522/750/555 512/715/556
f 512/715/556 502/701/557 523/751/558
f 523/751/558 502/701/557 500/700/541
f 500/700/541 525/752/559 523/751/558
f 525/752/559 500/700/541 516/753/542
f 516/753/542 527/754/560 525/752/559
f 516/740/163 518/739/163 526/755/163
f 526/755/163 527/756/163 516/740/163
f 524/734/562 526/736/561 518/728/546
f 518/728/546 501/727/545 524/734/562
f 520/730/564 524/734/562 501/727/545
f 501/727/545 503/757/563 520/730/564
f 521/759/565 520/758/564 503/702/563
f 503/702/563 513/716/547 521/759/565
f 533/749/554 534/760/566 535/761/566
f 535/761/566 532/748/554 533/749/554
f 537/765/570 505/762/567 510/763/568
f 510/763/568 536/764/569 537/765/570
f 530/746/553 529/745/552 538/766/571
f 530/746/553 538/766/571 539/767/571
f 539/767/571 540/768/571 530/746/553
f 511/713/575 504/703/572 541/769/573
f 541/769/573 542/770/574 511/713/575
f 504/703/572 507/706/548 543/771/576
f 543/771/576 541/769/573 504/703/572
f 507/706/548 519/729/547 544/772/577
f 544/772/577 543/771/576 507/706/548
f 545/774/163 544/773/163 519/743/163
f 519/743/163 514/742/163 545/774/163
f 546/778/579 545/775/578 514/776/539
f 514/776/539 506/777/538 546/778/579
f 546/778/579 506/777/538 505/762/567
f 505/762/567 537/765/570 546/778/579
f 533/780/581 512/715/556 522/750/555
f 522/750/555 534/779/580 533/780/581
f 535/782/582 534/781/582 522/732/549
f 522/732/549 521/731/549 535/782/582
f 532/784/583 535/782/547 521/731/565
f 521/731/565 513/783/547 532/784/583
f 528/788/585 532/785/583 513/786/547
f 513/786/547 508/787/584 528/788/585
f 529/790/586 528/788/585 508/787/584
f 508/787/584 511/789/575 529/790/586
f 538/792/587 529/791/586 511/713/575
f 511/713/575 542/770/574 538/792/587
f 536/764/569 510/763/568 530/793/588
f 530/793/588 540/794/555 536/764/569
f 531/796/590 530/793/588 510/763/568
f 510/763/568 509/795/589 531/796/590
f 531/796/590 509/795/589 512/715/556
f 512/715/556 533/780/581 531/796/590
f 550/800/594 547/797/591 548/798/592
f 548/798/592 549/799/593 550/800/594
f 554/804/597 551/801/595 552/802/596
f 552/802/596 553/803/163 554/804/597
f 556/806/599 554/804/597 553/803/163
f 553/803/163 555/805/598 556/806/599
f 549/799/593 556/806/599 555/805/598
f 555/805/598 550/800/594 549/799/593
f 548/798/592 547/797/591 557/807/600
f 557/807/600 558/808/601 548/798/592
f 551/801/595 559/809/602 560/810/603
f 560/810/603 552/802/596 551/801/595
f 564/814/607 561/811/604 562/812/605
f 562/812/605 563/813/606 564/814/607
f 559/809/602 564/814/607 563/813/606
f 563/813/606 560/810/603 559/809/602
f 564/814/607 565/815/608 566/816/163
f 564/814/607 566/816/163 567/817/609
f 567/817/609 561/811/604 564/814/607
f 559/809/602 568/818/610 565/815/608
f 565/815/608 564/814/607 559/809/602
f 551/801/595 569/819/611 568/818/610
f 568/818/610 559/809/602 551/801/595
f 554/804/597 570/820/612 569/819/611
f 569/819/611 551/801/595 554/804/597
f 556/806/599 571/821/613 570/820/612
f 570/820/612 554/804/597 556/806/599
f 549/799/593 572/822/614 571/821/613
f 571/821/613 556/806/599 549/799/593
f 549/799/593 548/798/592 573/823/615
f 573/823/615 572/822/614 549/799/593
f 548/798/592 558/808/601 574/824/616
f 574/824/616 573/823/615 548/798/592
f 578/828/620 575/825/617 576/826/618
f 576/826/618 577/827/619 578/828/620
f 582/832/624 579/829/621 580/830/622
f 580/830/622 581/831/623 582/832/624
f 577/827/619 576/826/618 583/833/625
f 583/833/625 584/834/626 577/827/619
f 588/838/630 585/835/627 586/836/628
f 586/836/628 587/837/629 588/838/630
f 586/836/628 585/835/627 575/825/617
f 575/825/617 578/828/620 586/836/628
f 587/837/629 586/836/628 589/839/631
f 589/839/631 590/840/632 587/837/629
f 586/836/628 578/828/620 591/841/633
f 591/841/633 589/839/631 586/836/628
f 578/828/620 577/827/619 592/842/175
f 592/842/175 591/841/633 578/828/620
f 577/827/619 584/834/626 593/843/175
f 593/843/175 592/842/175 577/827/619
f 581/831/623 594/844/634 595/845/635
f 595/845/635 582/832/624 581/831/623
f 600/850/640 596/846/636 597/847/637
f 600/850/640 597/847/637 598/848/638
f 598/848/638 599/849/639 600/850/640
f 596/846/636 601/851/641 602/852/642
f 602/852/642 597/847/637 596/846/636
f 596/846/636 600/850/640 594/844/634
f 594/844/634 581/831/623 596/846/636
f 581/831/623 580/830/622 601/851/641
f 601/851/641 596/846/636 581/831/623
f 584/834/626 583/833/625 579/829/621
f 579/829/621 582/832/624 584/834/626
f 582/832/624 595/845/635 593/843/175
f 593/843/175 584/834/626 582/832/624
f 608/858/647 603/853/643 604/854/644
f 608/858/647 604/854/644 605/855/645
f 608/858/647 605/855/645 606/856/646
f 606/856/646 607/857/646 608/858/647
f 611/861/650 609/859/648 610/860/649
f 611/861/650 610/860/649 604/854/644
f 611/861/650 604/854/644 603/853/643
f 603/853/643 608/858/647 611/861/650
f 612/862/651 613/863/652 610/864/649
f 612/862/651 610/864/649 609/865/648
f 612/862/651 609/865/648 611/866/650
f 612/862/651 611/866/650 614/867/653
f 617/870/656 615/868/654 616/869/655
f 617/870/656 616/869/655 613/863/652
f 617/870/656 613/863/652 612/862/651
f 612/862/651 614/867/653 617/870/656
f 618/871/657 619/872/658 616/869/655
f 618/871/657 616/869/655 615/868/654
f 618/871/657 615/868/654 617/870/656
f 618/871/657 617/870/656 620/873/659
f 623/876/661 621/874/660 622/875/661
f 623/876/661 622/875/661 619/872/658
f 623/876/661 619/872/658 618/871/657
f 618/871/657 620/873/659 623/876/661
f 624/877/662 625/878/663 622/879/661
f 624/877/662 622/879/661 621/880/660
f 624/877/662 621/880/660 623/881/661
f 624/877/662 623/881/661 626/882/662
f 629/885/666 627/883/664 628/884/665
f 629/885/666 628/884/665 625/878/663
f 629/885/666 625/878/663 624/877/662
f 624/877/662 626/882/662 629/885/666
f 632/888/669 630/886/667 631/887/668
f 632/888/669 631/887/668 628/884/665
f 632/888/669 628/884/665 627/883/664
f 627/883/664 629/885/666 632/888/669
f 635/891/672 633/889/670 634/890/671
f 635/891/672 634/890/671 631/887/668
f 635/891/672 631/887/668 630/886/667
f 630/886/667 632/888/669 635/891/672
f 638/894/675 636/892/673 637/893/674
f 638/894/675 637/893/674 634/890/671
f 638/894/675 634/890/671 633/889/670
f 633/889/670 635/891/672 638/894/675
f 639/895/676 640/896/677 637/893/674
f 639/895/676 637/893/674 636/892/673
f 639/895/676 636/892/673 638/894/675
f 639/895/676 638/894/675 641/897/678
f 642/898/679 643/899/680 640/896/677
f 642/898/679 640/896/677 639/895/676
f 642/898/679 639/895/676 641/897/678
f 642/898/679 641/897/678 644/900/681
f 647/906/684 645/901/682 646/902/683
f 647/906/684 646/902/683 643/903/680
f 647/906/684 643/903/680 642/904/679
f 642/904/679 644/905/681 647/906/684
f 650/909/687 648/907/685 649/908/686
f 650/909/687 649/908/686 646/902/683
f 650/909/687 646/902/683 645/901/682
f 645/901/682 647/906/684 650/909/687
f 653/912/690 651/910/688 652/911/689
f 653/912/690 652/911/689 649/908/686
f 653/912/690 649/908/686 648/907/685
f 648/907/685 650/909/687 653/912/690
f 656/915/693 654/913/691 655/914/692
f 656/915/693 655/914/692 652/911/689
f 656/915/693 652/911/689 651/910/688
f 651/910/688 653/912/690 656/915/693
f 659/921/694 657/916/694 658/917/695
f 659/921/694 658/917/695 655/918/692
f 659/921/694 655/918/692 654/919/691
f 654/919/691 656/920/693 659/921/694
f 662/924/698 660/922/696 661/923/697
f 662/924/698 661/923/697 658/917/695
f 662/924/698 658/917/695 657/916/694
f 657/916/694 659/921/694 662/924/698
f 663/925/699 664/926/700 661/923/697
f 663/925/699 661/923/697 660/922/696
f 663/925/699 660/922/696 662/924/698
f 663/925/699 662/924/698 665/927/701
f 606/856/646 605/855/645 664/926/700
f 606/856/646 664/926/700 663/925/699
f 606/856/646 663/925/699 665/927/701
f 606/856/646 665/927/701 607/857/646
f 671/933/702 666/928/702 667/929/702
f 667/929/702 634/890/702 637/893/703
f 667/929/702 637/893/703 668/930/703
f 667/929/702 668/930/703 669/931/703
f 667/929/702 669/931/703 670/932/703
f 667/929/702 670/932/703 671/933/702
f 672/934/704 673/935/704 631/887/704
f 672/934/704 631/887/704 634/890/702
f 672/934/704 634/890/702 667/929/702
f 672/934/704 667/929/702 666/928/702
f 672/934/704 666/928/702 671/933/702
f 672/934/704 671/933/702 674/936/704
f 677/939/705 675/937/705 676/938/705
f 676/938/705 628/884/705 631/887/704
f 676/938/705 631/887/704 673/935/704
f 676/938/705 673/935/704 672/934/704
f 676/938/705 672/934/704 674/936/704
f 676/938/705 674/936/704 677/939/705
f 680/942/706 678/940/706 679/941/706
f 679/941/706 625/878/706 628/884/705
f 679/941/706 628/884/705 676/938/705
f 679/941/706 676/938/705 675/937/705
f 679/941/706 675/937/705 677/939/705
f 679/941/706 677/939/705 680/942/706
f 683/945/707 681/943/707 682/944/707
f 682/944/707 622/879/707 625/878/706
f 682/944/707 625/878/706 679/941/706
f 682/944/707 679/941/706 678/940/706
f 682/944/707 678/940/706 680/942/706
f 682/944/707 680/942/706 683/945/707
f 686/951/137 684/946/137 685/947/137
f 685/947/137 619/872/137 622/875/707
f 685/947/137 622/875/707 682/948/707
f 685/947/137 682/948/707 681/949/707
f 685/947/137 681/949/707 683/950/707
f 685/947/137 683/950/707 686/951/137
f 689/954/708 687/952/708 688/953/708
f 688/953/708 616/869/708 619/872/137
f 688/953/708 619/872/137 685/947/137
f 688/953/708 685/947/137 684/946/137
f 688/953/708 684/946/137 686/951/137
f 688/953/708 686/951/137 689/954/708
f 692/957/709 690/955/709 691/956/709
f 691/956/709 613/863/709 616/869/708
f 691/956/709 616/869/708 688/953/708
f 691/956/709 688/953/708 687/952/708
f 691/956/709 687/952/708 689/954/708
f 691/956/709 689/954/708 692/957/709
f 695/960/710 693/958/710 694/959/710
f 694/959/710 610/864/710 613/863/709
f 694/959/710 613/863/709 691/956/709
f 694/959/710 691/956/709 690/955/709
f 694/959/710 690/955/709 692/957/709
f 694/959/710 692/957/709 695/960/710
f 698/966/711 696/961/711 697/962/711
f 697/962/711 604/854/711 610/860/710
f 697/962/711 610/860/710 694/963/710
f 697/962/711 694/963/710 693/964/710
f 697/962/711 693/964/710 695/965/710
f 697/962/711 695/965/710 698/966/711
f 701/969/712 699/967/712 700/968/712
f 700/968/712 605/855/712 604/854/711
f 700/968/712 604/854/711 697/962/711
f 700/968/712 697/962/711 696/961/711
f 700/968/712 696/961/711 698/966/711
f 700/968/712 698/966/711 701/969/712
f 702/970/713 703/971/713 664/926/713
f 702/970/713 664/926/713 605/855/712
f 702/970/713 605/855/712 700/968/712
f 702/970/713 700/968/712 699/967/712
f 702/970/713 699/967/712 701/969/712
f 702/970/713 701/969/712 704/972/713
f 707/975/714 705/973/714 706/974/714
f 706/974/714 661/923/714 664/926/713
f 706/974/714 664/926/713 703/971/713
f 706/974/714 703/971/713 702/970/713
f 706/974/714 702/970/713 704/972/713
f 706/974/714 704/972/713 707/975/714
f 710/978/715 708/976/715 709/977/715
f 709/977/715 658/917/715 661/923/714
f 709/977/715 661/923/714 706/974/714
f 709/977/715 706/974/714 705/973/714
f 709/977/715 705/973/714 707/975/714
f 709/977/715 707/975/714 710/978/715
f 713/981/716 711/979/716 712/980/716
f 712/980/716 655/918/716 658/917/715
f 712/980/716 658/917/715 709/977/715
f 712/980/716 709/977/715 708/976/715
f 712/980/716 708/976/715 710/978/715
f 712/980/716 710/978/715 713/981/716
f 716/987/717 714/982/717 715/983/717
f 715/983/717 652/911/717 655/914/716
f 715/983/717 655/914/716 712/984/716
f 715/983/717 712/984/716 711/985/716
f 715/983/717 711/985/716 713/986/716
f 715/983/717 713/986/716 716/987/717
f 719/990/129 717/988/129 718/989/129
f 718/989/129 649/908/129 652/911/717
f 718/989/129 652/911/717 715/983/717
f 718/989/129 715/983/717 714/982/717
f 718/989/129 714/982/717 716/987/717
f 718/989/129 716/987/717 719/990/129
f 722/993/718 720/991/718 721/992/718
f 721/992/718 646/902/718 649/908/129
f 721/992/718 649/908/129 718/989/129
f 721/992/718 718/989/129 717/988/129
f 721/992/718 717/988/129 719/990/129
f 721/992/718 719/990/129 722/993/718
f 725/996/719 723/994/719 724/995/719
f 724/995/719 643/903/719 646/902/718
f 724/995/719 646/902/718 721/992/718
f 724/995/719 721/992/718 720/991/718
f 724/995/719 720/991/718 722/993/718
f 724/995/719 722/993/718 725/996/719
f 728/1002/720 726/997/720 727/998/720
f 727/998/720 640/896/720 643/899/719
f 727/998/720 643/899/719 724/999/719
f 727/998/720 724/999/719 723/1000/719
f 727/998/720 723/1000/719 725/1001/719
f 727/998/720 725/1001/719 728/1002/720
f 670/932/703 669/931/703 668/930/703
f 668/930/703 637/893/703 640/896/720
f 668/930/703 640/896/720 727/998/720
f 668/930/703 727/998/720 726/997/720
f 668/930/703 726/997/720 728/1002/720
f 668/930/703 728/1002/720 670/932/703
f 732/1006/726 729/1003/721 704/972/722
f 732/1006/726 704/972/722 701/969/723
f 732/1006/726 701/969/723 730/1004/724
f 730/1004/724 731/1005/725 732/1006/726
f 734/1008/729 733/1007/727 707/975/728
f 734/1008/729 707/975/728 704/972/722
f 734/1008/729 704/972/722 729/1003/721
f 729/1003/721 732/1006/726 734/1008/729
f 736/1010/732 735/1009/730 710/978/731
f 736/1010/732 710/978/731 707/975/728
f 736/1010/732 707/975/728 733/1007/727
f 733/1007/727 734/1008/729 736/1010/732
f 738/1012/735 737/1011/733 713/981/734
f 738/1012/735 713/981/734 710/978/731
f 738/1012/735 710/978/731 735/1009/730
f 735/1009/730 736/1010/732 738/1012/735
f 739/1013/736 716/987/737 713/986/734
f 739/1013/736 713/986/734 737/1014/733
f 739/1013/736 737/1014/733 738/1015/735
f 739/1013/736 738/1015/735 740/1016/738
f 742/1018/741 741/1017/739 719/990/740
f 742/1018/741 719/990/740 716/987/737
f 742/1018/741 716/987/737 739/1013/736
f 739/1013/736 740/1016/738 742/1018/741
f 744/1020/744 743/1019/742 722/993/743
f 744/1020/744 722/993/743 719/990/740
f 744/1020/744 719/990/740 741/1017/739
f 741/1017/739 742/1018/741 744/1020/744
f 746/1022/747 745/1021/745 725/996/746
f 746/1022/747 725/996/746 722/993/743
f 746/1022/747 722/993/743 743/1019/742
f 743/1019/742 744/1020/744 746/1022/747
f 748/1026/750 747/1023/748 728/1002/749
f 748/1026/750 728/1002/749 725/1001/746
f 748/1026/750 725/1001/746 745/1024/745
f 745/1024/745 746/1025/747 748/1026/750
f 749/1027/751 670/932/752 728/1002/749
f 749/1027/751 728/1002/749 747/1023/748
f 749/1027/751 747/1023/748 748/1026/750
f 749/1027/751 748/1026/750 750/1028/753
f 751/1029/754 671/933/755 670/932/752
f 751/1029/754 670/932/752 749/1027/751
f 751/1029/754 749/1027/751 750/1028/753
f 751/1029/754 750/1028/753 752/1030/756
f 754/1032/759 753/1031/757 674/936/758
f 754/1032/759 674/936/758 671/933/755
f 754/1032/759 671/933/755 751/1029/754
f 751/1029/754 752/1030/756 754/1032/759
f 756/1034/762 755/1033/760 677/939/761
f 756/1034/762 677/939/761 674/936/758
f 756/1034/762 674/936/758 753/1031/757
f 753/1031/757 754/1032/759 756/1034/762
f 758/1036/765 757/1035/763 680/942/764
f 758/1036/765 680/942/764 677/939/761
f 758/1036/765 677/939/761 755/1033/760
f 755/1033/760 756/1034/762 758/1036/765
f 759/1037/766 683/945/767 680/942/764
f 759/1037/766 680/942/764 757/1035/763
f 759/1037/766 757/1035/763 758/1036/765
f 759/1037/766 758/1036/765 760/1038/768
f 761/1039/769 686/951/770 683/950/767
f 761/1039/769 683/950/767 759/1040/766
f 761/1039/769 759/1040/766 760/1041/768
f 761/1039/769 760/1041/768 762/1042/771
f 764/1044/774 763/1043/772 689/954/773
f 764/1044/774 689/954/773 686/951/770
f 764/1044/774 686/951/770 761/1039/769
f 761/1039/769 762/1042/771 764/1044/774
f 766/1046/777 765/1045/775 692/957/776
f 766/1046/777 692/957/776 689/954/773
f 766/1046/777 689/954/773 763/1043/772
f 763/1043/772 764/1044/774 766/1046/777
f 768/1048/780 767/1047/778 695/960/779
f 768/1048/780 695/960/779 692/957/776
f 768/1048/780 692/957/776 765/1045/775
f 765/1045/775 766/1046/777 768/1048/780
f 769/1049/781 698/966/782 695/965/779
f 769/1049/781 695/965/779 767/1050/778
f 769/1049/781 767/1050/778 768/1051/780
f 769/1049/781 768/1051/780 770/1052/783
f 731/1005/725 730/1004/724 701/969/723
f 731/1005/725 701/969/723 698/966/782
f 731/1005/725 698/966/782 769/1049/781
f 769/1049/781 770/1052/783 731/1005/725
f 611/1054/784 608/1053/163 547/797/591
f 547/797/591 550/800/594 611/1054/784
f 620/1056/163 617/1055/163 553/803/163
f 553/803/163 552/802/596 620/1056/163
f 617/1055/163 614/1057/785 555/805/598
f 555/805/598 553/803/163 617/1055/163
f 614/1057/785 611/1054/784 550/800/594
f 550/800/594 555/805/598 614/1057/785
f 607/1059/787 665/1058/786 558/808/601
f 558/808/601 557/807/600 607/1059/787
f 608/1053/163 607/1059/787 557/807/600
f 557/807/600 547/797/591 608/1053/163
f 623/1060/163 620/1056/163 552/802/596
f 552/802/596 560/810/603 623/1060/163
f 629/1062/789 626/1061/788 563/813/606
f 563/813/606 562/812/605 629/1062/789
f 632/1063/790 629/1062/789 562/812/605
f 562/812/605 561/811/604 632/1063/790
f 626/1061/788 623/1060/163 560/810/603
f 560/810/603 563/813/606 626/1061/788
f 635/1064/791 632/1063/790 561/811/604
f 561/811/604 567/817/609 635/1064/791
f 638/1065/163 635/1064/791 567/817/609
f 567/817/609 566/816/163 638/1065/163
f 641/1066/163 638/1065/163 566/816/163
f 566/816/163 565/815/608 641/1066/163
f 644/1067/163 641/1066/163 565/815/608
f 565/815/608 568/818/610 644/1067/163
f 647/1068/163 644/1067/163 568/818/610
f 568/818/610 569/819/611 647/1068/163
f 650/1069/792 647/1068/163 569/819/611
f 569/819/611 570/820/612 650/1069/792
f 653/1070/793 650/1069/792 570/820/612
f 570/820/612 571/821/613 653/1070/793
f 656/1071/794 653/1070/793 571/821/613
f 571/821/613 572/822/614 656/1071/794
f 659/1072/795 656/1071/794 572/822/614
f 572/822/614 573/823/615 659/1072/795
f 662/1073/796 659/1072/795 573/823/615
f 573/823/615 574/824/616 662/1073/796
f 665/1058/786 662/1073/796 574/824/616
f 574/824/616 558/808/601 665/1058/786
f 768/1075/175 766/1074/175 576/826/618
f 576/826/618 575/825/617 768/1075/175
f 762/1077/175 760/1076/175 580/830/622
f 580/830/622 579/829/621 762/1077/175
f 766/1074/175 764/1078/175 583/833/625
f 583/833/625 576/826/618 766/1074/175
f 731/1080/798 770/1079/797 585/835/627
f 585/835/627 588/838/630 731/1080/798
f 732/1081/799 731/1080/798 588/838/630
f 588/838/630 587/837/629 732/1081/799
f 770/1079/797 768/1075/175 575/825/617
f 575/825/617 585/835/627 770/1079/797
f 734/1082/800 732/1081/799 587/837/629
f 587/837/629 590/840/632 734/1082/800
f 736/1083/175 734/1082/800 590/840/632
f 590/840/632 589/839/631 736/1083/175
f 738/1084/175 736/1083/175 589/839/631
f 589/839/631 591/841/633 738/1084/175
f 740/1085/175 738/1084/175 591/841/633
f 591/841/633 592/842/175 740/1085/175
f 742/1086/175 740/1085/175 592/842/175
f 592/842/175 593/843/175 742/1086/175
f 746/1088/175 744/1087/175 595/845/635
f 595/845/635 594/844/634 746/1088/175
f 750/1090/175 748/1089/175 600/850/640
f 600/850/640 599/849/639 750/1090/175
f 752/1091/175 750/1090/175 599/849/639
f 599/849/639 598/848/638 752/1091/175
f 754/1092/801 752/1091/175 598/848/638
f 598/848/638 597/847/637 754/1092/801
f 756/1093/802 754/1092/801 597/847/637
f 597/847/637 602/852/642 756/1093/802
f 758/1094/175 756/1093/802 602/852/642
f 602/852/642 601/851/641 758/1094/175
f 748/1089/175 746/1088/175 594/844/634
f 594/844/634 600/850/640 748/1089/175
f 760/1076/175 758/1094/175 601/851/641
f 601/851/641 580/830/622 760/1076/175
f 764/1078/175 762/1077/175 579/829/621
f 579/829/621 583/833/625 764/1078/175
f 744/1087/175 742/1086/175 593/843/175
f 593/843/175 595/845/635 744/1087/175
f 774/1098/805 771/1095/803 772/1096/803
f 772/1096/803 773/1097/804 774/1098/805
f 776/1102/806 774/1099/806 773/1100/806
f 773/1100/806 775/1101/806 776/1102/806
f 780/1106/808 777/1103/807 778/1104/807
f 778/1104/807 779/1105/808 780/1106/808
f 771/1095/803 780/1107/809 779/1108/809
f 779/1108/809 772/1096/803 771/1095/803
f 784/1112/812 781/1109/810 782/1110/811
f 782/1110/811 783/1111/812 784/1112/812
f 777/1103/807 784/1113/813 783/1114/813
f 783/1114/813 778/1104/807 777/1103/807
f 786/1116/806 776/1102/806 775/1101/806
f 775/1101/806 785/1115/806 786/1116/806
f 781/1109/810 786/1117/814 785/1118/815
f 785/1118/815 782/1110/811 781/1109/810
f 788/1122/819 787/1119/816 772/1120/817
f 772/1120/817 779/1121/818 788/1122/819
f 787/1119/816 789/1123/820 773/1124/821
f 773/1124/821 772/1120/817 787/1119/816
f 791/1128/824 790/1125/822 771/1126/589
f 771/1126/589 774/1127/823 791/1128/824
f 790/1125/822 792/1129/580 780/1106/825
f 780/1106/825 771/1126/589 790/1125/822
f 796/1133/826 793/1130/826 794/1131/826
f 794/1131/826 795/1132/826 796/1133/826
f 793/1130/826 797/1134/826 798/1135/826
f 798/1135/826 794/1131/826 793/1130/826
f 797/1134/826 799/1136/827 800/1137/827
f 800/1137/827 798/1135/826 797/1134/826
f 789/1141/163 787/1138/163 790/1139/163
f 790/1139/163 791/1140/163 789/1141/163
f 787/1138/163 788/1142/163 792/1143/163
f 792/1143/163 790/1139/163 787/1138/163
f 804/1147/831 801/1144/828 802/1145/829
f 802/1145/829 803/1146/830 804/1147/831
f 801/1144/828 805/1148/832 806/1149/832
f 806/1149/832 802/1145/829 801/1144/828
f 793/1151/544 796/1150/833 785/1115/834
f 785/1115/834 775/1101/834 793/1151/544
f 797/1153/835 793/1151/544 775/1101/834
f 797/1153/835 775/1101/834 773/1100/821
f 773/1100/821 807/1152/547 797/1153/835
f 789/1155/820 799/1154/836 797/1153/835
f 789/1155/820 797/1153/835 807/1152/547
f 807/1152/547 773/1100/821 789/1155/820
f 799/1157/163 789/1141/163 791/1140/163
f 791/1140/163 800/1156/163 799/1157/163
f 798/1135/838 800/1137/837 791/1128/824
f 791/1128/824 774/1127/823 798/1135/838
f 794/1131/840 798/1135/838 774/1127/823
f 774/1127/823 776/1158/839 794/1131/840
f 795/1160/842 794/1159/840 776/1102/839
f 776/1102/839 786/1116/841 795/1160/842
f 808/1161/843 806/1149/832 805/1148/832
f 808/1161/843 805/1148/832 809/1162/844
f 808/1161/843 809/1162/844 810/1163/845
f 814/1169/850 811/1164/846 812/1165/847
f 814/1169/850 812/1165/847 813/1166/847
f 814/1169/850 813/1166/847 778/1167/848
f 778/1167/848 783/1168/849 814/1169/850
f 816/1171/851 815/1170/851 804/1147/831
f 804/1147/831 803/1146/830 816/1171/851
f 818/1173/854 817/1172/852 784/1113/822
f 784/1113/822 777/1103/853 818/1173/854
f 819/1174/855 818/1173/854 777/1103/853
f 777/1103/853 780/1106/825 819/1174/855
f 820/1175/856 819/1174/855 780/1106/825
f 780/1106/825 792/1129/580 820/1175/856
f 788/1142/163 821/1176/163 820/1177/163
f 820/1177/163 792/1143/163 788/1142/163
f 824/1183/848 821/1178/857 788/1179/819
f 788/1179/819 779/1180/818 822/1181/858
f 788/1179/819 822/1181/858 823/1182/847
f 788/1179/819 823/1182/847 824/1183/848
f 811/1164/846 824/1183/848 823/1182/847
f 811/1164/846 823/1182/847 822/1181/858
f 811/1164/846 822/1181/858 779/1180/818
f 779/1180/818 778/1167/848 813/1166/847
f 779/1180/818 813/1166/847 812/1165/847
f 779/1180/818 812/1165/847 811/1164/846
f 796/1150/833 809/1184/820 805/1185/859
f 805/1185/859 785/1115/834 796/1150/833
f 809/1187/295 796/1133/826 795/1132/826
f 795/1132/826 810/1186/295 809/1187/295
f 810/1186/861 795/1132/842 786/1188/841
f 810/1186/861 786/1188/841 806/1189/860
f 806/1189/860 808/1190/861 810/1186/861
f 802/1194/863 806/1191/860 786/1192/841
f 786/1192/841 781/1193/862 802/1194/863
f 803/1196/864 802/1194/863 781/1193/862
f 781/1193/862 784/1195/822 803/1196/864
f 817/1172/852 816/1197/865 803/1198/864
f 803/1198/864 784/1113/822 817/1172/852
f 815/1200/867 814/1169/850 783/1168/849
f 783/1168/849 804/1199/866 815/1200/867
f 804/1199/866 783/1168/849 782/1201/545
f 782/1201/545 801/1202/819 804/1199/866
f 801/1202/819 782/1201/545 785/1115/834
f 785/1115/834 805/1185/859 801/1202/819
f 830/1208/873 825/1203/868 826/1204/869
f 830/1208/873 826/1204/869 827/1205/870
f 830/1208/873 827/1205/870 828/1206/871
f 828/1206/871 829/1207/872 830/1208/873
f 829/1207/872 828/1206/871 827/1205/870
f 829/1207/872 827/1205/870 831/1209/874
f 829/1207/872 831/1209/874 832/1210/875
f 832/1210/875 833/1211/876 829/1207/872
f 832/1210/875 831/1209/874 834/1212/877
f 832/1210/875 834/1212/877 835/1213/878
f 832/1210/875 835/1213/878 836/1214/879
f 832/1210/875 836/1214/879 833/1211/876
f 836/1220/879 835/1215/878 834/1216/877
f 836/1220/879 834/1216/877 837/1217/880
f 836/1220/879 837/1217/880 838/1218/881
f 838/1218/881 839/1219/882 836/1220/879
f 839/1219/882 838/1218/881 837/1217/880
f 839/1219/882 837/1217/880 840/1221/883
f 839/1219/882 840/1221/883 841/1222/884
f 841/1222/884 842/1223/885 839/1219/882
f 842/1223/885 841/1222/884 840/1221/883
f 842/1223/885 840/1221/883 843/1224/886
f 842/1223/885 843/1224/886 844/1225/887
f 844/1225/887 845/1226/888 842/1223/885
f 844/1225/887 843/1224/886 846/1227/889
f 844/1225/887 846/1227/889 847/1228/890
f 844/1225/887 847/1228/890 848/1229/891
f 844/1225/887 848/1229/891 845/1226/888
f 847/1230/890 846/1231/889 849/1232/892
f 847/1230/890 849/1232/892 850/1233/892
f 847/1230/890 850/1233/892 851/1234/893
f 847/1230/890 851/1234/893 848/1235/891
f 851/1234/893 850/1233/892 849/1232/892
f 851/1234/893 849/1232/892 852/1236/894
f 851/1234/893 852/1236/894 853/1237/895
f 853/1237/895 854/1238/896 851/1234/893
f 854/1238/896 853/1237/895 852/1236/894
f 854/1238/896 852/1236/894 855/1239/897
f 854/1238/896 855/1239/897 856/1240/898
f 856/1240/898 857/1241/899 854/1238/896
f 857/1241/899 856/1240/898 855/1239/897
f 857/1241/899 855/1239/897 858/1242/900
f 857/1241/899 858/1242/900 859/1243/901
f 859/1243/901 860/1244/902 857/1241/899
f 867/1251/903 861/1245/903 862/1246/903
f 862/1246/903 860/1244/903 863/1247/904
f 862/1246/903 863/1247/904 864/1248/904
f 862/1246/903 864/1248/904 865/1249/904
f 862/1246/903 865/1249/904 866/1250/904
f 862/1246/903 866/1250/904 867/1251/903
f 868/1252/905 869/1253/906 870/1254/907
f 868/1252/905 870/1254/907 871/1255/908
f 868/1252/905 871/1255/908 872/1256/909
f 868/1252/905 872/1256/909 863/1247/910
f 872/1256/909 871/1255/908 870/1254/907
f 872/1256/909 870/1254/907 873/1257/911
f 872/1256/909 873/1257/911 874/1258/912
f 874/1258/912 875/1259/913 872/1256/909
f 875/1265/913 874/1260/912 873/1261/911
f 875/1265/913 873/1261/911 876/1262/914
f 875/1265/913 876/1262/914 877/1263/915
f 877/1263/915 878/1264/916 875/1265/913
f 878/1264/916 877/1263/915 876/1262/914
f 878/1264/916 876/1262/914 879/1266/917
f 878/1264/916 879/1266/917 880/1267/918
f 880/1267/918 881/1268/919 878/1264/916
f 881/1268/919 880/1267/918 879/1266/917
f 881/1268/919 879/1266/917 882/1269/920
f 881/1268/919 882/1269/920 883/1270/921
f 883/1270/921 884/1271/922 881/1268/919
f 883/1270/921 882/1269/920 885/1272/923
f 883/1270/921 885/1272/923 886/1273/924
f 883/1270/921 886/1273/924 887/1274/925
f 883/1270/921 887/1274/925 884/1271/922
f 887/1280/925 886/1275/924 885/1276/923
f 887/1280/925 885/1276/923 888/1277/926
f 887/1280/925 888/1277/926 889/1278/927
f 889/1278/927 890/1279/928 887/1280/925
f 890/1279/928 889/1278/927 888/1277/926
f 890/1279/928 888/1277/926 891/1281/929
f 890/1279/928 891/1281/929 892/1282/930
f 892/1282/930 893/1283/931 890/1279/928
f 893/1283/931 892/1282/930 891/1281/929
f 893/1283/931 891/1281/929 826/1204/869
f 893/1283/931 826/1204/869 825/1203/868
f 825/1203/868 830/1208/873 893/1283/931
f 899/1289/937 894/1284/932 895/1285/933
f 899/1289/937 895/1285/933 896/1286/934
f 899/1289/937 896/1286/934 897/1287/935
f 897/1287/935 898/1288/936 899/1289/937
f 897/1287/935 896/1286/934 900/1290/938
f 897/1287/935 900/1290/938 901/1291/939
f 897/1287/935 901/1291/939 902/1292/940
f 897/1287/935 902/1292/940 898/1288/936
f 905/1295/943 903/1293/941 904/1294/942
f 905/1295/943 904/1294/942 895/1285/933
f 905/1295/943 895/1285/933 894/1284/932
f 894/1284/932 899/1289/937 905/1295/943
f 906/1296/944 907/1297/945 904/1298/942
f 906/1296/944 904/1298/942 903/1299/941
f 906/1296/944 903/1299/941 905/1300/943
f 906/1296/944 905/1300/943 908/1301/946
f 911/1304/949 909/1302/947 910/1303/948
f 911/1304/949 910/1303/948 907/1297/945
f 911/1304/949 907/1297/945 906/1296/944
f 906/1296/944 908/1301/946 911/1304/949
f 912/1305/950 913/1306/951 910/1303/948
f 912/1305/950 910/1303/948 909/1302/947
f 912/1305/950 909/1302/947 911/1304/949
f 912/1305/950 911/1304/949 914/1307/952
f 917/1310/955 915/1308/953 916/1309/954
f 917/1310/955 916/1309/954 913/1306/951
f 917/1310/955 913/1306/951 912/1305/950
f 912/1305/950 914/1307/952 917/1310/955
f 918/1311/956 919/1312/957 916/1313/954
f 918/1311/956 916/1313/954 915/1314/953
f 918/1311/956 915/1314/953 917/1315/955
f 918/1311/956 917/1315/955 920/1316/958
f 923/1319/961 921/1317/959 922/1318/960
f 923/1319/961 922/1318/960 919/1312/957
f 923/1319/961 919/1312/957 918/1311/956
f 918/1311/956 920/1316/958 923/1319/961
f 926/1322/964 924/1320/962 925/1321/963
f 926/1322/964 925/1321/963 922/1318/960
f 926/1322/964 922/1318/960 921/1317/959
f 921/1317/959 923/1319/961 926/1322/964
f 867/1251/967 927/1323/965 928/1324/966
f 867/1251/967 928/1324/966 925/1321/963
f 867/1251/967 925/1321/963 924/1320/962
f 924/1320/962 926/1322/964 867/1251/967
f 929/1325/968 930/1326/969 931/1327/970
f 929/1325/968 931/1327/970 932/1328/971
f 929/1325/968 932/1328/971 933/1329/972
f 929/1325/968 933/1329/972 934/1330/973
f 937/1336/976 935/1331/974 936/1332/975
f 937/1336/976 936/1332/975 930/1333/969
f 937/1336/976 930/1333/969 929/1334/968
f 929/1334/968 934/1335/973 937/1336/976
f 940/1339/979 938/1337/977 939/1338/978
f 940/1339/979 939/1338/978 936/1332/975
f 940/1339/979 936/1332/975 935/1331/974
f 935/1331/974 937/1336/976 940/1339/979
f 943/1342/982 941/1340/980 942/1341/981
f 943/1342/982 942/1341/981 939/1338/978
f 943/1342/982 939/1338/978 938/1337/977
f 938/1337/977 940/1339/979 943/1342/982
f 946/1345/985 944/1343/983 945/1344/984
f 946/1345/985 945/1344/984 942/1341/981
f 946/1345/985 942/1341/981 941/1340/980
f 941/1340/980 943/1342/982 946/1345/985
f 949/1351/988 947/1346/986 948/1347/987
f 949/1351/988 948/1347/987 945/1348/984
f 949/1351/988 945/1348/984 944/1349/983
f 944/1349/983 946/1350/985 949/1351/988
f 952/1354/991 950/1352/989 951/1353/990
f 952/1354/991 951/1353/990 948/1347/987
f 952/1354/991 948/1347/987 947/1346/986
f 947/1346/986 949/1351/988 952/1354/991
f 901/1291/939 900/1290/938 951/1353/990
f 901/1291/939 951/1353/990 950/1352/989
f 901/1291/939 950/1352/989 952/1354/991
f 901/1291/939 952/1354/991 902/1292/940
f 898/1288/992 953/1355/992 954/1356/992
f 954/1356/992 829/1207/992 833/1211/993
f 954/1356/992 833/1211/993 955/1357/993
f 954/1356/992 955/1357/993 956/1358/993
f 954/1356/992 956/1358/993 899/1289/993
f 954/1356/992 899/1289/993 898/1288/992
f 899/1289/993 956/1358/993 955/1357/993
f 955/1357/993 833/1211/993 836/1214/994
f 955/1357/993 836/1214/994 957/1359/994
f 955/1357/993 957/1359/994 958/1360/994
f 955/1357/993 958/1360/994 905/1295/994
f 955/1357/993 905/1295/994 899/1289/993
f 905/1300/994 958/1361/994 957/1362/994
f 957/1362/994 836/1220/994 839/1219/995
f 957/1362/994 839/1219/995 959/1363/995
f 957/1362/994 959/1363/995 960/1364/995
f 957/1362/994 960/1364/995 908/1301/995
f 957/1362/994 908/1301/995 905/1300/994
f 908/1301/995 960/1364/995 959/1363/995
f 959/1363/995 839/1219/995 842/1223/438
f 959/1363/995 842/1223/438 961/1365/438
f 959/1363/995 961/1365/438 962/1366/438
f 959/1363/995 962/1366/438 911/1304/438
f 959/1363/995 911/1304/438 908/1301/995
f 911/1304/438 962/1366/438 961/1365/438
f 961/1365/438 842/1223/438 845/1226/996
f 961/1365/438 845/1226/996 963/1367/996
f 961/1365/438 963/1367/996 964/1368/996
f 961/1365/438 964/1368/996 914/1307/996
f 961/1365/438 914/1307/996 911/1304/438
f 914/1307/996 964/1368/996 963/1367/996
f 963/1367/996 845/1226/996 848/1229/997
f 963/1367/996 848/1229/997 965/1369/997
f 963/1367/996 965/1369/997 966/1370/997
f 963/1367/996 966/1370/997 917/1310/997
f 963/1367/996 917/1310/997 914/1307/996
f 917/1315/997 966/1371/997 965/1372/997
f 965/1372/997 848/1235/997 851/1234/998
f 965/1372/997 851/1234/998 967/1373/998
f 965/1372/997 967/1373/998 968/1374/998
f 965/1372/997 968/1374/998 920/1316/998
f 965/1372/997 920/1316/998 917/1315/997
f 920/1316/998 968/1374/998 967/1373/998
f 967/1373/998 851/1234/998 854/1238/999
f 967/1373/998 854/1238/999 969/1375/999
f 967/1373/998 969/1375/999 970/1376/999
f 967/1373/998 970/1376/999 923/1319/999
f 967/1373/998 923/1319/999 920/1316/998
f 923/1319/999 970/1376/999 969/1375/999
f 969/1375/999 854/1238/999 857/1241/1000
f 969/1375/999 857/1241/1000 971/1377/1000
f 969/1375/999 971/1377/1000 972/1378/1000
f 969/1375/999 972/1378/1000 926/1322/1000
f 969/1375/999 926/1322/1000 923/1319/999
f 926/1322/1000 972/1378/1000 971/1377/1000
f 971/1377/1000 857/1241/1000 860/1244/903
f 971/1377/1000 860/1244/903 862/1246/903
f 971/1377/1000 862/1246/903 861/1245/903
f 971/1377/1000 861/1245/903 867/1251/903
f 971/1377/1000 867/1251/903 926/1322/1000
f 866/1250/904 865/1249/904 864/1248/904
f 864/1248/904 863/1247/904 872/1256/1001
f 864/1248/904 872/1256/1001 973/1379/1001
f 864/1248/904 973/1379/1001 974/1380/1001
f 864/1248/904 974/1380/1001 933/1329/1001
f 864/1248/904 933/1329/1001 866/1250/904
f 933/1329/1001 974/1380/1001 973/1379/1001
f 973/1379/1001 872/1256/1001 875/1259/1002
f 973/1379/1001 875/1259/1002 975/1381/1002
f 973/1379/1001 975/1381/1002 976/1382/1002
f 973/1379/1001 976/1382/1002 934/1330/1002
f 973/1379/1001 934/1330/1002 933/1329/1001
f 934/1335/1002 976/1383/1002 975/1384/1002
f 975/1384/1002 875/1265/1002 878/1264/427
f 975/1384/1002 878/1264/427 977/1385/427
f 975/1384/1002 977/1385/427 978/1386/427
f 975/1384/1002 978/1386/427 937/1336/427
f 975/1384/1002 937/1336/427 934/1335/1002
f 937/1336/427 978/1386/427 977/1385/427
f 977/1385/427 878/1264/427 881/1268/1003
f 977/1385/427 881/1268/1003 979/1387/1003
f 977/1385/427 979/1387/1003 980/1388/1003
f 977/1385/427 980/1388/1003 940/1339/1003
f 977/1385/427 940/1339/1003 937/1336/427
f 940/1339/1003 980/1388/1003 979/1387/1003
f 979/1387/1003 881/1268/1003 884/1271/1004
f 979/1387/1003 884/1271/1004 981/1389/1004
f 979/1387/1003 981/1389/1004 982/1390/1004
f 979/1387/1003 982/1390/1004 943/1342/1004
f 979/1387/1003 943/1342/1004 940/1339/1003
f 943/1342/1004 982/1390/1004 981/1389/1004
f 981/1389/1004 884/1271/1004 887/1274/1005
f 981/1389/1004 887/1274/1005 983/1391/1005
f 981/1389/1004 983/1391/1005 984/1392/1005
f 981/1389/1004 984/1392/1005 946/1345/1005
f 981/1389/1004 946/1345/1005 943/1342/1004
f 946/1350/1005 984/1393/1005 983/1394/1005
f 983/1394/1005 887/1280/1005 890/1279/1006
f 983/1394/1005 890/1279/1006 985/1395/1006
f 983/1394/1005 985/1395/1006 986/1396/1006
f 983/1394/1005 986/1396/1006 949/1351/1006
f 983/1394/1005 949/1351/1006 946/1350/1005
f 949/1351/1006 986/1396/1006 985/1395/1006
f 985/1395/1006 890/1279/1006 893/1283/1007
f 985/1395/1006 893/1283/1007 987/1397/1007
f 985/1395/1006 987/1397/1007 988/1398/1007
f 985/1395/1006 988/1398/1007 952/1354/1007
f 985/1395/1006 952/1354/1007 949/1351/1006
f 952/1354/1007 988/1398/1007 987/1397/1007
f 987/1397/1007 893/1283/1007 830/1208/1008
f 987/1397/1007 830/1208/1008 989/1399/1008
f 987/1397/1007 989/1399/1008 990/1400/1008
f 987/1397/1007 990/1400/1008 902/1292/1008
f 987/1397/1007 902/1292/1008 952/1354/1007
f 902/1292/1008 990/1400/1008 989/1399/1008
f 989/1399/1008 830/1208/1008 829/1207/992
f 989/1399/1008 829/1207/992 954/1356/992
f 989/1399/1008 954/1356/992 953/1355/992
f 989/1399/1008 953/1355/992 898/1288/992
f 989/1399/1008 898/1288/992 902/1292/1008
f 994/1404/1012 991/1401/1009 992/1402/1010
f 992/1402/1010 993/1403/1011 994/1404/1012
f 998/1408/1016 995/1405/1013 996/1406/1014
f 996/1406/1014 997/1407/1015 998/1408/1016
f 997/1407/1015 996/1406/1014 999/1409/1017
f 999/1409/1017 1000/1410/1018 997/1407/1015
f 1000/1410/1018 999/1409/1017 993/1403/1011
f 993/1403/1011 992/1402/1010 1000/1410/1018
f 1002/1412/1020 991/1401/1009 994/1404/1012
f 994/1404/1012 1001/1411/1019 1002/1412/1020
f 1004/1414/1022 1003/1413/1021 995/1405/1013
f 995/1405/1013 998/1408/1016 1004/1414/1022
f 1008/1418/1026 1005/1415/1023 1006/1416/1024
f 1006/1416/1024 1007/1417/1025 1008/1418/1026
f 1007/1417/1025 1006/1416/1024 1003/1413/1021
f 1003/1413/1021 1004/1414/1022 1007/1417/1025
f 1011/1421/1028 1009/1419/1027 1006/1416/1024
f 1011/1421/1028 1006/1416/1024 1005/1415/1023
f 1005/1415/1023 1010/1420/163 1011/1421/1028
f 1009/1419/1027 1012/1422/1029 1003/1413/1021
f 1003/1413/1021 1006/1416/1024 1009/1419/1027
f 1012/1422/1029 1013/1423/1030 995/1405/1013
f 995/1405/1013 1003/1413/1021 1012/1422/1029
f 1013/1423/1030 1014/1424/1031 996/1406/1014
f 996/1406/1014 995/1405/1013 1013/1423/1030
f 1014/1424/1031 1015/1425/1032 999/1409/1017
f 999/1409/1017 996/1406/1014 1014/1424/1031
f 1015/1425/1032 1016/1426/1033 993/1403/1011
f 993/1403/1011 999/1409/1017 1015/1425/1032
f 1017/1427/1034 994/1404/1012 993/1403/1011
f 993/1403/1011 1016/1426/1033 1017/1427/1034
f 1018/1428/1035 1001/1411/1019 994/1404/1012
f 994/1404/1012 1017/1427/1034 1018/1428/1035
f 1022/1432/175 1019/1429/1036 1020/1430/1037
f 1020/1430/1037 1021/1431/1038 1022/1432/175
f 1026/1436/1042 1023/1433/1039 1024/1434/1040
f 1024/1434/1040 1025/1435/1041 1026/1436/1042
f 1028/1438/1043 1022/1432/175 1021/1431/1038
f 1021/1431/1038 1027/1437/175 1028/1438/1043
f 1032/1442/1047 1029/1439/1044 1030/1440/1045
f 1030/1440/1045 1031/1441/1046 1032/1442/1047
f 1019/1429/1036 1029/1439/1044 1032/1442/1047
f 1032/1442/1047 1020/1430/1037 1019/1429/1036
f 1034/1444/1049 1032/1442/1047 1031/1441/1046
f 1031/1441/1046 1033/1443/1048 1034/1444/1049
f 1035/1445/1050 1020/1430/1037 1032/1442/1047
f 1032/1442/1047 1034/1444/1049 1035/1445/1050
f 1036/1446/1051 1021/1431/1038 1020/1430/1037
f 1020/1430/1037 1035/1445/1050 1036/1446/1051
f 1037/1447/1052 1027/1437/175 1021/1431/1038
f 1021/1431/1038 1036/1446/1051 1037/1447/1052
f 1039/1449/1054 1038/1448/1053 1025/1435/1041
f 1025/1435/1041 1024/1434/1040 1039/1449/1054
f 1044/1454/1059 1040/1450/1055 1041/1451/1056
f 1044/1454/1059 1041/1451/1056 1042/1452/1057
f 1042/1452/1057 1043/1453/1058 1044/1454/1059
f 1046/1456/1061 1045/1455/1060 1040/1450/1055
f 1040/1450/1055 1044/1454/1059 1046/1456/1061
f 1038/1448/1053 1041/1451/1056 1040/1450/1055
f 1040/1450/1055 1025/1435/1041 1038/1448/1053
f 1045/1455/1060 1026/1436/1042 1025/1435/1041
f 1025/1435/1041 1040/1450/1055 1045/1455/1060
f 1023/1433/1039 1028/1438/1043 1027/1437/175
f 1027/1437/175 1024/1434/1040 1023/1433/1039
f 1037/1447/1052 1039/1449/1054 1024/1434/1040
f 1024/1434/1040 1027/1437/175 1037/1447/1052
f 932/1328/971 931/1327/970 1047/1457/1062
f 932/1328/971 1047/1457/1062 1048/1458/1063
f 932/1328/971 1048/1458/1063 866/1250/1064
f 932/1328/971 866/1250/1064 933/1329/972
f 866/1250/1064 1048/1458/1063 1047/1457/1062
f 866/1250/1064 1047/1457/1062 928/1324/966
f 866/1250/1064 928/1324/966 927/1323/965
f 927/1323/965 867/1251/967 866/1250/1064
f 859/1243/901 858/1242/900 869/1253/906
f 859/1243/901 869/1253/906 868/1252/905
f 859/1243/901 868/1252/905 863/1247/910
f 859/1243/901 863/1247/910 860/1244/902
f 991/1401/1009 895/1459/1065 904/1460/1066
f 904/1460/1066 992/1402/1010 991/1401/1009
f 997/1407/1015 910/1461/1067 913/1462/1068
f 913/1462/1068 998/1408/1016 997/1407/1015
f 1000/1410/1018 907/1463/1069 910/1461/1067
f 910/1461/1067 997/1407/1015 1000/1410/1018
f 992/1402/1010 904/1460/1066 907/1463/1069
f 907/1463/1069 1000/1410/1018 992/1402/1010
f 1001/1411/1019 900/1464/1070 896/1465/163
f 896/1465/163 1002/1412/1020 1001/1411/1019
f 1002/1412/1020 896/1465/163 895/1459/1065
f 895/1459/1065 991/1401/1009 1002/1412/1020
f 998/1408/1016 913/1462/1068 916/1466/1071
f 916/1466/1071 1004/1414/1022 998/1408/1016
f 1007/1417/1025 919/1467/1072 922/1468/1073
f 922/1468/1073 1008/1418/1026 1007/1417/1025
f 1008/1418/1026 922/1468/1073 925/1469/1074
f 925/1469/1074 1005/1415/1023 1008/1418/1026
f 1004/1414/1022 916/1466/1071 919/1467/1072
f 919/1467/1072 1007/1417/1025 1004/1414/1022
f 1005/1415/1023 925/1469/1074 928/1470/163
f 928/1470/163 1010/1420/163 1005/1415/1023
f 1010/1420/163 928/1470/163 1047/1471/1075
f 1047/1471/1075 1011/1421/1028 1010/1420/163
f 1011/1421/1028 1047/1471/1075 931/1472/1076
f 931/1472/1076 1009/1419/1027 1011/1421/1028
f 1009/1419/1027 931/1472/1076 930/1473/1077
f 930/1473/1077 1012/1422/1029 1009/1419/1027
f 1012/1422/1029 930/1473/1077 936/1474/1078
f 936/1474/1078 1013/1423/1030 1012/1422/1029
f 1013/1423/1030 936/1474/1078 939/1475/1079
f 939/1475/1079 1014/1424/1031 1013/1423/1030
f 1014/1424/1031 939/1475/1079 942/1476/1080
f 942/1476/1080 1015/1425/1032 1014/1424/1031
f 1015/1425/1032 942/1476/1080 945/1477/1081
f 945/1477/1081 1016/1426/1033 1015/1425/1032
f 1016/1426/1033 945/1477/1081 948/1478/1082
f 948/1478/1082 1017/1427/1034 1016/1426/1033
f 1017/1427/1034 948/1478/1082 951/1479/1083
f 951/1479/1083 1018/1428/1035 1017/1427/1034
f 1018/1428/1035 951/1479/1083 900/1464/1070
f 900/1464/1070 1001/1411/1019 1018/1428/1035
f 1022/1432/175 837/1480/175 834/1481/1084
f 834/1481/1084 1019/1429/1036 1022/1432/175
f 1026/1436/1042 846/1482/1085 843/1483/224
f 843/1483/224 1023/1433/1039 1026/1436/1042
f 1028/1438/1043 840/1484/223 837/1480/175
f 837/1480/175 1022/1432/175 1028/1438/1043
f 1029/1439/1044 831/1485/1086 827/1486/1087
f 827/1486/1087 1030/1440/1045 1029/1439/1044
f 1030/1440/1045 827/1486/1087 826/1487/1088
f 826/1487/1088 1031/1441/1046 1030/1440/1045
f 1019/1429/1036 834/1481/1084 831/1485/1086
f 831/1485/1086 1029/1439/1044 1019/1429/1036
f 1031/1441/1046 826/1487/1088 891/1488/1089
f 891/1488/1089 1033/1443/1048 1031/1441/1046
f 1033/1443/1048 891/1488/1089 888/1489/1090
f 888/1489/1090 1034/1444/1049 1033/1443/1048
f 1034/1444/1049 888/1489/1090 885/1490/1091
f 885/1490/1091 1035/1445/1050 1034/1444/1049
f 1035/1445/1050 885/1490/1091 882/1491/1092
f 882/1491/1092 1036/1446/1051 1035/1445/1050
f 1036/1446/1051 882/1491/1092 879/1492/1093
f 879/1492/1093 1037/1447/1052 1036/1446/1051
f 1039/1449/1054 876/1493/1094 873/1494/1095
f 873/1494/1095 1038/1448/1053 1039/1449/1054
f 1041/1451/1056 870/1495/1096 869/1496/1097
f 869/1496/1097 1042/1452/1057 1041/1451/1056
f 1042/1452/1057 869/1496/1097 858/1497/175
f 858/1497/175 1043/1453/1058 1042/1452/1057
f 1043/1453/1058 858/1497/175 855/1498/1098
f 855/1498/1098 1044/1454/1059 1043/1453/1058
f 1044/1454/1059 855/1498/1098 852/1499/1099
f 852/1499/1099 1046/1456/1061 1044/1454/1059
f 1046/1456/1061 852/1499/1099 849/1500/1100
f 849/1500/1100 1045/1455/1060 1046/1456/1061
f 1038/1448/1053 873/1494/1095 870/1495/1096
f 870/1495/1096 1041/1451/1056 1038/1448/1053
f 1045/1455/1060 849/1500/1100 846/1482/1085
f 846/1482/1085 1026/1436/1042 1045/1455/1060
f 1023/1433/1039 843/1483/224 840/1484/223
f 840/1484/223 1028/1438/1043 1023/1433/1039
f 1037/1447/1052 879/1492/1093 876/1493/1094
f 876/1493/1094 1039/1449/1054 1037/1447/1052
f 1052/1504/1101 1049/1501/1101 1050/1502/1102
f 1050/1502/1102 1051/1503/1102 1052/1504/1101
f 1056/1508/163 1053/1505/163 1054/1506/163
f 1054/1506/163 1055/1507/163 1056/1508/163
f 1051/1512/1103 1050/1509/1103 1057/1510/1104
f 1057/1510/1104 1058/1511/1105 1051/1512/1103
f 1052/1504/1106 1051/1503/251 1058/1513/252
f 1058/1513/252 1059/1514/251 1052/1504/1106
f 1049/1518/1110 1060/1515/1107 1057/1516/1108
f 1057/1516/1108 1050/1517/1109 1049/1518/1110
f 1064/1522/1114 1061/1519/1111 1062/1520/1112
f 1062/1520/1112 1063/1521/1113 1064/1522/1114
f 1066/1526/1117 1062/1523/1115 1061/1524/1116
f 1061/1524/1116 1065/1525/1116 1066/1526/1117
f 1068/1530/1121 1066/1527/1118 1065/1528/1119
f 1065/1528/1119 1067/1529/1120 1068/1530/1121
f 1072/1534/163 1069/1531/163 1070/1532/163
f 1070/1532/163 1071/1533/163 1072/1534/163
f 1074/1538/294 1073/1535/1122 1053/1536/1123
f 1053/1536/1123 1056/1537/1124 1074/1538/294
f 1076/1542/1127 1071/1539/294 1070/1540/1125
f 1070/1540/1125 1075/1541/1126 1076/1542/1127
f 1078/1546/1130 1077/1543/1128 1069/1544/1129
f 1069/1544/1129 1072/1545/251 1078/1546/1130
f 1080/1550/1134 1055/1547/1131 1054/1548/1132
f 1054/1548/1132 1079/1549/1133 1080/1550/1134
f 1054/1548/1135 1053/1536/1135 1073/1535/1101
f 1073/1535/1101 1079/1549/1101 1054/1548/1135
f 1074/1538/294 1056/1537/1124 1081/1551/1136
f 1081/1551/1136 1082/1552/1137 1074/1538/294
f 1060/1515/1107 1083/1553/1138 1084/1554/292
f 1084/1554/292 1057/1516/1108 1060/1515/1107
f 1058/1511/1105 1057/1510/1104 1084/1555/1139
f 1084/1555/1139 1085/1556/1139 1058/1511/1105
f 1059/1514/251 1058/1513/252 1085/1557/1140
f 1085/1557/1140 1086/1558/1141 1059/1514/251
f 1080/1550/1134 1087/1559/262 1088/1560/1121
f 1088/1560/1121 1055/1547/1131 1080/1550/1134
f 1088/1562/163 1081/1561/163 1056/1508/163
f 1056/1508/163 1055/1507/163 1088/1562/163
f 1090/1564/1143 1076/1542/1127 1075/1541/1126
f 1075/1541/1126 1089/1563/1142 1090/1564/1143
f 1092/1566/1109 1091/1565/1109 1073/1535/1122
f 1073/1535/1122 1074/1538/294 1092/1566/1109
f 1079/1549/1101 1073/1535/1101 1091/1565/1101
f 1091/1565/1101 1093/1567/1101 1079/1549/1101
f 1094/1568/1145 1080/1550/1134 1079/1549/1133
f 1079/1549/1133 1093/1567/1144 1094/1568/1145
f 1096/1570/252 1095/1569/1131 1077/1543/1128
f 1077/1543/1128 1078/1546/1130 1096/1570/252
f 1083/1553/1138 1063/1521/1113 1062/1520/1112
f 1062/1520/1112 1084/1554/292 1083/1553/1138
f 1082/1572/1137 1081/1571/1136 1071/1539/294
f 1071/1539/294 1076/1542/1127 1082/1572/1137
f 1072/1534/163 1071/1533/163 1081/1561/163
f 1081/1561/163 1088/1562/163 1072/1534/163
f 1087/1559/262 1078/1546/1130 1072/1545/251
f 1072/1545/251 1088/1560/1121 1087/1559/262
f 1086/1558/1141 1085/1557/1140 1066/1527/1118
f 1066/1527/1118 1068/1530/1121 1086/1558/1141
f 1085/1556/1139 1084/1555/1139 1062/1523/1115
f 1062/1523/1115 1066/1526/1117 1085/1556/1139
f 1060/1573/1107 1049/1501/1110 1091/1565/1109
f 1091/1565/1109 1092/1566/1109 1060/1573/1107
f 1063/1521/1113 1090/1564/1143 1089/1563/1142
f 1089/1563/1142 1064/1522/1114 1063/1521/1113
f 1068/1530/1121 1067/1529/1120 1095/1569/1131
f 1095/1569/1131 1096/1570/252 1068/1530/1121
f 1059/1514/251 1094/1568/1145 1093/1567/1144
f 1093/1567/1144 1052/1504/1106 1059/1514/251
f 1093/1567/1101 1091/1565/1101 1049/1501/1101
f 1049/1501/1101 1052/1504/1101 1093/1567/1101
f 1082/1577/1148 1087/1574/1146 1080/1575/1147
f 1080/1575/1147 1074/1576/1147 1082/1577/1148
f 1074/1581/1149 1080/1578/1149 1094/1579/1149
f 1094/1579/1149 1092/1580/1149 1074/1581/1149
f 1090/1583/1150 1096/1570/1150 1078/1546/1151
f 1078/1546/1151 1076/1582/1151 1090/1583/1150
f 1076/1585/1152 1078/1584/1152 1087/1574/1146
f 1087/1574/1146 1082/1577/1148 1076/1585/1152
f 1083/1589/1155 1086/1586/1153 1068/1587/1154
f 1068/1587/1154 1063/1588/1154 1083/1589/1155
f 1063/1593/1156 1068/1590/1156 1096/1591/1150
f 1096/1591/1150 1090/1592/1150 1063/1593/1156
f 1092/1580/1149 1094/1579/1149 1059/1594/1149
f 1059/1594/1149 1060/1595/1149 1092/1580/1149
f 1060/1597/1158 1059/1596/1157 1086/1586/1153
f 1086/1586/1153 1083/1589/1155 1060/1597/1158
f 1100/1601/175 1097/1598/1159 1098/1599/1160
f 1098/1599/1160 1099/1600/1161 1100/1601/175
f 1104/1605/1164 1101/1602/1162 1102/1603/175
f 1102/1603/175 1103/1604/1163 1104/1605/1164
f 1106/1607/1166 1104/1605/1164 1103/1604/1163
f 1103/1604/1163 1105/1606/1165 1106/1607/1166
f 1099/1600/1161 1106/1607/1166 1105/1606/1165
f 1105/1606/1165 1100/1601/175 1099/1600/1161
f 1098/1599/1160 1097/1598/1159 1107/1608/1167
f 1107/1608/1167 1108/1609/1168 1098/1599/1160
f 1101/1602/1162 1109/1610/1169 1110/1611/175
f 1110/1611/175 1102/1603/175 1101/1602/1162
f 1114/1615/1172 1111/1612/1170 1112/1613/1171
f 1112/1613/1171 1113/1614/175 1114/1615/1172
f 1109/1610/1169 1114/1615/1172 1113/1614/175
f 1113/1614/175 1110/1611/175 1109/1610/1169
f 1114/1615/1172 1115/1616/1173 1116/1617/1174
f 1114/1615/1172 1116/1617/1174 1117/1618/1175
f 1117/1618/1175 1111/1612/1170 1114/1615/1172
f 1109/1610/1169 1118/1619/1176 1115/1616/1173
f 1115/1616/1173 1114/1615/1172 1109/1610/1169
f 1101/1602/1162 1119/1620/1177 1118/1619/1176
f 1118/1619/1176 1109/1610/1169 1101/1602/1162
f 1104/1605/1164 1120/1621/1178 1119/1620/1177
f 1119/1620/1177 1101/1602/1162 1104/1605/1164
f 1106/1607/1166 1121/1622/1179 1120/1621/1178
f 1120/1621/1178 1104/1605/1164 1106/1607/1166
f 1099/1600/1161 1122/1623/1180 1121/1622/1179
f 1121/1622/1179 1106/1607/1166 1099/1600/1161
f 1099/1600/1161 1098/1599/1160 1123/1624/1181
f 1123/1624/1181 1122/1623/1180 1099/1600/1161
f 1098/1599/1160 1108/1609/1168 1124/1625/1182
f 1124/1625/1182 1123/1624/1181 1098/1599/1160
f 1128/1629/163 1125/1626/1183 1126/1627/1184
f 1126/1627/1184 1127/1628/1185 1128/1629/163
f 1132/1633/1189 1129/1630/1186 1130/1631/1187
f 1130/1631/1187 1131/1632/1188 1132/1633/1189
f 1127/1628/1185 1126/1627/1184 1133/1634/1190
f 1133/1634/1190 1134/1635/1191 1127/1628/1185
f 1138/1639/163 1135/1636/1192 1136/1637/163
f 1136/1637/163 1137/1638/1193 1138/1639/163
f 1136/1637/163 1135/1636/1192 1125/1626/1183
f 1125/1626/1183 1128/1629/163 1136/1637/163
f 1137/1638/1193 1136/1637/163 1139/1640/163
f 1139/1640/163 1140/1641/1194 1137/1638/1193
f 1136/1637/163 1128/1629/163 1141/1642/163
f 1141/1642/163 1139/1640/163 1136/1637/163
f 1128/1629/163 1127/1628/1185 1142/1643/163
f 1142/1643/163 1141/1642/163 1128/1629/163
f 1127/1628/1185 1134/1635/1191 1143/1644/1195
f 1143/1644/1195 1142/1643/163 1127/1628/1185
f 1131/1632/1188 1144/1645/1196 1145/1646/1197
f 1145/1646/1197 1132/1633/1189 1131/1632/1188
f 1150/1651/1202 1146/1647/1198 1147/1648/1199
f 1150/1651/1202 1147/1648/1199 1148/1649/1200
f 1148/1649/1200 1149/1650/1201 1150/1651/1202
f 1146/1647/1198 1151/1652/1203 1152/1653/1204
f 1152/1653/1204 1147/1648/1199 1146/1647/1198
f 1146/1647/1198 1150/1651/1202 1144/1645/1196
f 1144/1645/1196 1131/1632/1188 1146/1647/1198
f 1131/1632/1188 1130/1631/1187 1151/1652/1203
f 1151/1652/1203 1146/1647/1198 1131/1632/1188
f 1134/1635/1191 1133/1634/1190 1129/1630/1186
f 1129/1630/1186 1132/1633/1189 1134/1635/1191
f 1132/1633/1189 1145/1646/1197 1143/1644/1195
f 1143/1644/1195 1134/1635/1191 1132/1633/1189
f 1153/1654/1205 1154/1655/1206 1155/1656/1207
f 1153/1654/1205 1155/1656/1207 1156/1657/1208
f 1153/1654/1205 1156/1657/1208 1157/1658/1209
f 1153/1654/1205 1157/1658/1209 1158/1659/1210
f 1161/1662/1213 1159/1660/1211 1160/1661/1212
f 1161/1662/1213 1160/1661/1212 1154/1655/1206
f 1161/1662/1213 1154/1655/1206 1153/1654/1205
f 1153/1654/1205 1158/1659/1210 1161/1662/1213
f 1162/1663/1214 1163/1664/1215 1160/1665/1212
f 1162/1663/1214 1160/1665/1212 1159/1666/1211
f 1162/1663/1214 1159/1666/1211 1161/1667/1213
f 1162/1663/1214 1161/1667/1213 1164/1668/1216
f 1167/1671/1219 1165/1669/1217 1166/1670/1218
f 1167/1671/1219 1166/1670/1218 1163/1664/1215
f 1167/1671/1219 1163/1664/1215 1162/1663/1214
f 1162/1663/1214 1164/1668/1216 1167/1671/1219
f 1168/1672/1220 1169/1673/1221 1166/1670/1218
f 1168/1672/1220 1166/1670/1218 1165/1669/1217
f 1168/1672/1220 1165/1669/1217 1167/1671/1219
f 1168/1672/1220 1167/1671/1219 1170/1674/1222
f 1173/1677/1225 1171/1675/1223 1172/1676/1224
f 1173/1677/1225 1172/1676/1224 1169/1673/1221
f 1173/1677/1225 1169/1673/1221 1168/1672/1220
f 1168/1672/1220 1170/1674/1222 1173/1677/1225
f 1174/1678/1226 1175/1679/1227 1172/1680/1224
f 1174/1678/1226 1172/1680/1224 1171/1681/1223
f 1174/1678/1226 1171/1681/1223 1173/1682/1225
f 1174/1678/1226 1173/1682/1225 1176/1683/1228
f 1177/1684/1229 1178/1685/1230 1175/1679/1227
f 1177/1684/1229 1175/1679/1227 1174/1678/1226
f 1177/1684/1229 1174/1678/1226 1176/1683/1228
f 1177/1684/1229 1176/1683/1228 1179/1686/1231
f 1182/1689/1234 1180/1687/1232 1181/1688/1233
f 1182/1689/1234 1181/1688/1233 1178/1685/1230
f 1182/1689/1234 1178/1685/1230 1177/1684/1229
f 1177/1684/1229 1179/1686/1231 1182/1689/1234
f 1183/1690/1235 1184/1691/1236 1181/1688/1233
f 1183/1690/1235 1181/1688/1233 1180/1687/1232
f 1183/1690/1235 1180/1687/1232 1182/1689/1234
f 1183/1690/1235 1182/1689/1234 1185/1692/1237
f 1186/1693/1238 1187/1694/1239 1184/1691/1236
f 1186/1693/1238 1184/1691/1236 1183/1690/1235
f 1186/1693/1238 1183/1690/1235 1185/1692/1237
f 1186/1693/1238 1185/1692/1237 1188/1695/1240
f 1189/1696/1241 1190/1697/1242 1187/1694/1239
f 1189/1696/1241 1187/1694/1239 1186/1693/1238
f 1189/1696/1241 1186/1693/1238 1188/1695/1240
f 1189/1696/1241 1188/1695/1240 1191/1698/1243
f 1192/1699/1244 1193/1700/1245 1190/1697/1242
f 1192/1699/1244 1190/1697/1242 1189/1696/1241
f 1192/1699/1244 1189/1696/1241 1191/1698/1243
f 1192/1699/1244 1191/1698/1243 1194/1701/1244
f 1197/1707/1248 1195/1702/1246 1196/1703/1247
f 1197/1707/1248 1196/1703/1247 1193/1704/1245
f 1197/1707/1248 1193/1704/1245 1192/1705/1244
f 1192/1705/1244 1194/1706/1244 1197/1707/1248
f 1200/1710/1249 1198/1708/1249 1199/1709/1250
f 1200/1710/1249 1199/1709/1250 1196/1703/1247
f 1200/1710/1249 1196/1703/1247 1195/1702/1246
f 1195/1702/1246 1197/1707/1248 1200/1710/1249
f 1203/1713/1253 1201/1711/1251 1202/1712/1252
f 1203/1713/1253 1202/1712/1252 1199/1709/1250
f 1203/1713/1253 1199/1709/1250 1198/1708/1249
f 1198/1708/1249 1200/1710/1249 1203/1713/1253
f 1206/1716/1254 1204/1714/1254 1205/1715/1255
f 1206/1716/1254 1205/1715/1255 1202/1712/1252
f 1206/1716/1254 1202/1712/1252 1201/1711/1251
f 1201/1711/1251 1203/1713/1253 1206/1716/1254
f 1209/1722/1258 1207/1717/1256 1208/1718/1257
f 1209/1722/1258 1208/1718/1257 1205/1719/1255
f 1209/1722/1258 1205/1719/1255 1204/1720/1254
f 1204/1720/1254 1206/1721/1254 1209/1722/1258
f 1212/1725/1261 1210/1723/1259 1211/1724/1260
f 1212/1725/1261 1211/1724/1260 1208/1718/1257
f 1212/1725/1261 1208/1718/1257 1207/1717/1256
f 1207/1717/1256 1209/1722/1258 1212/1725/1261
f 1213/1726/1262 1214/1727/1263 1211/1724/1260
f 1213/1726/1262 1211/1724/1260 1210/1723/1259
f 1213/1726/1262 1210/1723/1259 1212/1725/1261
f 1213/1726/1262 1212/1725/1261 1215/1728/1264
f 1156/1657/1208 1155/1656/1207 1214/1727/1263
f 1156/1657/1208 1214/1727/1263 1213/1726/1262
f 1156/1657/1208 1213/1726/1262 1215/1728/1264
f 1156/1657/1208 1215/1728/1264 1157/1658/1209
f 1221/1734/1265 1216/1729/1265 1217/1730/1265
f 1217/1730/1265 1184/1691/1265 1187/1694/1266
f 1217/1730/1265 1187/1694/1266 1218/1731/1266
f 1217/1730/1265 1218/1731/1266 1219/1732/1266
f 1217/1730/1265 1219/1732/1266 1220/1733/1266
f 1217/1730/1265 1220/1733/1266 1221/1734/1265
f 1224/1737/1267 1222/1735/1267 1223/1736/1267
f 1223/1736/1267 1181/1688/1267 1184/1691/1265
f 1223/1736/1267 1184/1691/1265 1217/1730/1265
f 1223/1736/1267 1217/1730/1265 1216/1729/1265
f 1223/1736/1267 1216/1729/1265 1221/1734/1265
f 1223/1736/1267 1221/1734/1265 1224/1737/1267
f 1227/1740/133 1225/1738/133 1226/1739/133
f 1226/1739/133 1178/1685/133 1181/1688/1267
f 1226/1739/133 1181/1688/1267 1223/1736/1267
f 1226/1739/133 1223/1736/1267 1222/1735/1267
f 1226/1739/133 1222/1735/1267 1224/1737/1267
f 1226/1739/133 1224/1737/1267 1227/1740/133
f 1230/1743/1268 1228/1741/1268 1229/1742/1268
f 1229/1742/1268 1175/1679/1268 1178/1685/133
f 1229/1742/1268 1178/1685/133 1226/1739/133
f 1229/1742/1268 1226/1739/133 1225/1738/133
f 1229/1742/1268 1225/1738/133 1227/1740/133
f 1229/1742/1268 1227/1740/133 1230/1743/1268
f 1233/1746/1269 1231/1744/1269 1232/1745/1269
f 1232/1745/1269 1172/1680/1269 1175/1679/1268
f 1232/1745/1269 1175/1679/1268 1229/1742/1268
f 1232/1745/1269 1229/1742/1268 1228/1741/1268
f 1232/1745/1269 1228/1741/1268 1230/1743/1268
f 1232/1745/1269 1230/1743/1268 1233/1746/1269
f 1236/1752/1270 1234/1747/1270 1235/1748/1270
f 1235/1748/1270 1169/1673/1270 1172/1676/1269
f 1235/1748/1270 1172/1676/1269 1232/1749/1269
f 1235/1748/1270 1232/1749/1269 1231/1750/1269
f 1235/1748/1270 1231/1750/1269 1233/1751/1269
f 1235/1748/1270 1233/1751/1269 1236/1752/1270
f 1239/1755/1271 1237/1753/1271 1238/1754/1271
f 1238/1754/1271 1166/1670/1271 1169/1673/1270
f 1238/1754/1271 1169/1673/1270 1235/1748/1270
f 1238/1754/1271 1235/1748/1270 1234/1747/1270
f 1238/1754/1271 1234/1747/1270 1236/1752/1270
f 1238/1754/1271 1236/1752/1270 1239/1755/1271
f 1242/1758/1272 1240/1756/1272 1241/1757/1272
f 1241/1757/1272 1163/1664/1272 1166/1670/1271
f 1241/1757/1272 1166/1670/1271 1238/1754/1271
f 1241/1757/1272 1238/1754/1271 1237/1753/1271
f 1241/1757/1272 1237/1753/1271 1239/1755/1271
f 1241/1757/1272 1239/1755/1271 1242/1758/1272
f 1245/1761/1273 1243/1759/1273 1244/1760/1273
f 1244/1760/1273 1160/1665/1273 1163/1664/1272
f 1244/1760/1273 1163/1664/1272 1241/1757/1272
f 1244/1760/1273 1241/1757/1272 1240/1756/1272
f 1244/1760/1273 1240/1756/1272 1242/1758/1272
f 1244/1760/1273 1242/1758/1272 1245/1761/1273
f 1248/1767/1274 1246/1762/1274 1247/1763/1274
f 1247/1763/1274 1154/1655/1274 1160/1661/1273
f 1247/1763/1274 1160/1661/1273 1244/1764/1273
f 1247/1763/1274 1244/1764/1273 1243/1765/1273
f 1247/1763/1274 1243/1765/1273 1245/1766/1273
f 1247/1763/1274 1245/1766/1273 1248/1767/1274
f 1251/1770/125 1249/1768/125 1250/1769/125
f 1250/1769/125 1155/1656/125 1154/1655/1274
f 1250/1769/125 1154/1655/1274 1247/1763/1274
f 1250/1769/125 1247/1763/1274 1246/1762/1274
f 1250/1769/125 1246/1762/1274 1248/1767/1274
f 1250/1769/125 1248/1767/1274 1251/1770/125
f 1254/1773/1275 1252/1771/1275 1253/1772/1275
f 1253/1772/1275 1214/1727/1275 1155/1656/125
f 1253/1772/1275 1155/1656/125 1250/1769/125
f 1253/1772/1275 1250/1769/125 1249/1768/125
f 1253/1772/1275 1249/1768/125 1251/1770/125
f 1253/1772/1275 1251/1770/125 1254/1773/1275
f 1257/1776/1276 1255/1774/1276 1256/1775/1276
f 1256/1775/1276 1211/1724/1276 1214/1727/1275
f 1256/1775/1276 1214/1727/1275 1253/1772/1275
f 1256/1775/1276 1253/1772/1275 1252/1771/1275
f 1256/1775/1276 1252/1771/1275 1254/1773/1275
f 1256/1775/1276 1254/1773/1275 1257/1776/1276
f 1260/1779/1277 1258/1777/1277 1259/1778/1277
f 1259/1778/1277 1208/1718/1277 1211/1724/1276
f 1259/1778/1277 1211/1724/1276 1256/1775/1276
f 1259/1778/1277 1256/1775/1276 1255/1774/1276
f 1259/1778/1277 1255/1774/1276 1257/1776/1276
f 1259/1778/1277 1257/1776/1276 1260/1779/1277
f 1263/1782/1278 1261/1780/1278 1262/1781/1278
f 1262/1781/1278 1205/1719/1278 1208/1718/1277
f 1262/1781/1278 1208/1718/1277 1259/1778/1277
f 1262/1781/1278 1259/1778/1277 1258/1777/1277
f 1262/1781/1278 1258/1777/1277 1260/1779/1277
f 1262/1781/1278 1260/1779/1277 1263/1782/1278
f 1266/1788/1279 1264/1783/1279 1265/1784/1279
f 1265/1784/1279 1202/1712/1279 1205/1715/1278
f 1265/1784/1279 1205/1715/1278 1262/1785/1278
f 1265/1784/1279 1262/1785/1278 1261/1786/1278
f 1265/1784/1279 1261/1786/1278 1263/1787/1278
f 1265/1784/1279 1263/1787/1278 1266/1788/1279
f 1269/1791/438 1267/1789/438 1268/1790/438
f 1268/1790/438 1199/1709/438 1202/1712/1279
f 1268/1790/438 1202/1712/1279 1265/1784/1279
f 1268/1790/438 1265/1784/1279 1264/1783/1279
f 1268/1790/438 1264/1783/1279 1266/1788/1279
f 1268/1790/438 1266/1788/1279 1269/1791/438
f 1272/1794/1280 1270/1792/1280 1271/1793/1280
f 1271/1793/1280 1196/1703/1280 1199/1709/438
f 1271/1793/1280 1199/1709/438 1268/1790/438
f 1271/1793/1280 1268/1790/438 1267/1789/438
f 1271/1793/1280 1267/1789/438 1269/1791/438
f 1271/1793/1280 1269/1791/438 1272/1794/1280
f 1275/1797/136 1273/1795/136 1274/1796/136
f 1274/1796/136 1193/1704/136 1196/1703/1280
f 1274/1796/136 1196/1703/1280 1271/1793/1280
f 1274/1796/136 1271/1793/1280 1270/1792/1280
f 1274/1796/136 1270/1792/1280 1272/1794/1280
f 1274/1796/136 1272/1794/1280 1275/1797/136
f 1278/1803/1281 1276/1798/1281 1277/1799/1281
f 1277/1799/1281 1190/1697/1281 1193/1700/136
f 1277/1799/1281 1193/1700/136 1274/1800/136
f 1277/1799/1281 1274/1800/136 1273/1801/136
f 1277/1799/1281 1273/1801/136 1275/1802/136
f 1277/1799/1281 1275/1802/136 1278/1803/1281
f 1220/1733/1266 1219/1732/1266 1218/1731/1266
f 1218/1731/1266 1187/1694/1266 1190/1697/1281
f 1218/1731/1266 1190/1697/1281 1277/1799/1281
f 1218/1731/1266 1277/1799/1281 1276/1798/1281
f 1218/1731/1266 1276/1798/1281 1278/1803/1281
f 1218/1731/1266 1278/1803/1281 1220/1733/1266
f 1282/1807/1287 1279/1804/1282 1254/1773/1283
f 1282/1807/1287 1254/1773/1283 1251/1770/1284
f 1282/1807/1287 1251/1770/1284 1280/1805/1285
f 1280/1805/1285 1281/1806/1286 1282/1807/1287
f 1283/1808/1288 1257/1776/1289 1254/1773/1283
f 1283/1808/1288 1254/1773/1283 1279/1804/1282
f 1283/1808/1288 1279/1804/1282 1282/1807/1287
f 1283/1808/1288 1282/1807/1287 1284/1809/1290
f 1286/1811/1293 1285/1810/1291 1260/1779/1292
f 1286/1811/1293 1260/1779/1292 1257/1776/1289
f 1286/1811/1293 1257/1776/1289 1283/1808/1288
f 1283/1808/1288 1284/1809/1290 1286/1811/1293
f 1287/1812/1294 1263/1782/1295 1260/1779/1292
f 1287/1812/1294 1260/1779/1292 1285/1810/1291
f 1287/1812/1294 1285/1810/1291 1286/1811/1293
f 1287/1812/1294 1286/1811/1293 1288/1813/1294
f 1289/1814/1296 1266/1788/1297 1263/1787/1295
f 1289/1814/1296 1263/1787/1295 1287/1815/1294
f 1289/1814/1296 1287/1815/1294 1288/1816/1294
f 1289/1814/1296 1288/1816/1294 1290/1817/1298
f 1292/1819/1301 1291/1818/1299 1269/1791/1300
f 1292/1819/1301 1269/1791/1300 1266/1788/1297
f 1292/1819/1301 1266/1788/1297 1289/1814/1296
f 1289/1814/1296 1290/1817/1298 1292/1819/1301
f 1294/1821/1304 1293/1820/1302 1272/1794/1303
f 1294/1821/1304 1272/1794/1303 1269/1791/1300
f 1294/1821/1304 1269/1791/1300 1291/1818/1299
f 1291/1818/1299 1292/1819/1301 1294/1821/1304
f 1296/1823/1307 1295/1822/1305 1275/1797/1306
f 1296/1823/1307 1275/1797/1306 1272/1794/1303
f 1296/1823/1307 1272/1794/1303 1293/1820/1302
f 1293/1820/1302 1294/1821/1304 1296/1823/1307
f 1298/1827/1310 1297/1824/1308 1278/1803/1309
f 1298/1827/1310 1278/1803/1309 1275/1802/1306
f 1298/1827/1310 1275/1802/1306 1295/1825/1305
f 1295/1825/1305 1296/1826/1307 1298/1827/1310
f 1299/1828/1311 1220/1733/1312 1278/1803/1309
f 1299/1828/1311 1278/1803/1309 1297/1824/1308
f 1299/1828/1311 1297/1824/1308 1298/1827/1310
f 1299/1828/1311 1298/1827/1310 1300/1829/1313
f 1301/1830/1314 1221/1734/1315 1220/1733/1312
f 1301/1830/1314 1220/1733/1312 1299/1828/1311
f 1301/1830/1314 1299/1828/1311 1300/1829/1313
f 1301/1830/1314 1300/1829/1313 1302/1831/1316
f 1304/1833/1319 1303/1832/1317 1224/1737/1318
f 1304/1833/1319 1224/1737/1318 1221/1734/1315
f 1304/1833/1319 1221/1734/1315 1301/1830/1314
f 1301/1830/1314 1302/1831/1316 1304/1833/1319
f 1306/1835/1322 1305/1834/1320 1227/1740/1321
f 1306/1835/1322 1227/1740/1321 1224/1737/1318
f 1306/1835/1322 1224/1737/1318 1303/1832/1317
f 1303/1832/1317 1304/1833/1319 1306/1835/1322
f 1307/1836/1323 1230/1743/1324 1227/1740/1321
f 1307/1836/1323 1227/1740/1321 1305/1834/1320
f 1307/1836/1323 1305/1834/1320 1306/1835/1322
f 1307/1836/1323 1306/1835/1322 1308/1837/1325
f 1309/1838/1326 1233/1746/1327 1230/1743/1324
f 1309/1838/1326 1230/1743/1324 1307/1836/1323
f 1309/1838/1326 1307/1836/1323 1308/1837/1325
f 1309/1838/1326 1308/1837/1325 1310/1839/1328
f 1311/1840/1329 1236/1752/1330 1233/1751/1327
f 1311/1840/1329 1233/1751/1327 1309/1841/1326
f 1311/1840/1329 1309/1841/1326 1310/1842/1328
f 1311/1840/1329 1310/1842/1328 1312/1843/1331
f 1314/1845/1334 1313/1844/1332 1239/1755/1333
f 1314/1845/1334 1239/1755/1333 1236/1752/1330
f 1314/1845/1334 1236/1752/1330 1311/1840/1329
f 1311/1840/1329 1312/1843/1331 1314/1845/1334
f 1316/1847/1337 1315/1846/1335 1242/1758/1336
f 1316/1847/1337 1242/1758/1336 1239/1755/1333
f 1316/1847/1337 1239/1755/1333 1313/1844/1332
f 1313/1844/1332 1314/1845/1334 1316/1847/1337
f 1318/1849/1340 1317/1848/1338 1245/1761/1339
f 1318/1849/1340 1245/1761/1339 1242/1758/1336
f 1318/1849/1340 1242/1758/1336 1315/1846/1335
f 1315/1846/1335 1316/1847/1337 1318/1849/1340
f 1319/1850/1341 1248/1767/1342 1245/1766/1339
f 1319/1850/1341 1245/1766/1339 1317/1851/1338
f 1319/1850/1341 1317/1851/1338 1318/1852/1340
f 1319/1850/1341 1318/1852/1340 1320/1853/1343
f 1281/1806/1286 1280/1805/1285 1251/1770/1284
f 1281/1806/1286 1251/1770/1284 1248/1767/1342
f 1281/1806/1286 1248/1767/1342 1319/1850/1341
f 1319/1850/1341 1320/1853/1343 1281/1806/1286
f 1161/1855/175 1158/1854/1344 1097/1598/1159
f 1097/1598/1159 1100/1601/175 1161/1855/175
f 1170/1857/175 1167/1856/1345 1103/1604/1163
f 1103/1604/1163 1102/1603/175 1170/1857/175
f 1167/1856/1345 1164/1858/1346 1105/1606/1165
f 1105/1606/1165 1103/1604/1163 1167/1856/1345
f 1164/1858/1346 1161/1855/175 1100/1601/175
f 1100/1601/175 1105/1606/1165 1164/1858/1346
f 1157/1860/1348 1215/1859/1347 1108/1609/1168
f 1108/1609/1168 1107/1608/1167 1157/1860/1348
f 1158/1854/1344 1157/1860/1348 1107/1608/1167
f 1107/1608/1167 1097/1598/1159 1158/1854/1344
f 1173/1861/175 1170/1857/175 1102/1603/175
f 1102/1603/175 1110/1611/175 1173/1861/175
f 1179/1863/1349 1176/1862/175 1113/1614/175
f 1113/1614/175 1112/1613/1171 1179/1863/1349
f 1182/1864/1350 1179/1863/1349 1112/1613/1171
f 1112/1613/1171 1111/1612/1170 1182/1864/1350
f 1176/1862/175 1173/1861/175 1110/1611/175
f 1110/1611/175 1113/1614/175 1176/1862/175
f 1185/1865/1351 1182/1864/1350 1111/1612/1170
f 1111/1612/1170 1117/1618/1175 1185/1865/1351
f 1188/1866/1352 1185/1865/1351 1117/1618/1175
f 1117/1618/1175 1116/1617/1174 1188/1866/1352
f 1191/1867/1353 1188/1866/1352 1116/1617/1174
f 1116/1617/1174 1115/1616/1173 1191/1867/1353
f 1194/1868/1354 1191/1867/1353 1115/1616/1173
f 1115/1616/1173 1118/1619/1176 1194/1868/1354
f 1197/1869/175 1194/1868/1354 1118/1619/1176
f 1118/1619/1176 1119/1620/1177 1197/1869/175
f 1200/1870/175 1197/1869/175 1119/1620/1177
f 1119/1620/1177 1120/1621/1178 1200/1870/175
f 1203/1871/175 1200/1870/175 1120/1621/1178
f 1120/1621/1178 1121/1622/1179 1203/1871/175
f 1206/1872/1355 1203/1871/175 1121/1622/1179
f 1121/1622/1179 1122/1623/1180 1206/1872/1355
f 1209/1873/1356 1206/1872/1355 1122/1623/1180
f 1122/1623/1180 1123/1624/1181 1209/1873/1356
f 1212/1874/1357 1209/1873/1356 1123/1624/1181
f 1123/1624/1181 1124/1625/1182 1212/1874/1357
f 1215/1859/1347 1212/1874/1357 1124/1625/1182
f 1124/1625/1182 1108/1609/1168 1215/1859/1347
f 1318/1876/1359 1316/1875/1358 1126/1627/1184
f 1126/1627/1184 1125/1626/1183 1318/1876/1359
f 1312/1878/163 1310/1877/163 1130/1631/1187
f 1130/1631/1187 1129/1630/1186 1312/1878/163
f 1316/1875/1358 1314/1879/163 1133/1634/1190
f 1133/1634/1190 1126/1627/1184 1316/1875/1358
f 1281/1881/163 1320/1880/1360 1135/1636/1192
f 1135/1636/1192 1138/1639/163 1281/1881/163
f 1282/1882/1361 1281/1881/163 1138/1639/163
f 1138/1639/163 1137/1638/1193 1282/1882/1361
f 1320/1880/1360 1318/1876/1359 1125/1626/1183
f 1125/1626/1183 1135/1636/1192 1320/1880/1360
f 1284/1883/1362 1282/1882/1361 1137/1638/1193
f 1137/1638/1193 1140/1641/1194 1284/1883/1362
f 1286/1884/163 1284/1883/1362 1140/1641/1194
f 1140/1641/1194 1139/1640/163 1286/1884/163
f 1288/1885/163 1286/1884/163 1139/1640/163
f 1139/1640/163 1141/1642/163 1288/1885/163
f 1290/1886/163 1288/1885/163 1141/1642/163
f 1141/1642/163 1142/1643/163 1290/1886/163
f 1292/1887/163 1290/1886/163 1142/1643/163
f 1142/1643/163 1143/1644/1195 1292/1887/163
f 1296/1889/163 1294/1888/1363 1145/1646/1197
f 1145/1646/1197 1144/1645/1196 1296/1889/163
f 1300/1891/1365 1298/1890/1364 1150/1651/1202
f 1150/1651/1202 1149/1650/1201 1300/1891/1365
f 1302/1892/1366 1300/1891/1365 1149/1650/1201
f 1149/1650/1201 1148/1649/1200 1302/1892/1366
f 1304/1893/1367 1302/1892/1366 1148/1649/1200
f 1148/1649/1200 1147/1648/1199 1304/1893/1367
f 1306/1894/1368 1304/1893/1367 1147/1648/1199
f 1147/1648/1199 1152/1653/1204 1306/1894/1368
f 1308/1895/1369 1306/1894/1368 1152/1653/1204
f 1152/1653/1204 1151/1652/1203 1308/1895/1369
f 1298/1890/1364 1296/1889/163 1144/1645/1196
f 1144/1645/1196 1150/1651/1202 1298/1890/1364
f 1310/1877/163 1308/1895/1369 1151/1652/1203
f 1151/1652/1203 1130/1631/1187 1310/1877/163
f 1314/1879/163 1312/1878/163 1129/1630/1186
f 1129/1630/1186 1133/1634/1190 1314/1879/163
f 1294/1888/1363 1292/1887/163 1143/1644/1195
f 1143/1644/1195 1145/1646/1197 1294/1888/1363
f 1324/1899/1372 1321/1896/1370 1322/1897/1370
f 1322/1897/1370 1323/1898/1371 1324/1899/1372
f 1326/1903/1374 1324/1900/1373 1323/1901/1373
f 1323/1901/1373 1325/1902/1374 1326/1903/1374
f 1330/1907/306 1327/1904/1375 1328/1905/1375
f 1328/1905/1375 1329/1906/306 1330/1907/306
f 1321/1896/1370 1330/1908/1376 1329/1909/1377
f 1329/1909/1377 1322/1897/1370 1321/1896/1370
f 1334/1913/1381 1331/1910/1378 1332/1911/1379
f 1332/1911/1379 1333/1912/1380 1334/1913/1381
f 1327/1904/1375 1334/1914/300 1333/1915/300
f 1333/1915/300 1328/1905/1375 1327/1904/1375
f 1336/1917/299 1326/1903/1374 1325/1902/1374
f 1325/1902/1374 1335/1916/299 1336/1917/299
f 1331/1910/1378 1336/1918/1382 1335/1919/1383
f 1335/1919/1383 1332/1911/1379 1331/1910/1378
f 1338/1923/1387 1322/1920/1384 1329/1921/1385
f 1329/1921/1385 1337/1922/1386 1338/1923/1387
f 1339/1925/1389 1323/1924/1388 1322/1920/1384
f 1322/1920/1384 1338/1923/1387 1339/1925/1389
f 1341/1929/1393 1321/1926/1390 1324/1927/1391
f 1324/1927/1391 1340/1928/1392 1341/1929/1393
f 1342/1930/1395 1330/1907/1394 1321/1926/1390
f 1321/1926/1390 1341/1929/1393 1342/1930/1395
f 1346/1934/241 1343/1931/241 1344/1932/241
f 1344/1932/241 1345/1933/241 1346/1934/241
f 1348/1936/1396 1347/1935/1396 1344/1932/241
f 1344/1932/241 1343/1931/241 1348/1936/1396
f 1350/1938/1397 1347/1935/1396 1348/1936/1396
f 1348/1936/1396 1349/1937/1397 1350/1938/1397
f 1338/1942/175 1341/1939/175 1340/1940/175
f 1340/1940/175 1339/1941/175 1338/1942/175
f 1337/1944/1399 1342/1943/1398 1341/1939/175
f 1341/1939/175 1338/1942/175 1337/1944/1399
f 1354/1948/1400 1351/1945/1400 1352/1946/1401
f 1352/1946/1401 1353/1947/1401 1354/1948/1400
f 1356/1950/1403 1355/1949/1402 1351/1945/1400
f 1351/1945/1400 1354/1948/1400 1356/1950/1403
f 1346/1952/1406 1335/1916/1134 1325/1902/1404
f 1325/1902/1404 1343/1951/1405 1346/1952/1406
f 1348/1953/1407 1343/1951/1405 1325/1902/1404
f 1325/1902/1404 1323/1901/1388 1348/1953/1407
f 1339/1955/1389 1349/1954/1408 1348/1953/1407
f 1348/1953/1407 1323/1901/1388 1339/1955/1389
f 1339/1941/175 1340/1940/175 1350/1956/175
f 1350/1956/175 1349/1957/175 1339/1941/175
f 1340/1928/1392 1324/1927/1391 1347/1935/1409
f 1347/1935/1409 1350/1938/1410 1340/1928/1392
f 1347/1935/1409 1324/1927/1391 1326/1958/1411
f 1326/1958/1411 1344/1932/1412 1347/1935/1409
f 1344/1960/1412 1326/1903/1411 1336/1917/1413
f 1336/1917/1413 1345/1959/1414 1344/1960/1412
f 1358/1962/1415 1357/1961/1415 1355/1949/1402
f 1355/1949/1402 1356/1950/1403 1358/1962/1415
f 1360/1966/549 1328/1963/1416 1333/1964/1417
f 1333/1964/1417 1359/1965/261 1360/1966/549
f 1353/1947/1401 1352/1946/1401 1361/1967/1418
f 1361/1967/1418 1362/1968/1418 1353/1947/1401
f 1364/1970/1420 1363/1969/1109 1334/1914/1124
f 1334/1914/1124 1327/1904/1419 1364/1970/1420
f 1365/1971/1421 1364/1970/1420 1327/1904/1419
f 1327/1904/1419 1330/1907/1394 1365/1971/1421
f 1366/1972/1422 1365/1971/1421 1330/1907/1394
f 1330/1907/1394 1342/1930/1395 1366/1972/1422
f 1337/1944/1399 1367/1973/1423 1366/1974/1423
f 1366/1974/1423 1342/1943/1398 1337/1944/1399
f 1337/1978/1386 1329/1975/1385 1368/1976/1424
f 1368/1976/1424 1367/1977/1425 1337/1978/1386
f 1360/1966/549 1368/1976/1424 1329/1975/1385
f 1329/1975/1385 1328/1963/1416 1360/1966/549
f 1335/1916/1134 1346/1952/1406 1358/1979/1416
f 1358/1979/1416 1356/1980/549 1335/1916/1134
f 1346/1934/241 1345/1933/241 1357/1981/241
f 1357/1981/241 1358/1982/241 1346/1934/241
f 1336/1984/1413 1355/1983/1426 1357/1981/1427
f 1357/1981/1427 1345/1933/1414 1336/1984/1413
f 1351/1988/247 1355/1985/1426 1336/1986/1413
f 1336/1986/1413 1331/1987/1428 1351/1988/247
f 1352/1990/1394 1351/1988/247 1331/1987/1428
f 1331/1987/1428 1334/1989/1124 1352/1990/1394
f 1361/1992/248 1352/1991/1394 1334/1914/1124
f 1334/1914/1124 1363/1969/1109 1361/1992/248
f 1333/1964/1417 1353/1993/1429 1362/1994/1430
f 1362/1994/1430 1359/1965/261 1333/1964/1417
f 1333/1964/1417 1332/1995/1431 1354/1996/1432
f 1354/1996/1432 1353/1993/1429 1333/1964/1417
f 1335/1916/1134 1356/1980/549 1354/1996/1432
f 1354/1996/1432 1332/1995/1431 1335/1916/1134
f 1374/2002/1438 1369/1997/1433 1370/1998/1434
f 1374/2002/1438 1370/1998/1434 1371/1999/1435
f 1374/2002/1438 1371/1999/1435 1372/2000/1436
f 1372/2000/1436 1373/2001/1437 1374/2002/1438
f 1373/2001/1437 1372/2000/1436 1371/1999/1435
f 1373/2001/1437 1371/1999/1435 1375/2003/1439
f 1373/2001/1437 1375/2003/1439 1376/2004/1440
f 1376/2004/1440 1377/2005/1441 1373/2001/1437
f 1376/2004/1440 1375/2003/1439 1378/2006/1442
f 1376/2004/1440 1378/2006/1442 1379/2007/1443
f 1376/2004/1440 1379/2007/1443 1380/2008/1444
f 1376/2004/1440 1380/2008/1444 1377/2005/1441
f 1380/2014/1444 1379/2009/1443 1378/2010/1442
f 1380/2014/1444 1378/2010/1442 1381/2011/1445
f 1380/2014/1444 1381/2011/1445 1382/2012/1446
f 1382/2012/1446 1383/2013/1447 1380/2014/1444
f 1383/2013/1447 1382/2012/1446 1381/2011/1445
f 1383/2013/1447 1381/2011/1445 1384/2015/1448
f 1383/2013/1447 1384/2015/1448 1385/2016/1449
f 1385/2016/1449 1386/2017/1450 1383/2013/1447
f 1386/2017/1450 1385/2016/1449 1384/2015/1448
f 1386/2017/1450 1384/2015/1448 1387/2018/1451
f 1386/2017/1450 1387/2018/1451 1388/2019/1452
f 1388/2019/1452 1389/2020/1453 1386/2017/1450
f 1388/2019/1452 1387/2018/1451 1390/2021/1454
f 1388/2019/1452 1390/2021/1454 1391/2022/1455
f 1388/2019/1452 1391/2022/1455 1392/2023/1456
f 1388/2019/1452 1392/2023/1456 1389/2020/1453
f 1391/2024/1455 1390/2025/1454 1393/2026/1457
f 1391/2024/1455 1393/2026/1457 1394/2027/1458
f 1391/2024/1455 1394/2027/1458 1395/2028/1458
f 1391/2024/1455 1395/2028/1458 1392/2029/1456
f 1394/2027/1458 1393/2026/1457 1396/2030/1459
f 1394/2027/1458 1396/2030/1459 1397/2031/1460
f 1394/2027/1458 1397/2031/1460 1398/2032/1461
f 1394/2027/1458 1398/2032/1461 1395/2028/1458
f 1398/2032/1461 1397/2031/1460 1396/2030/1459
f 1398/2032/1461 1396/2030/1459 1399/2033/1462
f 1398/2032/1461 1399/2033/1462 1400/2034/1463
f 1400/2034/1463 1401/2035/1464 1398/2032/1461
f 1401/2035/1464 1400/2034/1463 1399/2033/1462
f 1401/2035/1464 1399/2033/1462 1402/2036/1465
f 1401/2035/1464 1402/2036/1465 1403/2037/1466
f 1403/2037/1466 1404/2038/1467 1401/2035/1464
f 1411/2045/1468 1405/2039/1468 1406/2040/1468
f 1406/2040/1468 1404/2038/1468 1407/2041/1469
f 1406/2040/1468 1407/2041/1469 1408/2042/1469
f 1406/2040/1468 1408/2042/1469 1409/2043/1469
f 1406/2040/1468 1409/2043/1469 1410/2044/1469
f 1406/2040/1468 1410/2044/1469 1411/2045/1468
f 1412/2046/1470 1413/2047/1471 1414/2048/1472
f 1412/2046/1470 1414/2048/1472 1415/2049/1473
f 1412/2046/1470 1415/2049/1473 1416/2050/1474
f 1412/2046/1470 1416/2050/1474 1407/2041/1475
f 1416/2050/1474 1415/2049/1473 1414/2048/1472
f 1416/2050/1474 1414/2048/1472 1417/2051/1476
f 1416/2050/1474 1417/2051/1476 1418/2052/1477
f 1418/2052/1477 1419/2053/1478 1416/2050/1474
f 1419/2059/1478 1418/2054/1477 1417/2055/1476
f 1419/2059/1478 1417/2055/1476 1420/2056/1479
f 1419/2059/1478 1420/2056/1479 1421/2057/1480
f 1421/2057/1480 1422/2058/1481 1419/2059/1478
f 1422/2058/1481 1421/2057/1480 1420/2056/1479
f 1422/2058/1481 1420/2056/1479 1423/2060/1482
f 1422/2058/1481 1423/2060/1482 1424/2061/1483
f 1424/2061/1483 1425/2062/1484 1422/2058/1481
f 1425/2062/1484 1424/2061/1483 1423/2060/1482
f 1425/2062/1484 1423/2060/1482 1426/2063/1485
f 1425/2062/1484 1426/2063/1485 1427/2064/1486
f 1427/2064/1486 1428/2065/1304 1425/2062/1484
f 1427/2064/1486 1426/2063/1485 1429/2066/1487
f 1427/2064/1486 1429/2066/1487 1430/2067/1488
f 1427/2064/1486 1430/2067/1488 1431/2068/1489
f 1427/2064/1486 1431/2068/1489 1428/2065/1304
f 1430/2069/1488 1429/2070/1487 1432/2071/1490
f 1430/2069/1488 1432/2071/1490 1433/2072/1491
f 1430/2069/1488 1433/2072/1491 1434/2073/1492
f 1430/2069/1488 1434/2073/1492 1431/2074/1489
f 1434/2073/1492 1433/2072/1491 1432/2071/1490
f 1434/2073/1492 1432/2071/1490 1435/2075/1493
f 1434/2073/1492 1435/2075/1493 1436/2076/1494
f 1436/2076/1494 1437/2077/1495 1434/2073/1492
f 1436/2076/1494 1435/2075/1493 1370/1998/1434
f 1436/2076/1494 1370/1998/1434 1369/1997/1433
f 1436/2076/1494 1369/1997/1433 1374/2002/1438
f 1436/2076/1494 1374/2002/1438 1437/2077/1495
f 1438/2078/1496 1439/2079/1497 1440/2080/1498
f 1438/2078/1496 1440/2080/1498 1441/2081/1499
f 1438/2078/1496 1441/2081/1499 1442/2082/1500
f 1438/2078/1496 1442/2082/1500 1443/2083/1501
f 1441/2081/1499 1440/2080/1498 1444/2084/1502
f 1441/2081/1499 1444/2084/1502 1445/2085/1503
f 1441/2081/1499 1445/2085/1503 1446/2086/1504
f 1441/2081/1499 1446/2086/1504 1442/2082/1500
f 1449/2089/1507 1447/2087/1505 1448/2088/1506
f 1449/2089/1507 1448/2088/1506 1439/2079/1497
f 1449/2089/1507 1439/2079/1497 1438/2078/1496
f 1438/2078/1496 1443/2083/1501 1449/2089/1507
f 1450/2090/1508 1451/2091/1509 1448/2092/1506
f 1450/2090/1508 1448/2092/1506 1447/2093/1505
f 1450/2090/1508 1447/2093/1505 1449/2094/1507
f 1450/2090/1508 1449/2094/1507 1452/2095/1510
f 1455/2098/1513 1453/2096/1511 1454/2097/1512
f 1455/2098/1513 1454/2097/1512 1451/2091/1509
f 1455/2098/1513 1451/2091/1509 1450/2090/1508
f 1450/2090/1508 1452/2095/1510 1455/2098/1513
f 1456/2099/1514 1457/2100/1515 1454/2097/1512
f 1456/2099/1514 1454/2097/1512 1453/2096/1511
f 1456/2099/1514 1453/2096/1511 1455/2098/1513
f 1456/2099/1514 1455/2098/1513 1458/2101/1516
f 1461/2104/1517 1459/2102/1517 1460/2103/1517
f 1461/2104/1517 1460/2103/1517 1457/2100/1515
f 1461/2104/1517 1457/2100/1515 1456/2099/1514
f 1456/2099/1514 1458/2101/1516 1461/2104/1517
f 1464/2110/1519 1462/2105/1518 1463/2106/1518
f 1464/2110/1519 1463/2106/1518 1460/2107/1517
f 1464/2110/1519 1460/2107/1517 1459/2108/1517
f 1459/2108/1517 1461/2109/1517 1464/2110/1519
f 1465/2111/1520 1466/2112/1521 1463/2106/1518
f 1465/2111/1520 1463/2106/1518 1462/2105/1518
f 1465/2111/1520 1462/2105/1518 1464/2110/1519
f 1465/2111/1520 1464/2110/1519 1467/2113/1522
f 1470/2116/1525 1468/2114/1523 1469/2115/1524
f 1470/2116/1525 1469/2115/1524 1466/2112/1521
f 1470/2116/1525 1466/2112/1521 1465/2111/1520
f 1465/2111/1520 1467/2113/1522 1470/2116/1525
f 1471/2117/1526 1472/2118/1527 1469/2115/1524
f 1471/2117/1526 1469/2115/1524 1468/2114/1523
f 1471/2117/1526 1468/2114/1523 1470/2116/1525
f 1471/2117/1526 1470/2116/1525 1411/2045/1528
f 1473/2119/1529 1474/2120/1530 1475/2121/1531
f 1473/2119/1529 1475/2121/1531 1476/2122/1532
f 1473/2119/1529 1476/2122/1532 1477/2123/1533
f 1473/2119/1529 1477/2123/1533 1478/2124/1534
f 1481/2130/1537 1479/2125/1535 1480/2126/1536
f 1481/2130/1537 1480/2126/1536 1474/2127/1530
f 1481/2130/1537 1474/2127/1530 1473/2128/1529
f 1473/2128/1529 1478/2129/1534 1481/2130/1537
f 1484/2133/1540 1482/2131/1538 1483/2132/1539
f 1484/2133/1540 1483/2132/1539 1480/2126/1536
f 1484/2133/1540 1480/2126/1536 1479/2125/1535
f 1479/2125/1535 1481/2130/1537 1484/2133/1540
f 1487/2136/1543 1485/2134/1541 1486/2135/1542
f 1487/2136/1543 1486/2135/1542 1483/2132/1539
f 1487/2136/1543 1483/2132/1539 1482/2131/1538
f 1482/2131/1538 1484/2133/1540 1487/2136/1543
f 1490/2139/1546 1488/2137/1544 1489/2138/1545
f 1490/2139/1546 1489/2138/1545 1486/2135/1542
f 1490/2139/1546 1486/2135/1542 1485/2134/1541
f 1485/2134/1541 1487/2136/1543 1490/2139/1546
f 1493/2145/1549 1491/2140/1547 1492/2141/1548
f 1493/2145/1549 1492/2141/1548 1489/2142/1545
f 1493/2145/1549 1489/2142/1545 1488/2143/1544
f 1488/2143/1544 1490/2144/1546 1493/2145/1549
f 1496/2148/1552 1494/2146/1550 1495/2147/1551
f 1496/2148/1552 1495/2147/1551 1492/2141/1548
f 1496/2148/1552 1492/2141/1548 1491/2140/1547
f 1491/2140/1547 1493/2145/1549 1496/2148/1552
f 1445/2085/1503 1444/2084/1502 1495/2147/1551
f 1445/2085/1503 1495/2147/1551 1494/2146/1550
f 1445/2085/1503 1494/2146/1550 1496/2148/1552
f 1445/2085/1503 1496/2148/1552 1446/2086/1504
f 1442/2082/432 1497/2149/432 1498/2150/432
f 1498/2150/432 1373/2001/432 1377/2005/1553
f 1498/2150/432 1377/2005/1553 1499/2151/1553
f 1498/2150/432 1499/2151/1553 1500/2152/1553
f 1498/2150/432 1500/2152/1553 1443/2083/1553
f 1498/2150/432 1443/2083/1553 1442/2082/432
f 1443/2083/1553 1500/2152/1553 1499/2151/1553
f 1499/2151/1553 1377/2005/1553 1380/2008/1554
f 1499/2151/1553 1380/2008/1554 1501/2153/1554
f 1499/2151/1553 1501/2153/1554 1502/2154/1554
f 1499/2151/1553 1502/2154/1554 1449/2089/1554
f 1499/2151/1553 1449/2089/1554 1443/2083/1553
f 1449/2094/1554 1502/2155/1554 1501/2156/1554
f 1501/2156/1554 1380/2014/1554 1383/2013/1555
f 1501/2156/1554 1383/2013/1555 1503/2157/1555
f 1501/2156/1554 1503/2157/1555 1504/2158/1555
f 1501/2156/1554 1504/2158/1555 1452/2095/1555
f 1501/2156/1554 1452/2095/1555 1449/2094/1554
f 1452/2095/1555 1504/2158/1555 1503/2157/1555
f 1503/2157/1555 1383/2013/1555 1386/2017/129
f 1503/2157/1555 1386/2017/129 1505/2159/129
f 1503/2157/1555 1505/2159/129 1506/2160/129
f 1503/2157/1555 1506/2160/129 1455/2098/129
f 1503/2157/1555 1455/2098/129 1452/2095/1555
f 1455/2098/129 1506/2160/129 1505/2159/129
f 1505/2159/129 1386/2017/129 1389/2020/1556
f 1505/2159/129 1389/2020/1556 1507/2161/1556
f 1505/2159/129 1507/2161/1556 1508/2162/1556
f 1505/2159/129 1508/2162/1556 1458/2101/1556
f 1505/2159/129 1458/2101/1556 1455/2098/129
f 1458/2101/1556 1508/2162/1556 1507/2161/1556
f 1507/2161/1556 1389/2020/1556 1392/2023/1557
f 1507/2161/1556 1392/2023/1557 1509/2163/1557
f 1507/2161/1556 1509/2163/1557 1510/2164/1557
f 1507/2161/1556 1510/2164/1557 1461/2104/1557
f 1507/2161/1556 1461/2104/1557 1458/2101/1556
f 1461/2109/1557 1510/2165/1557 1509/2166/1557
f 1509/2166/1557 1392/2029/1557 1395/2028/1558
f 1509/2166/1557 1395/2028/1558 1511/2167/1558
f 1509/2166/1557 1511/2167/1558 1512/2168/1558
f 1509/2166/1557 1512/2168/1558 1464/2110/1558
f 1509/2166/1557 1464/2110/1558 1461/2109/1557
f 1464/2110/1558 1512/2168/1558 1511/2167/1558
f 1511/2167/1558 1395/2028/1558 1398/2032/1559
f 1511/2167/1558 1398/2032/1559 1513/2169/1559
f 1511/2167/1558 1513/2169/1559 1514/2170/1559
f 1511/2167/1558 1514/2170/1559 1467/2113/1559
f 1511/2167/1558 1467/2113/1559 1464/2110/1558
f 1467/2113/1559 1514/2170/1559 1513/2169/1559
f 1513/2169/1559 1398/2032/1559 1401/2035/1560
f 1513/2169/1559 1401/2035/1560 1515/2171/1560
f 1513/2169/1559 1515/2171/1560 1516/2172/1560
f 1513/2169/1559 1516/2172/1560 1470/2116/1560
f 1513/2169/1559 1470/2116/1560 1467/2113/1559
f 1470/2116/1560 1516/2172/1560 1515/2171/1560
f 1515/2171/1560 1401/2035/1560 1404/2038/1468
f 1515/2171/1560 1404/2038/1468 1406/2040/1468
f 1515/2171/1560 1406/2040/1468 1405/2039/1468
f 1515/2171/1560 1405/2039/1468 1411/2045/1468
f 1515/2171/1560 1411/2045/1468 1470/2116/1560
f 1410/2044/1469 1409/2043/1469 1408/2042/1469
f 1408/2042/1469 1407/2041/1469 1416/2050/1561
f 1408/2042/1469 1416/2050/1561 1517/2173/1561
f 1408/2042/1469 1517/2173/1561 1518/2174/1561
f 1408/2042/1469 1518/2174/1561 1477/2123/1561
f 1408/2042/1469 1477/2123/1561 1410/2044/1469
f 1477/2123/1561 1518/2174/1561 1517/2173/1561
f 1517/2173/1561 1416/2050/1561 1419/2053/440
f 1517/2173/1561 1419/2053/440 1519/2175/440
f 1517/2173/1561 1519/2175/440 1520/2176/440
f 1517/2173/1561 1520/2176/440 1478/2124/440
f 1517/2173/1561 1478/2124/440 1477/2123/1561
f 1478/2129/440 1520/2177/440 1519/2178/440
f 1519/2178/440 1419/2059/440 1422/2058/139
f 1519/2178/440 1422/2058/139 1521/2179/139
f 1519/2178/440 1521/2179/139 1522/2180/139
f 1519/2178/440 1522/2180/139 1481/2130/139
f 1519/2178/440 1481/2130/139 1478/2129/440
f 1481/2130/139 1522/2180/139 1521/2179/139
f 1521/2179/139 1422/2058/139 1425/2062/1562
f 1521/2179/139 1425/2062/1562 1523/2181/1562
f 1521/2179/139 1523/2181/1562 1524/2182/1562
f 1521/2179/139 1524/2182/1562 1484/2133/1562
f 1521/2179/139 1484/2133/1562 1481/2130/139
f 1484/2133/1562 1524/2182/1562 1523/2181/1562
f 1523/2181/1562 1425/2062/1562 1428/2065/1563
f 1523/2181/1562 1428/2065/1563 1525/2183/1563
f 1523/2181/1562 1525/2183/1563 1526/2184/1563
f 1523/2181/1562 1526/2184/1563 1487/2136/1563
f 1523/2181/1562 1487/2136/1563 1484/2133/1562
f 1487/2136/1563 1526/2184/1563 1525/2183/1563
f 1525/2183/1563 1428/2065/1563 1431/2068/436
f 1525/2183/1563 1431/2068/436 1527/2185/436
f 1525/2183/1563 1527/2185/436 1528/2186/436
f 1525/2183/1563 1528/2186/436 1490/2139/436
f 1525/2183/1563 1490/2139/436 1487/2136/1563
f 1490/2144/436 1528/2187/436 1527/2188/436
f 1527/2188/436 1431/2074/436 1434/2073/1564
f 1527/2188/436 1434/2073/1564 1529/2189/1564
f 1527/2188/436 1529/2189/1564 1530/2190/1564
f 1527/2188/436 1530/2190/1564 1493/2145/1564
f 1527/2188/436 1493/2145/1564 1490/2144/436
f 1493/2145/1564 1530/2190/1564 1529/2189/1564
f 1529/2189/1564 1434/2073/1564 1437/2077/1565
f 1529/2189/1564 1437/2077/1565 1531/2191/1565
f 1529/2189/1564 1531/2191/1565 1532/2192/1565
f 1529/2189/1564 1532/2192/1565 1496/2148/1565
f 1529/2189/1564 1496/2148/1565 1493/2145/1564
f 1496/2148/1565 1532/2192/1565 1531/2191/1565
f 1531/2191/1565 1437/2077/1565 1374/2002/1566
f 1531/2191/1565 1374/2002/1566 1533/2193/1566
f 1531/2191/1565 1533/2193/1566 1534/2194/1566
f 1531/2191/1565 1534/2194/1566 1446/2086/1566
f 1531/2191/1565 1446/2086/1566 1496/2148/1565
f 1446/2086/1566 1534/2194/1566 1533/2193/1566
f 1533/2193/1566 1374/2002/1566 1373/2001/432
f 1533/2193/1566 1373/2001/432 1498/2150/432
f 1533/2193/1566 1498/2150/432 1497/2149/432
f 1533/2193/1566 1497/2149/432 1442/2082/432
f 1533/2193/1566 1442/2082/432 1446/2086/1566
f 1538/2198/1570 1535/2195/1567 1536/2196/1568
f 1536/2196/1568 1537/2197/1569 1538/2198/1570
f 1542/2202/1574 1539/2199/1571 1540/2200/1572
f 1540/2200/1572 1541/2201/1573 1542/2202/1574
f 1541/2201/1573 1540/2200/1572 1543/2203/1575
f 1543/2203/1575 1544/2204/1576 1541/2201/1573
f 1544/2204/1576 1543/2203/1575 1537/2197/1569
f 1537/2197/1569 1536/2196/1568 1544/2204/1576
f 1546/2206/1578 1535/2195/1567 1538/2198/1570
f 1538/2198/1570 1545/2205/1577 1546/2206/1578
f 1548/2208/1580 1547/2207/1579 1539/2199/1571
f 1539/2199/1571 1542/2202/1574 1548/2208/1580
f 1552/2212/1584 1549/2209/1581 1550/2210/1582
f 1550/2210/1582 1551/2211/1583 1552/2212/1584
f 1551/2211/1583 1550/2210/1582 1547/2207/1579
f 1547/2207/1579 1548/2208/1580 1551/2211/1583
f 1555/2215/1587 1553/2213/1585 1550/2210/1582
f 1555/2215/1587 1550/2210/1582 1549/2209/1581
f 1549/2209/1581 1554/2214/1586 1555/2215/1587
f 1553/2213/1585 1556/2216/1588 1547/2207/1579
f 1547/2207/1579 1550/2210/1582 1553/2213/1585
f 1556/2216/1588 1557/2217/1589 1539/2199/1571
f 1539/2199/1571 1547/2207/1579 1556/2216/1588
f 1557/2217/1589 1558/2218/1590 1540/2200/1572
f 1540/2200/1572 1539/2199/1571 1557/2217/1589
f 1558/2218/1590 1559/2219/1591 1543/2203/1575
f 1543/2203/1575 1540/2200/1572 1558/2218/1590
f 1559/2219/1591 1560/2220/1592 1537/2197/1569
f 1537/2197/1569 1543/2203/1575 1559/2219/1591
f 1561/2221/1593 1538/2198/1570 1537/2197/1569
f 1537/2197/1569 1560/2220/1592 1561/2221/1593
f 1562/2222/1594 1545/2205/1577 1538/2198/1570
f 1538/2198/1570 1561/2221/1593 1562/2222/1594
f 1566/2226/1597 1563/2223/1595 1564/2224/1596
f 1564/2224/1596 1565/2225/163 1566/2226/1597
f 1570/2230/1600 1567/2227/1598 1568/2228/1599
f 1568/2228/1599 1569/2229/163 1570/2230/1600
f 1572/2232/1602 1566/2226/1597 1565/2225/163
f 1565/2225/163 1571/2231/1601 1572/2232/1602
f 1576/2236/1605 1573/2233/1603 1574/2234/163
f 1574/2234/163 1575/2235/1604 1576/2236/1605
f 1563/2223/1595 1573/2233/1603 1576/2236/1605
f 1576/2236/1605 1564/2224/1596 1563/2223/1595
f 1578/2238/1607 1576/2236/1605 1575/2235/1604
f 1575/2235/1604 1577/2237/1606 1578/2238/1607
f 1579/2239/1608 1564/2224/1596 1576/2236/1605
f 1576/2236/1605 1578/2238/1607 1579/2239/1608
f 1580/2240/1609 1565/2225/163 1564/2224/1596
f 1564/2224/1596 1579/2239/1608 1580/2240/1609
f 1581/2241/1610 1571/2231/1601 1565/2225/163
f 1565/2225/163 1580/2240/1609 1581/2241/1610
f 1583/2243/1612 1582/2242/1611 1569/2229/163
f 1569/2229/163 1568/2228/1599 1583/2243/1612
f 1588/2248/1617 1584/2244/1613 1585/2245/1614
f 1588/2248/1617 1585/2245/1614 1586/2246/1615
f 1586/2246/1615 1587/2247/1616 1588/2248/1617
f 1590/2250/1619 1589/2249/1618 1584/2244/1613
f 1584/2244/1613 1588/2248/1617 1590/2250/1619
f 1582/2242/1611 1585/2245/1614 1584/2244/1613
f 1584/2244/1613 1569/2229/163 1582/2242/1611
f 1589/2249/1618 1570/2230/1600 1569/2229/163
f 1569/2229/163 1584/2244/1613 1589/2249/1618
f 1567/2227/1598 1572/2232/1602 1571/2231/1601
f 1571/2231/1601 1568/2228/1599 1567/2227/1598
f 1581/2241/1610 1583/2243/1612 1568/2228/1599
f 1568/2228/1599 1571/2231/1601 1581/2241/1610
f 1476/2122/1532 1475/2121/1531 1591/2251/1620
f 1476/2122/1532 1591/2251/1620 1592/2252/1621
f 1476/2122/1532 1592/2252/1621 1410/2044/1622
f 1476/2122/1532 1410/2044/1622 1477/2123/1533
f 1592/2252/1621 1591/2251/1620 1472/2118/1527
f 1592/2252/1621 1472/2118/1527 1471/2117/1526
f 1592/2252/1621 1471/2117/1526 1411/2045/1528
f 1592/2252/1621 1411/2045/1528 1410/2044/1622
f 1403/2037/1466 1402/2036/1465 1413/2047/1471
f 1403/2037/1466 1413/2047/1471 1412/2046/1470
f 1403/2037/1466 1412/2046/1470 1407/2041/1475
f 1403/2037/1466 1407/2041/1475 1404/2038/1467
f 1535/2195/1567 1439/2253/1623 1448/2254/1624
f 1448/2254/1624 1536/2196/1568 1535/2195/1567
f 1541/2201/1573 1454/2255/1625 1457/2256/1626
f 1457/2256/1626 1542/2202/1574 1541/2201/1573
f 1544/2204/1576 1451/2257/1627 1454/2255/1625
f 1454/2255/1625 1541/2201/1573 1544/2204/1576
f 1536/2196/1568 1448/2254/1624 1451/2257/1627
f 1451/2257/1627 1544/2204/1576 1536/2196/1568
f 1545/2205/1577 1444/2258/1628 1440/2259/1629
f 1440/2259/1629 1546/2206/1578 1545/2205/1577
f 1546/2206/1578 1440/2259/1629 1439/2253/1623
f 1439/2253/1623 1535/2195/1567 1546/2206/1578
f 1542/2202/1574 1457/2256/1626 1460/2260/1630
f 1460/2260/1630 1548/2208/1580 1542/2202/1574
f 1551/2211/1583 1463/2261/1631 1466/2262/1632
f 1466/2262/1632 1552/2212/1584 1551/2211/1583
f 1552/2212/1584 1466/2262/1632 1469/2263/1633
f 1469/2263/1633 1549/2209/1581 1552/2212/1584
f 1548/2208/1580 1460/2260/1630 1463/2261/1631
f 1463/2261/1631 1551/2211/1583 1548/2208/1580
f 1549/2209/1581 1469/2263/1633 1472/2264/1634
f 1472/2264/1634 1554/2214/1586 1549/2209/1581
f 1554/2214/1586 1472/2264/1634 1591/2265/1635
f 1591/2265/1635 1555/2215/1587 1554/2214/1586
f 1555/2215/1587 1591/2265/1635 1475/2266/1636
f 1475/2266/1636 1553/2213/1585 1555/2215/1587
f 1553/2213/1585 1475/2266/1636 1474/2267/1637
f 1474/2267/1637 1556/2216/1588 1553/2213/1585
f 1556/2216/1588 1474/2267/1637 1480/2268/1638
f 1480/2268/1638 1557/2217/1589 1556/2216/1588
f 1557/2217/1589 1480/2268/1638 1483/2269/1639
f 1483/2269/1639 1558/2218/1590 1557/2217/1589
f 1558/2218/1590 1483/2269/1639 1486/2270/1640
f 1486/2270/1640 1559/2219/1591 1558/2218/1590
f 1559/2219/1591 1486/2270/1640 1489/2271/1641
f 1489/2271/1641 1560/2220/1592 1559/2219/1591
f 1560/2220/1592 1489/2271/1641 1492/2272/1642
f 1492/2272/1642 1561/2221/1593 1560/2220/1592
f 1561/2221/1593 1492/2272/1642 1495/2273/1643
f 1495/2273/1643 1562/2222/1594 1561/2221/1593
f 1562/2222/1594 1495/2273/1643 1444/2258/1628
f 1444/2258/1628 1545/2205/1577 1562/2222/1594
f 1566/2226/1597 1381/2274/1644 1378/2275/1645
f 1378/2275/1645 1563/2223/1595 1566/2226/1597
f 1570/2230/1600 1390/2276/1646 1387/2277/1647
f 1387/2277/1647 1567/2227/1598 1570/2230/1600
f 1572/2232/1602 1384/2278/1648 1381/2274/1644
f 1381/2274/1644 1566/2226/1597 1572/2232/1602
f 1573/2233/1603 1375/2279/1649 1371/2280/163
f 1371/2280/163 1574/2234/163 1573/2233/1603
f 1574/2234/163 1371/2280/163 1370/2281/1650
f 1370/2281/1650 1575/2235/1604 1574/2234/163
f 1563/2223/1595 1378/2275/1645 1375/2279/1649
f 1375/2279/1649 1573/2233/1603 1563/2223/1595
f 1575/2235/1604 1370/2281/1650 1435/2282/1651
f 1435/2282/1651 1577/2237/1606 1575/2235/1604
f 1577/2237/1606 1435/2282/1651 1432/2283/1652
f 1432/2283/1652 1578/2238/1607 1577/2237/1606
f 1578/2238/1607 1432/2283/1652 1429/2284/1653
f 1429/2284/1653 1579/2239/1608 1578/2238/1607
f 1579/2239/1608 1429/2284/1653 1426/2285/1654
f 1426/2285/1654 1580/2240/1609 1579/2239/1608
f 1580/2240/1609 1426/2285/1654 1423/2286/1655
f 1423/2286/1655 1581/2241/1610 1580/2240/1609
f 1583/2243/1612 1420/2287/1656 1417/2288/1657
f 1417/2288/1657 1582/2242/1611 1583/2243/1612
f 1585/2245/1614 1414/2289/1658 1413/2290/1659
f 1413/2290/1659 1586/2246/1615 1585/2245/1614
f 1586/2246/1615 1413/2290/1659 1402/2291/1660
f 1402/2291/1660 1587/2247/1616 1586/2246/1615
f 1587/2247/1616 1402/2291/1660 1399/2292/1661
f 1399/2292/1661 1588/2248/1617 1587/2247/1616
f 1588/2248/1617 1399/2292/1661 1396/2293/1662
f 1396/2293/1662 1590/2250/1619 1588/2248/1617
f 1590/2250/1619 1396/2293/1662 1393/2294/1663
f 1393/2294/1663 1589/2249/1618 1590/2250/1619
f 1582/2242/1611 1417/2288/1657 1414/2289/1658
f 1414/2289/1658 1585/2245/1614 1582/2242/1611
f 1589/2249/1618 1393/2294/1663 1390/2276/1646
f 1390/2276/1646 1570/2230/1600 1589/2249/1618
f 1567/2227/1598 1387/2277/1647 1384/2278/1648
f 1384/2278/1648 1572/2232/1602 1567/2227/1598
f 1581/2241/1610 1423/2286/1655 1420/2287/1656
f 1420/2287/1656 1583/2243/1612 1581/2241/1610
f 1596/2298/549 1593/2295/549 1594/2296/549
f 1594/2296/549 1595/2297/549 1596/2298/549
f 1600/2302/1666 1597/2299/580 1598/2300/1664
f 1598/2300/1664 1599/2301/1665 1600/2302/1666
f 1598/2306/1668 1597/2303/1667 1601/2304/1667
f 1601/2304/1667 1602/2305/1668 1598/2306/1668
f 1602/2310/565 1601/2307/1669 1603/2308/1670
f 1603/2308/1670 1604/2309/544 1602/2310/565
f 1608/2314/1672 1605/2311/175 1606/2312/175
f 1606/2312/175 1607/2313/1671 1608/2314/1672
f 1610/2318/570 1609/2315/1673 1607/2316/1674
f 1607/2316/1674 1606/2317/1675 1610/2318/570
f 1612/2322/574 1605/2319/1676 1608/2320/1677
f 1608/2320/1677 1611/2321/1678 1612/2322/574
f 1616/2326/1679 1613/2323/1679 1614/2324/288
f 1614/2324/288 1615/2325/288 1616/2326/1679
f 1620/2330/1682 1617/2327/1680 1618/2328/1681
f 1618/2328/1681 1619/2329/541 1620/2330/1682
f 1624/2334/1686 1621/2331/1683 1622/2332/1684
f 1622/2332/1684 1623/2333/1685 1624/2334/1686
f 1626/2338/1689 1625/2335/1687 1622/2336/1688
f 1622/2336/1688 1621/2337/1689 1626/2338/1689
f 1628/2342/1693 1625/2339/1690 1626/2340/1691
f 1626/2340/1691 1627/2341/1692 1628/2342/1693
f 1632/2346/1695 1629/2343/1691 1630/2344/583
f 1630/2344/583 1631/2345/1694 1632/2346/1695
f 1630/2350/175 1629/2347/1696 1619/2348/1671
f 1619/2348/1671 1618/2349/175 1630/2350/175
f 1609/2315/1673 1610/2318/570 1633/2351/1685
f 1633/2351/1685 1634/2352/1397 1609/2315/1673
f 1636/2354/549 1613/2323/1679 1616/2326/1679
f 1616/2326/1679 1635/2353/549 1636/2354/549
f 1638/2356/1698 1637/2355/1697 1612/2322/574
f 1612/2322/574 1611/2321/1678 1638/2356/1698
f 1599/2301/1665 1598/2300/1664 1621/2331/1683
f 1621/2331/1683 1624/2334/1686 1599/2301/1665
f 1609/2315/1673 1620/2357/1682 1619/2358/541
f 1619/2358/541 1607/2316/1674 1609/2315/1673
f 1608/2314/1672 1607/2313/1671 1619/2348/1671
f 1619/2348/1671 1629/2347/1696 1608/2314/1672
f 1611/2321/1678 1608/2320/1677 1629/2343/1691
f 1629/2343/1691 1632/2346/1695 1611/2321/1678
f 1627/2341/1692 1626/2340/1691 1602/2310/565
f 1602/2310/565 1604/2309/544 1627/2341/1692
f 1602/2305/1668 1626/2338/1689 1621/2337/1689
f 1621/2337/1689 1598/2306/1668 1602/2305/1668
f 1634/2352/1397 1633/2351/1685 1600/2302/1666
f 1600/2302/1666 1599/2301/1665 1634/2352/1397
f 1604/2309/544 1603/2308/1670 1637/2355/1697
f 1637/2355/1697 1638/2356/1698 1604/2309/544
f 1636/2354/549 1635/2353/549 1593/2295/549
f 1593/2295/549 1596/2298/549 1636/2354/549
f 1620/2362/1699 1632/2359/1699 1631/2360/1700
f 1631/2360/1700 1617/2361/1701 1620/2362/1699
f 1617/2366/1702 1631/2363/1702 1639/2364/1703
f 1639/2364/1703 1640/2365/1703 1617/2366/1702
f 1634/2368/1704 1638/2356/1704 1611/2321/534
f 1611/2321/534 1609/2367/534 1634/2368/1704
f 1609/2370/1706 1611/2369/1705 1632/2359/1699
f 1632/2359/1699 1620/2362/1699 1609/2370/1706
f 1624/2374/1710 1627/2371/1707 1604/2372/1708
f 1604/2372/1708 1599/2373/1709 1624/2374/1710
f 1599/2378/528 1604/2375/528 1638/2376/1704
f 1638/2376/1704 1634/2377/1704 1599/2378/528
f 1640/2365/1703 1639/2364/1703 1628/2379/527
f 1628/2379/527 1623/2380/527 1640/2365/1703
f 1623/2382/1712 1628/2381/1711 1627/2371/1707
f 1627/2371/1707 1624/2374/1710 1623/2382/1712
f 1617/2327/1680 1616/2326/1713 1615/2325/1714
f 1615/2325/1714 1618/2328/1681 1617/2327/1680
f 1635/2353/1715 1616/2326/1713 1617/2327/1680
f 1617/2327/1680 1640/2383/558 1635/2353/1715
f 1635/2353/1715 1640/2383/558 1623/2384/1685
f 1623/2384/1685 1593/2295/580 1635/2353/1715
f 1623/2333/1685 1622/2332/1684 1594/2385/1716
f 1594/2385/1716 1593/2386/580 1623/2333/1685
f 1625/2335/1687 1595/2387/1717 1594/2388/1717
f 1594/2388/1717 1622/2336/1688 1625/2335/1687
f 1628/2342/1693 1596/2298/1718 1595/2297/1719
f 1595/2297/1719 1625/2339/1690 1628/2342/1693
f 1596/2298/1718 1628/2342/1693 1639/2389/1720
f 1639/2389/1720 1636/2354/1721 1596/2298/1718
f 1636/2354/1721 1639/2389/1720 1631/2345/1694
f 1631/2345/1694 1613/2323/1722 1636/2354/1721
f 1631/2345/1694 1630/2344/583 1614/2324/1723
f 1614/2324/1723 1613/2323/1722 1631/2345/1694
f 1614/2391/175 1630/2350/175 1618/2349/175
f 1618/2349/175 1615/2390/175 1614/2391/175
f 1646/2397/1729 1641/2392/1724 1642/2393/1725
f 1646/2397/1729 1642/2393/1725 1643/2394/1726
f 1646/2397/1729 1643/2394/1726 1644/2395/1727
f 1644/2395/1727 1645/2396/1728 1646/2397/1729
f 1645/2396/1728 1644/2395/1727 1643/2394/1726
f 1645/2396/1728 1643/2394/1726 1647/2398/1730
f 1645/2396/1728 1647/2398/1730 1648/2399/1731
f 1648/2399/1731 1649/2400/1732 1645/2396/1728
f 1648/2399/1731 1647/2398/1730 1650/2401/1733
f 1648/2399/1731 1650/2401/1733 1651/2402/1734
f 1648/2399/1731 1651/2402/1734 1652/2403/1735
f 1648/2399/1731 1652/2403/1735 1649/2400/1732
f 1652/2409/1735 1651/2404/1734 1650/2405/1733
f 1652/2409/1735 1650/2405/1733 1653/2406/1736
f 1652/2409/1735 1653/2406/1736 1654/2407/1737
f 1654/2407/1737 1655/2408/1738 1652/2409/1735
f 1655/2408/1738 1654/2407/1737 1653/2406/1736
f 1655/2408/1738 1653/2406/1736 1656/2410/1739
f 1655/2408/1738 1656/2410/1739 1657/2411/1740
f 1657/2411/1740 1658/2412/1741 1655/2408/1738
f 1658/2412/1741 1657/2411/1740 1656/2410/1739
f 1658/2412/1741 1656/2410/1739 1659/2413/1742
f 1658/2412/1741 1659/2413/1742 1660/2414/1743
f 1660/2414/1743 1661/2415/1744 1658/2412/1741
f 1660/2414/1743 1659/2413/1742 1662/2416/1745
f 1660/2414/1743 1662/2416/1745 1663/2417/1746
f 1660/2414/1743 1663/2417/1746 1664/2418/1747
f 1660/2414/1743 1664/2418/1747 1661/2415/1744
f 1663/2419/1746 1662/2420/1745 1665/2421/1748
f 1663/2419/1746 1665/2421/1748 1666/2422/1749
f 1663/2419/1746 1666/2422/1749 1667/2423/1749
f 1663/2419/1746 1667/2423/1749 1664/2424/1747
f 1667/2423/1749 1666/2422/1749 1665/2421/1748
f 1667/2423/1749 1665/2421/1748 1668/2425/1750
f 1667/2423/1749 1668/2425/1750 1669/2426/1751
f 1669/2426/1751 1670/2427/1752 1667/2423/1749
f 1670/2427/1752 1669/2426/1751 1668/2425/1750
f 1670/2427/1752 1668/2425/1750 1671/2428/1753
f 1670/2427/1752 1671/2428/1753 1672/2429/1754
f 1672/2429/1754 1673/2430/1755 1670/2427/1752
f 1673/2430/1755 1672/2429/1754 1671/2428/1753
f 1673/2430/1755 1671/2428/1753 1674/2431/1756
f 1673/2430/1755 1674/2431/1756 1675/2432/1757
f 1675/2432/1757 1676/2433/1758 1673/2430/1755
f 1683/2440/1759 1677/2434/1759 1678/2435/1759
f 1678/2435/1759 1676/2433/1759 1679/2436/1760
f 1678/2435/1759 1679/2436/1760 1680/2437/1760
f 1678/2435/1759 1680/2437/1760 1681/2438/1760
f 1678/2435/1759 1681/2438/1760 1682/2439/1760
f 1678/2435/1759 1682/2439/1760 1683/2440/1759
f 1684/2441/1761 1685/2442/1762 1686/2443/1763
f 1684/2441/1761 1686/2443/1763 1687/2444/1764
f 1684/2441/1761 1687/2444/1764 1688/2445/1765
f 1684/2441/1761 1688/2445/1765 1679/2436/1766
f 1688/2445/1765 1687/2444/1764 1686/2443/1763
f 1688/2445/1765 1686/2443/1763 1689/2446/1767
f 1688/2445/1765 1689/2446/1767 1690/2447/1768
f 1690/2447/1768 1691/2448/1769 1688/2445/1765
f 1691/2454/1769 1690/2449/1768 1689/2450/1767
f 1691/2454/1769 1689/2450/1767 1692/2451/1770
f 1691/2454/1769 1692/2451/1770 1693/2452/1771
f 1693/2452/1771 1694/2453/1772 1691/2454/1769
f 1694/2453/1772 1693/2452/1771 1692/2451/1770
f 1694/2453/1772 1692/2451/1770 1695/2455/1773
f 1694/2453/1772 1695/2455/1773 1696/2456/1774
f 1696/2456/1774 1697/2457/1775 1694/2453/1772
f 1697/2457/1775 1696/2456/1774 1695/2455/1773
f 1697/2457/1775 1695/2455/1773 1698/2458/1776
f 1697/2457/1775 1698/2458/1776 1699/2459/1777
f 1699/2459/1777 1700/2460/1778 1697/2457/1775
f 1699/2459/1777 1698/2458/1776 1701/2461/1779
f 1699/2459/1777 1701/2461/1779 1702/2462/1780
f 1699/2459/1777 1702/2462/1780 1703/2463/1781
f 1699/2459/1777 1703/2463/1781 1700/2460/1778
f 1703/2469/1781 1702/2464/1780 1701/2465/1779
f 1703/2469/1781 1701/2465/1779 1704/2466/1782
f 1703/2469/1781 1704/2466/1782 1705/2467/1783
f 1705/2467/1783 1706/2468/1784 1703/2469/1781
f 1706/2468/1784 1705/2467/1783 1704/2466/1782
f 1706/2468/1784 1704/2466/1782 1707/2470/1785
f 1706/2468/1784 1707/2470/1785 1708/2471/1786
f 1708/2471/1786 1709/2472/1787 1706/2468/1784
f 1709/2472/1787 1708/2471/1786 1707/2470/1785
f 1709/2472/1787 1707/2470/1785 1642/2393/1725
f 1709/2472/1787 1642/2393/1725 1641/2392/1724
f 1641/2392/1724 1646/2397/1729 1709/2472/1787
f 1715/2478/1793 1710/2473/1788 1711/2474/1789
f 1715/2478/1793 1711/2474/1789 1712/2475/1790
f 1715/2478/1793 1712/2475/1790 1713/2476/1791
f 1713/2476/1791 1714/2477/1792 1715/2478/1793
f 1713/2476/1791 1712/2475/1790 1716/2479/1794
f 1713/2476/1791 1716/2479/1794 1717/2480/1795
f 1713/2476/1791 1717/2480/1795 1718/2481/1796
f 1713/2476/1791 1718/2481/1796 1714/2477/1792
f 1721/2484/1799 1719/2482/1797 1720/2483/1798
f 1721/2484/1799 1720/2483/1798 1711/2474/1789
f 1721/2484/1799 1711/2474/1789 1710/2473/1788
f 1710/2473/1788 1715/2478/1793 1721/2484/1799
f 1722/2485/1800 1723/2486/1801 1720/2487/1798
f 1722/2485/1800 1720/2487/1798 1719/2488/1797
f 1722/2485/1800 1719/2488/1797 1721/2489/1799
f 1722/2485/1800 1721/2489/1799 1724/2490/1802
f 1727/2493/1805 1725/2491/1803 1726/2492/1804
f 1727/2493/1805 1726/2492/1804 1723/2486/1801
f 1727/2493/1805 1723/2486/1801 1722/2485/1800
f 1722/2485/1800 1724/2490/1802 1727/2493/1805
f 1728/2494/1806 1729/2495/1807 1726/2492/1804
f 1728/2494/1806 1726/2492/1804 1725/2491/1803
f 1728/2494/1806 1725/2491/1803 1727/2493/1805
f 1728/2494/1806 1727/2493/1805 1730/2496/1808
f 1733/2499/1809 1731/2497/1809 1732/2498/1809
f 1733/2499/1809 1732/2498/1809 1729/2495/1807
f 1733/2499/1809 1729/2495/1807 1728/2494/1806
f 1728/2494/1806 1730/2496/1808 1733/2499/1809
f 1734/2500/1810 1735/2501/1810 1732/2502/1809
f 1734/2500/1810 1732/2502/1809 1731/2503/1809
f 1734/2500/1810 1731/2503/1809 1733/2504/1809
f 1734/2500/1810 1733/2504/1809 1736/2505/1811
f 1739/2508/1814 1737/2506/1812 1738/2507/1813
f 1739/2508/1814 1738/2507/1813 1735/2501/1810
f 1739/2508/1814 1735/2501/1810 1734/2500/1810
f 1734/2500/1810 1736/2505/1811 1739/2508/1814
f 1742/2511/1817 1740/2509/1815 1741/2510/1816
f 1742/2511/1817 1741/2510/1816 1738/2507/1813
f 1742/2511/1817 1738/2507/1813 1737/2506/1812
f 1737/2506/1812 1739/2508/1814 1742/2511/1817
f 1683/2440/1820 1743/2512/1818 1744/2513/1819
f 1683/2440/1820 1744/2513/1819 1741/2510/1816
f 1683/2440/1820 1741/2510/1816 1740/2509/1815
f 1740/2509/1815 1742/2511/1817 1683/2440/1820
f 1745/2514/1821 1746/2515/1822 1747/2516/1823
f 1745/2514/1821 1747/2516/1823 1748/2517/1824
f 1745/2514/1821 1748/2517/1824 1749/2518/1825
f 1745/2514/1821 1749/2518/1825 1750/2519/1826
f 1753/2525/1829 1751/2520/1827 1752/2521/1828
f 1753/2525/1829 1752/2521/1828 1746/2522/1822
f 1753/2525/1829 1746/2522/1822 1745/2523/1821
f 1745/2523/1821 1750/2524/1826 1753/2525/1829
f 1756/2528/1832 1754/2526/1830 1755/2527/1831
f 1756/2528/1832 1755/2527/1831 1752/2521/1828
f 1756/2528/1832 1752/2521/1828 1751/2520/1827
f 1751/2520/1827 1753/2525/1829 1756/2528/1832
f 1759/2531/1835 1757/2529/1833 1758/2530/1834
f 1759/2531/1835 1758/2530/1834 1755/2527/1831
f 1759/2531/1835 1755/2527/1831 1754/2526/1830
f 1754/2526/1830 1756/2528/1832 1759/2531/1835
f 1762/2534/1838 1760/2532/1836 1761/2533/1837
f 1762/2534/1838 1761/2533/1837 1758/2530/1834
f 1762/2534/1838 1758/2530/1834 1757/2529/1833
f 1757/2529/1833 1759/2531/1835 1762/2534/1838
f 1765/2540/1841 1763/2535/1839 1764/2536/1840
f 1765/2540/1841 1764/2536/1840 1761/2537/1837
f 1765/2540/1841 1761/2537/1837 1760/2538/1836
f 1760/2538/1836 1762/2539/1838 1765/2540/1841
f 1768/2543/1844 1766/2541/1842 1767/2542/1843
f 1768/2543/1844 1767/2542/1843 1764/2536/1840
f 1768/2543/1844 1764/2536/1840 1763/2535/1839
f 1763/2535/1839 1765/2540/1841 1768/2543/1844
f 1717/2480/1795 1716/2479/1794 1767/2542/1843
f 1717/2480/1795 1767/2542/1843 1766/2541/1842
f 1717/2480/1795 1766/2541/1842 1768/2543/1844
f 1717/2480/1795 1768/2543/1844 1718/2481/1796
f 1714/2477/712 1769/2544/712 1770/2545/712
f 1770/2545/712 1645/2396/712 1649/2400/1845
f 1770/2545/712 1649/2400/1845 1771/2546/1845
f 1770/2545/712 1771/2546/1845 1772/2547/1845
f 1770/2545/712 1772/2547/1845 1715/2478/1845
f 1770/2545/712 1715/2478/1845 1714/2477/712
f 1715/2478/1845 1772/2547/1845 1771/2546/1845
f 1771/2546/1845 1649/2400/1845 1652/2403/1846
f 1771/2546/1845 1652/2403/1846 1773/2548/1846
f 1771/2546/1845 1773/2548/1846 1774/2549/1846
f 1771/2546/1845 1774/2549/1846 1721/2484/1846
f 1771/2546/1845 1721/2484/1846 1715/2478/1845
f 1721/2489/1846 1774/2550/1846 1773/2551/1846
f 1773/2551/1846 1652/2409/1846 1655/2408/1847
f 1773/2551/1846 1655/2408/1847 1775/2552/1847
f 1773/2551/1846 1775/2552/1847 1776/2553/1847
f 1773/2551/1846 1776/2553/1847 1724/2490/1847
f 1773/2551/1846 1724/2490/1847 1721/2489/1846
f 1724/2490/1847 1776/2553/1847 1775/2552/1847
f 1775/2552/1847 1655/2408/1847 1658/2412/438
f 1775/2552/1847 1658/2412/438 1777/2554/438
f 1775/2552/1847 1777/2554/438 1778/2555/438
f 1775/2552/1847 1778/2555/438 1727/2493/438
f 1775/2552/1847 1727/2493/438 1724/2490/1847
f 1727/2493/438 1778/2555/438 1777/2554/438
f 1777/2554/438 1658/2412/438 1661/2415/1563
f 1777/2554/438 1661/2415/1563 1779/2556/1563
f 1777/2554/438 1779/2556/1563 1780/2557/1563
f 1777/2554/438 1780/2557/1563 1730/2496/1563
f 1777/2554/438 1730/2496/1563 1727/2493/438
f 1730/2496/1563 1780/2557/1563 1779/2556/1563
f 1779/2556/1563 1661/2415/1563 1664/2418/1848
f 1779/2556/1563 1664/2418/1848 1781/2558/1848
f 1779/2556/1563 1781/2558/1848 1782/2559/1848
f 1779/2556/1563 1782/2559/1848 1733/2499/1848
f 1779/2556/1563 1733/2499/1848 1730/2496/1563
f 1733/2504/1848 1782/2560/1848 1781/2561/1848
f 1781/2561/1848 1664/2424/1848 1667/2423/1849
f 1781/2561/1848 1667/2423/1849 1783/2562/1849
f 1781/2561/1848 1783/2562/1849 1784/2563/1849
f 1781/2561/1848 1784/2563/1849 1736/2505/1849
f 1781/2561/1848 1736/2505/1849 1733/2504/1848
f 1736/2505/1849 1784/2563/1849 1783/2562/1849
f 1783/2562/1849 1667/2423/1849 1670/2427/1850
f 1783/2562/1849 1670/2427/1850 1785/2564/1850
f 1783/2562/1849 1785/2564/1850 1786/2565/1850
f 1783/2562/1849 1786/2565/1850 1739/2508/1850
f 1783/2562/1849 1739/2508/1850 1736/2505/1849
f 1739/2508/1850 1786/2565/1850 1785/2564/1850
f 1785/2564/1850 1670/2427/1850 1673/2430/1851
f 1785/2564/1850 1673/2430/1851 1787/2566/1851
f 1785/2564/1850 1787/2566/1851 1788/2567/1851
f 1785/2564/1850 1788/2567/1851 1742/2511/1851
f 1785/2564/1850 1742/2511/1851 1739/2508/1850
f 1742/2511/1851 1788/2567/1851 1787/2566/1851
f 1787/2566/1851 1673/2430/1851 1676/2433/1759
f 1787/2566/1851 1676/2433/1759 1678/2435/1759
f 1787/2566/1851 1678/2435/1759 1677/2434/1759
f 1787/2566/1851 1677/2434/1759 1683/2440/1759
f 1787/2566/1851 1683/2440/1759 1742/2511/1851
f 1682/2439/1760 1681/2438/1760 1680/2437/1760
f 1680/2437/1760 1679/2436/1760 1688/2445/1852
f 1680/2437/1760 1688/2445/1852 1789/2568/1852
f 1680/2437/1760 1789/2568/1852 1790/2569/1852
f 1680/2437/1760 1790/2569/1852 1749/2518/1852
f 1680/2437/1760 1749/2518/1852 1682/2439/1760
f 1749/2518/1852 1790/2569/1852 1789/2568/1852
f 1789/2568/1852 1688/2445/1852 1691/2448/719
f 1789/2568/1852 1691/2448/719 1791/2570/719
f 1789/2568/1852 1791/2570/719 1792/2571/719
f 1789/2568/1852 1792/2571/719 1750/2519/719
f 1789/2568/1852 1750/2519/719 1749/2518/1852
f 1750/2524/719 1792/2572/719 1791/2573/719
f 1791/2573/719 1691/2454/719 1694/2453/1004
f 1791/2573/719 1694/2453/1004 1793/2574/1004
f 1791/2573/719 1793/2574/1004 1794/2575/1004
f 1791/2573/719 1794/2575/1004 1753/2525/1004
f 1791/2573/719 1753/2525/1004 1750/2524/719
f 1753/2525/1004 1794/2575/1004 1793/2574/1004
f 1793/2574/1004 1694/2453/1004 1697/2457/1853
f 1793/2574/1004 1697/2457/1853 1795/2576/1853
f 1793/2574/1004 1795/2576/1853 1796/2577/1853
f 1793/2574/1004 1796/2577/1853 1756/2528/1853
f 1793/2574/1004 1756/2528/1853 1753/2525/1004
f 1756/2528/1853 1796/2577/1853 1795/2576/1853
f 1795/2576/1853 1697/2457/1853 1700/2460/1556
f 1795/2576/1853 1700/2460/1556 1797/2578/1556
f 1795/2576/1853 1797/2578/1556 1798/2579/1556
f 1795/2576/1853 1798/2579/1556 1759/2531/1556
f 1795/2576/1853 1759/2531/1556 1756/2528/1853
f 1759/2531/1556 1798/2579/1556 1797/2578/1556
f 1797/2578/1556 1700/2460/1556 1703/2463/716
f 1797/2578/1556 1703/2463/716 1799/2580/716
f 1797/2578/1556 1799/2580/716 1800/2581/716
f 1797/2578/1556 1800/2581/716 1762/2534/716
f 1797/2578/1556 1762/2534/716 1759/2531/1556
f 1762/2539/716 1800/2582/716 1799/2583/716
f 1799/2583/716 1703/2469/716 1706/2468/1854
f 1799/2583/716 1706/2468/1854 1801/2584/1854
f 1799/2583/716 1801/2584/1854 1802/2585/1854
f 1799/2583/716 1802/2585/1854 1765/2540/1854
f 1799/2583/716 1765/2540/1854 1762/2539/716
f 1765/2540/1854 1802/2585/1854 1801/2584/1854
f 1801/2584/1854 1706/2468/1854 1709/2472/1855
f 1801/2584/1854 1709/2472/1855 1803/2586/1855
f 1801/2584/1854 1803/2586/1855 1804/2587/1855
f 1801/2584/1854 1804/2587/1855 1768/2543/1855
f 1801/2584/1854 1768/2543/1855 1765/2540/1854
f 1768/2543/1855 1804/2587/1855 1803/2586/1855
f 1803/2586/1855 1709/2472/1855 1646/2397/1856
f 1803/2586/1855 1646/2397/1856 1805/2588/1856
f 1803/2586/1855 1805/2588/1856 1806/2589/1856
f 1803/2586/1855 1806/2589/1856 1718/2481/1856
f 1803/2586/1855 1718/2481/1856 1768/2543/1855
f 1718/2481/1856 1806/2589/1856 1805/2588/1856
f 1805/2588/1856 1646/2397/1856 1645/2396/712
f 1805/2588/1856 1645/2396/712 1770/2545/712
f 1805/2588/1856 1770/2545/712 1769/2544/712
f 1805/2588/1856 1769/2544/712 1714/2477/712
f 1805/2588/1856 1714/2477/712 1718/2481/1856
f 1810/2593/1860 1807/2590/1857 1808/2591/1858
f 1808/2591/1858 1809/2592/1859 1810/2593/1860
f 1814/2597/1864 1811/2594/1861 1812/2595/1862
f 1812/2595/1862 1813/2596/1863 1814/2597/1864
f 1813/2596/1863 1812/2595/1862 1815/2598/1865
f 1815/2598/1865 1816/2599/1866 1813/2596/1863
f 1816/2599/1866 1815/2598/1865 1809/2592/1859
f 1809/2592/1859 1808/2591/1858 1816/2599/1866
f 1818/2601/1868 1807/2590/1857 1810/2593/1860
f 1810/2593/1860 1817/2600/1867 1818/2601/1868
f 1820/2603/1870 1819/2602/1869 1811/2594/1861
f 1811/2594/1861 1814/2597/1864 1820/2603/1870
f 1824/2607/1874 1821/2604/1871 1822/2605/1872
f 1822/2605/1872 1823/2606/1873 1824/2607/1874
f 1823/2606/1873 1822/2605/1872 1819/2602/1869
f 1819/2602/1869 1820/2603/1870 1823/2606/1873
f 1827/2610/1877 1825/2608/1875 1822/2605/1872
f 1827/2610/1877 1822/2605/1872 1821/2604/1871
f 1821/2604/1871 1826/2609/1876 1827/2610/1877
f 1825/2608/1875 1828/2611/1878 1819/2602/1869
f 1819/2602/1869 1822/2605/1872 1825/2608/1875
f 1828/2611/1878 1829/2612/1879 1811/2594/1861
f 1811/2594/1861 1819/2602/1869 1828/2611/1878
f 1829/2612/1879 1830/2613/1880 1812/2595/1862
f 1812/2595/1862 1811/2594/1861 1829/2612/1879
f 1830/2613/1880 1831/2614/1881 1815/2598/1865
f 1815/2598/1865 1812/2595/1862 1830/2613/1880
f 1831/2614/1881 1832/2615/1882 1809/2592/1859
f 1809/2592/1859 1815/2598/1865 1831/2614/1881
f 1833/2616/1883 1810/2593/1860 1809/2592/1859
f 1809/2592/1859 1832/2615/1882 1833/2616/1883
f 1834/2617/1884 1817/2600/1867 1810/2593/1860
f 1810/2593/1860 1833/2616/1883 1834/2617/1884
f 1838/2621/1887 1835/2618/1885 1836/2619/1886
f 1836/2619/1886 1837/2620/163 1838/2621/1887
f 1842/2625/1890 1839/2622/1888 1840/2623/1889
f 1840/2623/1889 1841/2624/163 1842/2625/1890
f 1844/2627/1892 1838/2621/1887 1837/2620/163
f 1837/2620/163 1843/2626/1891 1844/2627/1892
f 1848/2631/1895 1845/2628/1893 1846/2629/163
f 1846/2629/163 1847/2630/1894 1848/2631/1895
f 1835/2618/1885 1845/2628/1893 1848/2631/1895
f 1848/2631/1895 1836/2619/1886 1835/2618/1885
f 1850/2633/1897 1848/2631/1895 1847/2630/1894
f 1847/2630/1894 1849/2632/1896 1850/2633/1897
f 1851/2634/1898 1836/2619/1886 1848/2631/1895
f 1848/2631/1895 1850/2633/1897 1851/2634/1898
f 1852/2635/1899 1837/2620/163 1836/2619/1886
f 1836/2619/1886 1851/2634/1898 1852/2635/1899
f 1853/2636/1900 1843/2626/1891 1837/2620/163
f 1837/2620/163 1852/2635/1899 1853/2636/1900
f 1855/2638/1902 1854/2637/1901 1841/2624/163
f 1841/2624/163 1840/2623/1889 1855/2638/1902
f 1860/2643/1907 1856/2639/1903 1857/2640/1904
f 1860/2643/1907 1857/2640/1904 1858/2641/1905
f 1858/2641/1905 1859/2642/1906 1860/2643/1907
f 1862/2645/1909 1861/2644/1908 1856/2639/1903
f 1856/2639/1903 1860/2643/1907 1862/2645/1909
f 1854/2637/1901 1857/2640/1904 1856/2639/1903
f 1856/2639/1903 1841/2624/163 1854/2637/1901
f 1861/2644/1908 1842/2625/1890 1841/2624/163
f 1841/2624/163 1856/2639/1903 1861/2644/1908
f 1839/2622/1888 1844/2627/1892 1843/2626/1891
f 1843/2626/1891 1840/2623/1889 1839/2622/1888
f 1853/2636/1900 1855/2638/1902 1840/2623/1889
f 1840/2623/1889 1843/2626/1891 1853/2636/1900
f 1748/2517/1824 1747/2516/1823 1863/2646/1910
f 1748/2517/1824 1863/2646/1910 1864/2647/1911
f 1748/2517/1824 1864/2647/1911 1682/2439/1912
f 1748/2517/1824 1682/2439/1912 1749/2518/1825
f 1682/2439/1912 1864/2647/1911 1863/2646/1910
f 1682/2439/1912 1863/2646/1910 1744/2513/1819
f 1682/2439/1912 1744/2513/1819 1743/2512/1818
f 1743/2512/1818 1683/2440/1820 1682/2439/1912
f 1675/2432/1757 1674/2431/1756 1685/2442/1762
f 1675/2432/1757 1685/2442/1762 1684/2441/1761
f 1675/2432/1757 1684/2441/1761 1679/2436/1766
f 1675/2432/1757 1679/2436/1766 1676/2433/1758
f 1807/2590/1857 1711/2648/1913 1720/2649/1914
f 1720/2649/1914 1808/2591/1858 1807/2590/1857
f 1813/2596/1863 1726/2650/1915 1729/2651/1916
f 1729/2651/1916 1814/2597/1864 1813/2596/1863
f 1816/2599/1866 1723/2652/1917 1726/2650/1915
f 1726/2650/1915 1813/2596/1863 1816/2599/1866
f 1808/2591/1858 1720/2649/1914 1723/2652/1917
f 1723/2652/1917 1816/2599/1866 1808/2591/1858
f 1817/2600/1867 1716/2653/1918 1712/2654/1919
f 1712/2654/1919 1818/2601/1868 1817/2600/1867
f 1818/2601/1868 1712/2654/1919 1711/2648/1913
f 1711/2648/1913 1807/2590/1857 1818/2601/1868
f 1814/2597/1864 1729/2651/1916 1732/2655/1920
f 1732/2655/1920 1820/2603/1870 1814/2597/1864
f 1823/2606/1873 1735/2656/1921 1738/2657/1922
f 1738/2657/1922 1824/2607/1874 1823/2606/1873
f 1824/2607/1874 1738/2657/1922 1741/2658/1923
f 1741/2658/1923 1821/2604/1871 1824/2607/1874
f 1820/2603/1870 1732/2655/1920 1735/2656/1921
f 1735/2656/1921 1823/2606/1873 1820/2603/1870
f 1821/2604/1871 1741/2658/1923 1744/2659/1924
f 1744/2659/1924 1826/2609/1876 1821/2604/1871
f 1826/2609/1876 1744/2659/1924 1863/2660/1925
f 1863/2660/1925 1827/2610/1877 1826/2609/1876
f 1827/2610/1877 1863/2660/1925 1747/2661/1926
f 1747/2661/1926 1825/2608/1875 1827/2610/1877
f 1825/2608/1875 1747/2661/1926 1746/2662/1927
f 1746/2662/1927 1828/2611/1878 1825/2608/1875
f 1828/2611/1878 1746/2662/1927 1752/2663/1928
f 1752/2663/1928 1829/2612/1879 1828/2611/1878
f 1829/2612/1879 1752/2663/1928 1755/2664/1929
f 1755/2664/1929 1830/2613/1880 1829/2612/1879
f 1830/2613/1880 1755/2664/1929 1758/2665/1930
f 1758/2665/1930 1831/2614/1881 1830/2613/1880
f 1831/2614/1881 1758/2665/1930 1761/2666/1931
f 1761/2666/1931 1832/2615/1882 1831/2614/1881
f 1832/2615/1882 1761/2666/1931 1764/2667/1932
f 1764/2667/1932 1833/2616/1883 1832/2615/1882
f 1833/2616/1883 1764/2667/1932 1767/2668/1933
f 1767/2668/1933 1834/2617/1884 1833/2616/1883
f 1834/2617/1884 1767/2668/1933 1716/2653/1918
f 1716/2653/1918 1817/2600/1867 1834/2617/1884
f 1838/2621/1887 1653/2669/1934 1650/2670/1935
f 1650/2670/1935 1835/2618/1885 1838/2621/1887
f 1842/2625/1890 1662/2671/1936 1659/2672/1937
f 1659/2672/1937 1839/2622/1888 1842/2625/1890
f 1844/2627/1892 1656/2673/1938 1653/2669/1934
f 1653/2669/1934 1838/2621/1887 1844/2627/1892
f 1845/2628/1893 1647/2674/1939 1643/2675/163
f 1643/2675/163 1846/2629/163 1845/2628/1893
f 1846/2629/163 1643/2675/163 1642/2676/1940
f 1642/2676/1940 1847/2630/1894 1846/2629/163
f 1835/2618/1885 1650/2670/1935 1647/2674/1939
f 1647/2674/1939 1845/2628/1893 1835/2618/1885
f 1847/2630/1894 1642/2676/1940 1707/2677/1941
f 1707/2677/1941 1849/2632/1896 1847/2630/1894
f 1849/2632/1896 1707/2677/1941 1704/2678/1942
f 1704/2678/1942 1850/2633/1897 1849/2632/1896
f 1850/2633/1897 1704/2678/1942 1701/2679/1943
f 1701/2679/1943 1851/2634/1898 1850/2633/1897
f 1851/2634/1898 1701/2679/1943 1698/2680/1944
f 1698/2680/1944 1852/2635/1899 1851/2634/1898
f 1852/2635/1899 1698/2680/1944 1695/2681/1945
f 1695/2681/1945 1853/2636/1900 1852/2635/1899
f 1855/2638/1902 1692/2682/1946 1689/2683/1947
f 1689/2683/1947 1854/2637/1901 1855/2638/1902
f 1857/2640/1904 1686/2684/1948 1685/2685/1949
f 1685/2685/1949 1858/2641/1905 1857/2640/1904
f 1858/2641/1905 1685/2685/1949 1674/2686/1950
f 1674/2686/1950 1859/2642/1906 1858/2641/1905
f 1859/2642/1906 1674/2686/1950 1671/2687/1951
f 1671/2687/1951 1860/2643/1907 1859/2642/1906
f 1860/2643/1907 1671/2687/1951 1668/2688/1952
f 1668/2688/1952 1862/2645/1909 1860/2643/1907
f 1862/2645/1909 1668/2688/1952 1665/2689/1953
f 1665/2689/1953 1861/2644/1908 1862/2645/1909
f 1854/2637/1901 1689/2683/1947 1686/2684/1948
f 1686/2684/1948 1857/2640/1904 1854/2637/1901
f 1861/2644/1908 1665/2689/1953 1662/2671/1936
f 1662/2671/1936 1842/2625/1890 1861/2644/1908
f 1839/2622/1888 1659/2672/1937 1656/2673/1938
f 1656/2673/1938 1844/2627/1892 1839/2622/1888
f 1853/2636/1900 1695/2681/1945 1692/2682/1946
f 1692/2682/1946 1855/2638/1902 1853/2636/1900
f 1870/2695/1958 1865/2690/1954 1866/2691/1955
f 1866/2691/1955 1867/2692/1955 1868/2693/1956
f 1866/2691/1955 1868/2693/1956 1869/2694/1957
f 1866/2691/1955 1869/2694/1957 1870/2695/1958
f 1874/2699/1961 1871/2696/1959 1872/2697/1959
f 1872/2697/1959 1873/2698/1960 1874/2699/1961
f 1878/2703/1962 1875/2700/1962 1876/2701/1963
f 1876/2701/1963 1877/2702/1963 1878/2703/1962
f 1882/2707/1423 1879/2704/1423 1880/2705/1964
f 1880/2705/1964 1881/2706/1964 1882/2707/1423
f 1884/2711/1966 1883/2708/1965 1866/2709/1691
f 1866/2709/1691 1865/2710/818 1884/2711/1966
f 1886/2715/1970 1885/2712/1967 1880/2713/1968
f 1880/2713/1968 1879/2714/1969 1886/2715/1970
f 1888/2719/589 1887/2716/1713 1882/2717/240
f 1882/2717/240 1881/2718/823 1888/2719/589
f 1890/2725/1976 1889/2720/1971 1870/2721/1972
f 1890/2725/1976 1870/2721/1972 1869/2722/1973
f 1890/2725/1976 1869/2722/1973 1868/2723/1974
f 1868/2723/1974 1867/2724/1975 1890/2725/1976
f 1867/2724/1143 1866/2726/1143 1883/2727/1977
f 1883/2727/1977 1890/2725/1977 1867/2724/1143
f 1892/2729/1979 1884/2711/1966 1865/2710/818
f 1865/2710/818 1891/2728/1978 1892/2729/1979
f 1894/2731/1981 1874/2699/1961 1873/2698/1960
f 1873/2698/1960 1893/2730/1980 1894/2731/1981
f 1889/2720/1971 1895/2732/1982 1896/2733/1714
f 1896/2733/1714 1870/2721/1972 1889/2720/1971
f 1896/2735/1983 1891/2734/1964 1865/2690/1954
f 1865/2690/1954 1870/2695/1958 1896/2735/1983
f 1885/2712/1967 1886/2715/1970 1897/2736/1984
f 1897/2736/1984 1898/2737/1985 1885/2712/1967
f 1884/2711/1966 1899/2738/1986 1900/2739/1987
f 1900/2739/1987 1883/2708/1965 1884/2711/1966
f 1890/2725/1977 1883/2727/1977 1900/2740/826
f 1900/2740/826 1901/2741/826 1890/2725/1977
f 1889/2720/1971 1890/2725/1976 1901/2741/300
f 1901/2741/300 1902/2742/1988 1889/2720/1971
f 1888/2719/589 1903/2743/1713 1904/2744/1989
f 1904/2744/1989 1887/2716/1713 1888/2719/589
f 1885/2712/1967 1892/2729/1979 1891/2728/1978
f 1891/2728/1978 1880/2713/1968 1885/2712/1967
f 1881/2706/1964 1880/2705/1964 1891/2734/1964
f 1891/2734/1964 1896/2735/1983 1881/2706/1964
f 1888/2719/589 1881/2718/823 1896/2733/1714
f 1896/2733/1714 1895/2732/1982 1888/2719/589
f 1894/2731/1981 1893/2730/1980 1875/2700/1962
f 1875/2700/1962 1878/2703/1962 1894/2731/1981
f 1899/2738/1986 1905/2745/1694 1906/2746/584
f 1906/2746/584 1900/2739/1987 1899/2738/1986
f 1898/2737/1985 1897/2736/1984 1907/2747/1990
f 1907/2747/1990 1908/2748/1966 1898/2737/1985
f 1910/2750/538 1909/2749/557 1904/2744/1989
f 1904/2744/1989 1903/2743/1713 1910/2750/538
f 1912/2752/1992 1902/2742/1988 1901/2741/300
f 1901/2741/300 1911/2751/1991 1912/2752/1992
f 1911/2751/826 1901/2741/826 1900/2740/826
f 1900/2740/826 1906/2753/826 1911/2751/826
f 1892/2757/1993 1895/2754/1993 1889/2755/1994
f 1889/2755/1994 1884/2756/1995 1892/2757/1993
f 1884/2761/1996 1889/2758/1996 1902/2759/1997
f 1902/2759/1997 1899/2760/1997 1884/2761/1996
f 1898/2763/1998 1903/2743/1998 1888/2719/813
f 1888/2719/813 1885/2762/813 1898/2763/1998
f 1885/2765/2000 1888/2764/1999 1895/2754/1993
f 1895/2754/1993 1892/2757/1993 1885/2765/2000
f 1914/2769/2004 1913/2766/2001 1910/2767/2002
f 1910/2767/2002 1908/2768/2003 1914/2769/2004
f 1908/2770/807 1910/2750/807 1903/2743/1998
f 1903/2743/1998 1898/2763/1998 1908/2770/807
f 1899/2738/1997 1902/2771/1997 1912/2772/806
f 1912/2772/806 1905/2745/806 1899/2738/1997
f 1905/2774/2006 1912/2773/2005 1913/2766/2001
f 1913/2766/2001 1914/2769/2004 1905/2774/2006
f 1872/2776/584 1906/2746/584 1905/2745/1694
f 1905/2745/1694 1873/2775/1669 1872/2776/584
f 1893/2778/586 1873/2775/1669 1905/2745/1694
f 1905/2745/1694 1914/2777/1670 1893/2778/586
f 1875/2779/2007 1893/2778/586 1914/2777/1670
f 1914/2777/1670 1908/2748/1966 1875/2779/2007
f 1876/2780/1990 1875/2779/2007 1908/2748/1966
f 1908/2748/1966 1907/2747/1990 1876/2780/1990
f 1910/2750/538 1878/2781/1683 1877/2782/2008
f 1877/2782/2008 1909/2749/557 1910/2750/538
f 1878/2786/1683 1910/2783/538 1913/2784/2009
f 1913/2784/2009 1894/2785/589 1878/2786/1683
f 1894/2785/589 1913/2784/2009 1912/2787/1992
f 1912/2787/1992 1874/2788/1715 1894/2785/589
f 1874/2790/1715 1912/2752/1992 1911/2751/1991
f 1911/2751/1991 1871/2789/2010 1874/2790/1715
f 1872/2791/826 1871/2789/826 1911/2751/826
f 1911/2751/826 1906/2753/826 1872/2791/826
f 1918/2795/175 1915/2792/2011 1916/2793/2012
f 1916/2793/2012 1917/2794/2013 1918/2795/175
f 1922/2799/2016 1919/2796/2014 1920/2797/175
f 1920/2797/175 1921/2798/2015 1922/2799/2016
f 1924/2801/2018 1922/2799/2016 1921/2798/2015
f 1921/2798/2015 1923/2800/2017 1924/2801/2018
f 1917/2794/2013 1924/2801/2018 1923/2800/2017
f 1923/2800/2017 1918/2795/175 1917/2794/2013
f 1916/2793/2012 1915/2792/2011 1925/2802/2019
f 1925/2802/2019 1926/2803/2020 1916/2793/2012
f 1919/2796/2014 1927/2804/2021 1928/2805/175
f 1928/2805/175 1920/2797/175 1919/2796/2014
f 1932/2809/2024 1929/2806/2022 1930/2807/2023
f 1930/2807/2023 1931/2808/175 1932/2809/2024
f 1927/2804/2021 1932/2809/2024 1931/2808/175
f 1931/2808/175 1928/2805/175 1927/2804/2021
f 1932/2809/2024 1933/2810/2025 1934/2811/2026
f 1932/2809/2024 1934/2811/2026 1935/2812/2027
f 1935/2812/2027 1929/2806/2022 1932/2809/2024
f 1927/2804/2021 1936/2813/2028 1933/2810/2025
f 1933/2810/2025 1932/2809/2024 1927/2804/2021
f 1919/2796/2014 1937/2814/2029 1936/2813/2028
f 1936/2813/2028 1927/2804/2021 1919/2796/2014
f 1922/2799/2016 1938/2815/2030 1937/2814/2029
f 1937/2814/2029 1919/2796/2014 1922/2799/2016
f 1924/2801/2018 1939/2816/2031 1938/2815/2030
f 1938/2815/2030 1922/2799/2016 1924/2801/2018
f 1917/2794/2013 1940/2817/2032 1939/2816/2031
f 1939/2816/2031 1924/2801/2018 1917/2794/2013
f 1917/2794/2013 1916/2793/2012 1941/2818/2033
f 1941/2818/2033 1940/2817/2032 1917/2794/2013
f 1916/2793/2012 1926/2803/2020 1942/2819/2034
f 1942/2819/2034 1941/2818/2033 1916/2793/2012
f 1946/2823/163 1943/2820/2035 1944/2821/2036
f 1944/2821/2036 1945/2822/2037 1946/2823/163
f 1950/2827/2041 1947/2824/2038 1948/2825/2039
f 1948/2825/2039 1949/2826/2040 1950/2827/2041
f 1945/2822/2037 1944/2821/2036 1951/2828/2042
f 1951/2828/2042 1952/2829/2043 1945/2822/2037
f 1956/2833/163 1953/2830/2044 1954/2831/163
f 1954/2831/163 1955/2832/2045 1956/2833/163
f 1954/2831/163 1953/2830/2044 1943/2820/2035
f 1943/2820/2035 1946/2823/163 1954/2831/163
f 1955/2832/2045 1954/2831/163 1957/2834/163
f 1957/2834/163 1958/2835/2046 1955/2832/2045
f 1954/2831/163 1946/2823/163 1959/2836/163
f 1959/2836/163 1957/2834/163 1954/2831/163
f 1946/2823/163 1945/2822/2037 1960/2837/163
f 1960/2837/163 1959/2836/163 1946/2823/163
f 1945/2822/2037 1952/2829/2043 1961/2838/2047
f 1961/2838/2047 1960/2837/163 1945/2822/2037
f 1949/2826/2040 1962/2839/2048 1963/2840/2049
f 1963/2840/2049 1950/2827/2041 1949/2826/2040
f 1968/2845/2054 1964/2841/2050 1965/2842/2051
f 1968/2845/2054 1965/2842/2051 1966/2843/2052
f 1966/2843/2052 1967/2844/2053 1968/2845/2054
f 1964/2841/2050 1969/2846/2055 1970/2847/2056
f 1970/2847/2056 1965/2842/2051 1964/2841/2050
f 1964/2841/2050 1968/2845/2054 1962/2839/2048
f 1962/2839/2048 1949/2826/2040 1964/2841/2050
f 1949/2826/2040 1948/2825/2039 1969/2846/2055
f 1969/2846/2055 1964/2841/2050 1949/2826/2040
f 1952/2829/2043 1951/2828/2042 1947/2824/2038
f 1947/2824/2038 1950/2827/2041 1952/2829/2043
f 1950/2827/2041 1963/2840/2049 1961/2838/2047
f 1961/2838/2047 1952/2829/2043 1950/2827/2041
f 1976/2853/2062 1971/2848/2057 1972/2849/2058
f 1976/2853/2062 1972/2849/2058 1973/2850/2059
f 1976/2853/2062 1973/2850/2059 1974/2851/2060
f 1974/2851/2060 1975/2852/2061 1976/2853/2062
f 1979/2856/2065 1977/2854/2063 1978/2855/2064
f 1979/2856/2065 1978/2855/2064 1972/2849/2058
f 1979/2856/2065 1972/2849/2058 1971/2848/2057
f 1971/2848/2057 1976/2853/2062 1979/2856/2065
f 1980/2857/2066 1981/2858/2067 1978/2859/2064
f 1980/2857/2066 1978/2859/2064 1977/2860/2063
f 1980/2857/2066 1977/2860/2063 1979/2861/2065
f 1980/2857/2066 1979/2861/2065 1982/2862/2068
f 1985/2865/2071 1983/2863/2069 1984/2864/2070
f 1985/2865/2071 1984/2864/2070 1981/2858/2067
f 1985/2865/2071 1981/2858/2067 1980/2857/2066
f 1980/2857/2066 1982/2862/2068 1985/2865/2071
f 1986/2866/2072 1987/2867/2073 1984/2864/2070
f 1986/2866/2072 1984/2864/2070 1983/2863/2069
f 1986/2866/2072 1983/2863/2069 1985/2865/2071
f 1986/2866/2072 1985/2865/2071 1988/2868/2074
f 1991/2871/2077 1989/2869/2075 1990/2870/2076
f 1991/2871/2077 1990/2870/2076 1987/2867/2073
f 1991/2871/2077 1987/2867/2073 1986/2866/2072
f 1986/2866/2072 1988/2868/2074 1991/2871/2077
f 1992/2872/2078 1993/2873/2079 1990/2874/2076
f 1992/2872/2078 1990/2874/2076 1989/2875/2075
f 1992/2872/2078 1989/2875/2075 1991/2876/2077
f 1992/2872/2078 1991/2876/2077 1994/2877/2080
f 1997/2880/2083 1995/2878/2081 1996/2879/2082
f 1997/2880/2083 1996/2879/2082 1993/2873/2079
f 1997/2880/2083 1993/2873/2079 1992/2872/2078
f 1992/2872/2078 1994/2877/2080 1997/2880/2083
f 2000/2883/2086 1998/2881/2084 1999/2882/2085
f 2000/2883/2086 1999/2882/2085 1996/2879/2082
f 2000/2883/2086 1996/2879/2082 1995/2878/2081
f 1995/2878/2081 1997/2880/2083 2000/2883/2086
f 2003/2886/2089 2001/2884/2087 2002/2885/2088
f 2003/2886/2089 2002/2885/2088 1999/2882/2085
f 2003/2886/2089 1999/2882/2085 1998/2881/2084
f 1998/2881/2084 2000/2883/2086 2003/2886/2089
f 2006/2889/2092 2004/2887/2090 2005/2888/2091
f 2006/2889/2092 2005/2888/2091 2002/2885/2088
f 2006/2889/2092 2002/2885/2088 2001/2884/2087
f 2001/2884/2087 2003/2886/2089 2006/2889/2092
f 2007/2890/2093 2008/2891/2094 2005/2888/2091
f 2007/2890/2093 2005/2888/2091 2004/2887/2090
f 2007/2890/2093 2004/2887/2090 2006/2889/2092
f 2007/2890/2093 2006/2889/2092 2009/2892/2095
f 2010/2893/2096 2011/2894/2097 2008/2891/2094
f 2010/2893/2096 2008/2891/2094 2007/2890/2093
f 2010/2893/2096 2007/2890/2093 2009/2892/2095
f 2010/2893/2096 2009/2892/2095 2012/2895/2096
f 2015/2901/2100 2013/2896/2098 2014/2897/2099
f 2015/2901/2100 2014/2897/2099 2011/2898/2097
f 2015/2901/2100 2011/2898/2097 2010/2899/2096
f 2010/2899/2096 2012/2900/2096 2015/2901/2100
f 2018/2904/2101 2016/2902/2101 2017/2903/2102
f 2018/2904/2101 2017/2903/2102 2014/2897/2099
f 2018/2904/2101 2014/2897/2099 2013/2896/2098
f 2013/2896/2098 2015/2901/2100 2018/2904/2101
f 2021/2907/2105 2019/2905/2103 2020/2906/2104
f 2021/2907/2105 2020/2906/2104 2017/2903/2102
f 2021/2907/2105 2017/2903/2102 2016/2902/2101
f 2016/2902/2101 2018/2904/2101 2021/2907/2105
f 2024/2910/2106 2022/2908/2106 2023/2909/2107
f 2024/2910/2106 2023/2909/2107 2020/2906/2104
f 2024/2910/2106 2020/2906/2104 2019/2905/2103
f 2019/2905/2103 2021/2907/2105 2024/2910/2106
f 2027/2916/2110 2025/2911/2108 2026/2912/2109
f 2027/2916/2110 2026/2912/2109 2023/2913/2107
f 2027/2916/2110 2023/2913/2107 2022/2914/2106
f 2022/2914/2106 2024/2915/2106 2027/2916/2110
f 2030/2919/2113 2028/2917/2111 2029/2918/2112
f 2030/2919/2113 2029/2918/2112 2026/2912/2109
f 2030/2919/2113 2026/2912/2109 2025/2911/2108
f 2025/2911/2108 2027/2916/2110 2030/2919/2113
f 2031/2920/2114 2032/2921/2115 2029/2918/2112
f 2031/2920/2114 2029/2918/2112 2028/2917/2111
f 2031/2920/2114 2028/2917/2111 2030/2919/2113
f 2031/2920/2114 2030/2919/2113 2033/2922/2116
f 1974/2851/2060 1973/2850/2059 2032/2921/2115
f 1974/2851/2060 2032/2921/2115 2031/2920/2114
f 1974/2851/2060 2031/2920/2114 2033/2922/2116
f 1974/2851/2060 2033/2922/2116 1975/2852/2061
f 2039/2928/2117 2034/2923/2117 2035/2924/2117
f 2035/2924/2117 2002/2885/2117 2005/2888/2118
f 2035/2924/2117 2005/2888/2118 2036/2925/2118
f 2035/2924/2117 2036/2925/2118 2037/2926/2118
f 2035/2924/2117 2037/2926/2118 2038/2927/2118
f 2035/2924/2117 2038/2927/2118 2039/2928/2117
f 2042/2931/2119 2040/2929/2119 2041/2930/2119
f 2041/2930/2119 1999/2882/2119 2002/2885/2117
f 2041/2930/2119 2002/2885/2117 2035/2924/2117
f 2041/2930/2119 2035/2924/2117 2034/2923/2117
f 2041/2930/2119 2034/2923/2117 2039/2928/2117
f 2041/2930/2119 2039/2928/2117 2042/2931/2119
f 2045/2934/999 2043/2932/999 2044/2933/999
f 2044/2933/999 1996/2879/999 1999/2882/2119
f 2044/2933/999 1999/2882/2119 2041/2930/2119
f 2044/2933/999 2041/2930/2119 2040/2929/2119
f 2044/2933/999 2040/2929/2119 2042/2931/2119
f 2044/2933/999 2042/2931/2119 2045/2934/999
f 2048/2937/2120 2046/2935/2120 2047/2936/2120
f 2047/2936/2120 1993/2873/2120 1996/2879/999
f 2047/2936/2120 1996/2879/999 2044/2933/999
f 2047/2936/2120 2044/2933/999 2043/2932/999
f 2047/2936/2120 2043/2932/999 2045/2934/999
f 2047/2936/2120 2045/2934/999 2048/2937/2120
f 2051/2940/2121 2049/2938/2121 2050/2939/2121
f 2050/2939/2121 1990/2874/2121 1993/2873/2120
f 2050/2939/2121 1993/2873/2120 2047/2936/2120
f 2050/2939/2121 2047/2936/2120 2046/2935/2120
f 2050/2939/2121 2046/2935/2120 2048/2937/2120
f 2050/2939/2121 2048/2937/2120 2051/2940/2121
f 2054/2946/2122 2052/2941/2122 2053/2942/2122
f 2053/2942/2122 1987/2867/2122 1990/2870/2121
f 2053/2942/2122 1990/2870/2121 2050/2943/2121
f 2053/2942/2122 2050/2943/2121 2049/2944/2121
f 2053/2942/2122 2049/2944/2121 2051/2945/2121
f 2053/2942/2122 2051/2945/2121 2054/2946/2122
f 2057/2949/2123 2055/2947/2123 2056/2948/2123
f 2056/2948/2123 1984/2864/2123 1987/2867/2122
f 2056/2948/2123 1987/2867/2122 2053/2942/2122
f 2056/2948/2123 2053/2942/2122 2052/2941/2122
f 2056/2948/2123 2052/2941/2122 2054/2946/2122
f 2056/2948/2123 2054/2946/2122 2057/2949/2123
f 2060/2952/2124 2058/2950/2124 2059/2951/2124
f 2059/2951/2124 1981/2858/2124 1984/2864/2123
f 2059/2951/2124 1984/2864/2123 2056/2948/2123
f 2059/2951/2124 2056/2948/2123 2055/2947/2123
f 2059/2951/2124 2055/2947/2123 2057/2949/2123
f 2059/2951/2124 2057/2949/2123 2060/2952/2124
f 2063/2955/2125 2061/2953/2125 2062/2954/2125
f 2062/2954/2125 1978/2859/2125 1981/2858/2124
f 2062/2954/2125 1981/2858/2124 2059/2951/2124
f 2062/2954/2125 2059/2951/2124 2058/2950/2124
f 2062/2954/2125 2058/2950/2124 2060/2952/2124
f 2062/2954/2125 2060/2952/2124 2063/2955/2125
f 2066/2961/2126 2064/2956/2126 2065/2957/2126
f 2065/2957/2126 1972/2849/2126 1978/2855/2125
f 2065/2957/2126 1978/2855/2125 2062/2958/2125
f 2065/2957/2126 2062/2958/2125 2061/2959/2125
f 2065/2957/2126 2061/2959/2125 2063/2960/2125
f 2065/2957/2126 2063/2960/2125 2066/2961/2126
f 2069/2964/992 2067/2962/992 2068/2963/992
f 2068/2963/992 1973/2850/992 1972/2849/2126
f 2068/2963/992 1972/2849/2126 2065/2957/2126
f 2068/2963/992 2065/2957/2126 2064/2956/2126
f 2068/2963/992 2064/2956/2126 2066/2961/2126
f 2068/2963/992 2066/2961/2126 2069/2964/992
f 2072/2967/2127 2070/2965/2127 2071/2966/2127
f 2071/2966/2127 2032/2921/2127 1973/2850/992
f 2071/2966/2127 1973/2850/992 2068/2963/992
f 2071/2966/2127 2068/2963/992 2067/2962/992
f 2071/2966/2127 2067/2962/992 2069/2964/992
f 2071/2966/2127 2069/2964/992 2072/2967/2127
f 2075/2970/2128 2073/2968/2128 2074/2969/2128
f 2074/2969/2128 2029/2918/2128 2032/2921/2127
f 2074/2969/2128 2032/2921/2127 2071/2966/2127
f 2074/2969/2128 2071/2966/2127 2070/2965/2127
f 2074/2969/2128 2070/2965/2127 2072/2967/2127
f 2074/2969/2128 2072/2967/2127 2075/2970/2128
f 2078/2973/2129 2076/2971/2129 2077/2972/2129
f 2077/2972/2129 2026/2912/2129 2029/2918/2128
f 2077/2972/2129 2029/2918/2128 2074/2969/2128
f 2077/2972/2129 2074/2969/2128 2073/2968/2128
f 2077/2972/2129 2073/2968/2128 2075/2970/2128
f 2077/2972/2129 2075/2970/2128 2078/2973/2129
f 2081/2976/2130 2079/2974/2130 2080/2975/2130
f 2080/2975/2130 2023/2913/2130 2026/2912/2129
f 2080/2975/2130 2026/2912/2129 2077/2972/2129
f 2080/2975/2130 2077/2972/2129 2076/2971/2129
f 2080/2975/2130 2076/2971/2129 2078/2973/2129
f 2080/2975/2130 2078/2973/2129 2081/2976/2130
f 2084/2982/2131 2082/2977/2131 2083/2978/2131
f 2083/2978/2131 2020/2906/2131 2023/2909/2130
f 2083/2978/2131 2023/2909/2130 2080/2979/2130
f 2083/2978/2131 2080/2979/2130 2079/2980/2130
f 2083/2978/2131 2079/2980/2130 2081/2981/2130
f 2083/2978/2131 2081/2981/2130 2084/2982/2131
f 2087/2985/129 2085/2983/129 2086/2984/129
f 2086/2984/129 2017/2903/129 2020/2906/2131
f 2086/2984/129 2020/2906/2131 2083/2978/2131
f 2086/2984/129 2083/2978/2131 2082/2977/2131
f 2086/2984/129 2082/2977/2131 2084/2982/2131
f 2086/2984/129 2084/2982/2131 2087/2985/129
f 2090/2988/2132 2088/2986/2132 2089/2987/2132
f 2089/2987/2132 2014/2897/2132 2017/2903/129
f 2089/2987/2132 2017/2903/129 2086/2984/129
f 2089/2987/2132 2086/2984/129 2085/2983/129
f 2089/2987/2132 2085/2983/129 2087/2985/129
f 2089/2987/2132 2087/2985/129 2090/2988/2132
f 2093/2991/1002 2091/2989/1002 2092/2990/1002
f 2092/2990/1002 2011/2898/1002 2014/2897/2132
f 2092/2990/1002 2014/2897/2132 2089/2987/2132
f 2092/2990/1002 2089/2987/2132 2088/2986/2132
f 2092/2990/1002 2088/2986/2132 2090/2988/2132
f 2092/2990/1002 2090/2988/2132 2093/2991/1002
f 2096/2997/2133 2094/2992/2133 2095/2993/2133
f 2095/2993/2133 2008/2891/2133 2011/2894/1002
f 2095/2993/2133 2011/2894/1002 2092/2994/1002
f 2095/2993/2133 2092/2994/1002 2091/2995/1002
f 2095/2993/2133 2091/2995/1002 2093/2996/1002
f 2095/2993/2133 2093/2996/1002 2096/2997/2133
f 2038/2927/2118 2037/2926/2118 2036/2925/2118
f 2036/2925/2118 2005/2888/2118 2008/2891/2133
f 2036/2925/2118 2008/2891/2133 2095/2993/2133
f 2036/2925/2118 2095/2993/2133 2094/2992/2133
f 2036/2925/2118 2094/2992/2133 2096/2997/2133
f 2036/2925/2118 2096/2997/2133 2038/2927/2118
f 2100/3001/2139 2097/2998/2134 2072/2967/2135
f 2100/3001/2139 2072/2967/2135 2069/2964/2136
f 2100/3001/2139 2069/2964/2136 2098/2999/2137
f 2098/2999/2137 2099/3000/2138 2100/3001/2139
f 2102/3003/2142 2101/3002/2140 2075/2970/2141
f 2102/3003/2142 2075/2970/2141 2072/2967/2135
f 2102/3003/2142 2072/2967/2135 2097/2998/2134
f 2097/2998/2134 2100/3001/2139 2102/3003/2142
f 2104/3005/2145 2103/3004/2143 2078/2973/2144
f 2104/3005/2145 2078/2973/2144 2075/2970/2141
f 2104/3005/2145 2075/2970/2141 2101/3002/2140
f 2101/3002/2140 2102/3003/2142 2104/3005/2145
f 2106/3007/2146 2105/3006/2146 2081/2976/2147
f 2106/3007/2146 2081/2976/2147 2078/2973/2144
f 2106/3007/2146 2078/2973/2144 2103/3004/2143
f 2103/3004/2143 2104/3005/2145 2106/3007/2146
f 2107/3008/2148 2084/2982/2149 2081/2981/2147
f 2107/3008/2148 2081/2981/2147 2105/3009/2146
f 2107/3008/2148 2105/3009/2146 2106/3010/2146
f 2107/3008/2148 2106/3010/2146 2108/3011/2150
f 2110/3013/2153 2109/3012/2151 2087/2985/2152
f 2110/3013/2153 2087/2985/2152 2084/2982/2149
f 2110/3013/2153 2084/2982/2149 2107/3008/2148
f 2107/3008/2148 2108/3011/2150 2110/3013/2153
f 2112/3015/1778 2111/3014/2154 2090/2988/2155
f 2112/3015/1778 2090/2988/2155 2087/2985/2152
f 2112/3015/1778 2087/2985/2152 2109/3012/2151
f 2109/3012/2151 2110/3013/2153 2112/3015/1778
f 2114/3017/2158 2113/3016/2156 2093/2991/2157
f 2114/3017/2158 2093/2991/2157 2090/2988/2155
f 2114/3017/2158 2090/2988/2155 2111/3014/2154
f 2111/3014/2154 2112/3015/1778 2114/3017/2158
f 2116/3021/2161 2115/3018/2159 2096/2997/2160
f 2116/3021/2161 2096/2997/2160 2093/2996/2157
f 2116/3021/2161 2093/2996/2157 2113/3019/2156
f 2113/3019/2156 2114/3020/2158 2116/3021/2161
f 2117/3022/2162 2038/2927/2163 2096/2997/2160
f 2117/3022/2162 2096/2997/2160 2115/3018/2159
f 2117/3022/2162 2115/3018/2159 2116/3021/2161
f 2117/3022/2162 2116/3021/2161 2118/3023/2164
f 2119/3024/2165 2039/2928/2166 2038/2927/2163
f 2119/3024/2165 2038/2927/2163 2117/3022/2162
f 2119/3024/2165 2117/3022/2162 2118/3023/2164
f 2119/3024/2165 2118/3023/2164 2120/3025/2167
f 2122/3027/2170 2121/3026/2168 2042/2931/2169
f 2122/3027/2170 2042/2931/2169 2039/2928/2166
f 2122/3027/2170 2039/2928/2166 2119/3024/2165
f 2119/3024/2165 2120/3025/2167 2122/3027/2170
f 2124/3029/2173 2123/3028/2171 2045/2934/2172
f 2124/3029/2173 2045/2934/2172 2042/2931/2169
f 2124/3029/2173 2042/2931/2169 2121/3026/2168
f 2121/3026/2168 2122/3027/2170 2124/3029/2173
f 2126/3031/2176 2125/3030/2174 2048/2937/2175
f 2126/3031/2176 2048/2937/2175 2045/2934/2172
f 2126/3031/2176 2045/2934/2172 2123/3028/2171
f 2123/3028/2171 2124/3029/2173 2126/3031/2176
f 2127/3032/2177 2051/2940/2178 2048/2937/2175
f 2127/3032/2177 2048/2937/2175 2125/3030/2174
f 2127/3032/2177 2125/3030/2174 2126/3031/2176
f 2127/3032/2177 2126/3031/2176 2128/3033/2179
f 2129/3034/2180 2054/2946/2181 2051/2945/2178
f 2129/3034/2180 2051/2945/2178 2127/3035/2177
f 2129/3034/2180 2127/3035/2177 2128/3036/2179
f 2129/3034/2180 2128/3036/2179 2130/3037/2182
f 2132/3039/2185 2131/3038/2183 2057/2949/2184
f 2132/3039/2185 2057/2949/2184 2054/2946/2181
f 2132/3039/2185 2054/2946/2181 2129/3034/2180
f 2129/3034/2180 2130/3037/2182 2132/3039/2185
f 2134/3041/2188 2133/3040/2186 2060/2952/2187
f 2134/3041/2188 2060/2952/2187 2057/2949/2184
f 2134/3041/2188 2057/2949/2184 2131/3038/2183
f 2131/3038/2183 2132/3039/2185 2134/3041/2188
f 2136/3043/2191 2135/3042/2189 2063/2955/2190
f 2136/3043/2191 2063/2955/2190 2060/2952/2187
f 2136/3043/2191 2060/2952/2187 2133/3040/2186
f 2133/3040/2186 2134/3041/2188 2136/3043/2191
f 2137/3044/2192 2066/2961/2193 2063/2960/2190
f 2137/3044/2192 2063/2960/2190 2135/3045/2189
f 2137/3044/2192 2135/3045/2189 2136/3046/2191
f 2137/3044/2192 2136/3046/2191 2138/3047/2194
f 2099/3000/2138 2098/2999/2137 2069/2964/2136
f 2099/3000/2138 2069/2964/2136 2066/2961/2193
f 2099/3000/2138 2066/2961/2193 2137/3044/2192
f 2137/3044/2192 2138/3047/2194 2099/3000/2138
f 1979/3049/175 1976/3048/2195 1915/2792/2011
f 1915/2792/2011 1918/2795/175 1979/3049/175
f 1988/3051/175 1985/3050/2196 1921/2798/2015
f 1921/2798/2015 1920/2797/175 1988/3051/175
f 1985/3050/2196 1982/3052/2197 1923/2800/2017
f 1923/2800/2017 1921/2798/2015 1985/3050/2196
f 1982/3052/2197 1979/3049/175 1918/2795/175
f 1918/2795/175 1923/2800/2017 1982/3052/2197
f 1975/3054/2199 2033/3053/2198 1926/2803/2020
f 1926/2803/2020 1925/2802/2019 1975/3054/2199
f 1976/3048/2195 1975/3054/2199 1925/2802/2019
f 1925/2802/2019 1915/2792/2011 1976/3048/2195
f 1991/3055/175 1988/3051/175 1920/2797/175
f 1920/2797/175 1928/2805/175 1991/3055/175
f 1997/3057/2200 1994/3056/175 1931/2808/175
f 1931/2808/175 1930/2807/2023 1997/3057/2200
f 2000/3058/2201 1997/3057/2200 1930/2807/2023
f 1930/2807/2023 1929/2806/2022 2000/3058/2201
f 1994/3056/175 1991/3055/175 1928/2805/175
f 1928/2805/175 1931/2808/175 1994/3056/175
f 2003/3059/2202 2000/3058/2201 1929/2806/2022
f 1929/2806/2022 1935/2812/2027 2003/3059/2202
f 2006/3060/2203 2003/3059/2202 1935/2812/2027
f 1935/2812/2027 1934/2811/2026 2006/3060/2203
f 2009/3061/2204 2006/3060/2203 1934/2811/2026
f 1934/2811/2026 1933/2810/2025 2009/3061/2204
f 2012/3062/2205 2009/3061/2204 1933/2810/2025
f 1933/2810/2025 1936/2813/2028 2012/3062/2205
f 2015/3063/175 2012/3062/2205 1936/2813/2028
f 1936/2813/2028 1937/2814/2029 2015/3063/175
f 2018/3064/175 2015/3063/175 1937/2814/2029
f 1937/2814/2029 1938/2815/2030 2018/3064/175
f 2021/3065/175 2018/3064/175 1938/2815/2030
f 1938/2815/2030 1939/2816/2031 2021/3065/175
f 2024/3066/2206 2021/3065/175 1939/2816/2031
f 1939/2816/2031 1940/2817/2032 2024/3066/2206
f 2027/3067/2207 2024/3066/2206 1940/2817/2032
f 1940/2817/2032 1941/2818/2033 2027/3067/2207
f 2030/3068/2208 2027/3067/2207 1941/2818/2033
f 1941/2818/2033 1942/2819/2034 2030/3068/2208
f 2033/3053/2198 2030/3068/2208 1942/2819/2034
f 1942/2819/2034 1926/2803/2020 2033/3053/2198
f 2136/3070/2210 2134/3069/2209 1944/2821/2036
f 1944/2821/2036 1943/2820/2035 2136/3070/2210
f 2130/3072/163 2128/3071/163 1948/2825/2039
f 1948/2825/2039 1947/2824/2038 2130/3072/163
f 2134/3069/2209 2132/3073/163 1951/2828/2042
f 1951/2828/2042 1944/2821/2036 2134/3069/2209
f 2099/3075/163 2138/3074/2211 1953/2830/2044
f 1953/2830/2044 1956/2833/163 2099/3075/163
f 2100/3076/2212 2099/3075/163 1956/2833/163
f 1956/2833/163 1955/2832/2045 2100/3076/2212
f 2138/3074/2211 2136/3070/2210 1943/2820/2035
f 1943/2820/2035 1953/2830/2044 2138/3074/2211
f 2102/3077/2213 2100/3076/2212 1955/2832/2045
f 1955/2832/2045 1958/2835/2046 2102/3077/2213
f 2104/3078/163 2102/3077/2213 1958/2835/2046
f 1958/2835/2046 1957/2834/163 2104/3078/163
f 2106/3079/163 2104/3078/163 1957/2834/163
f 1957/2834/163 1959/2836/163 2106/3079/163
f 2108/3080/163 2106/3079/163 1959/2836/163
f 1959/2836/163 1960/2837/163 2108/3080/163
f 2110/3081/163 2108/3080/163 1960/2837/163
f 1960/2837/163 1961/2838/2047 2110/3081/163
f 2114/3083/163 2112/3082/2214 1963/2840/2049
f 1963/2840/2049 1962/2839/2048 2114/3083/163
f 2118/3085/2216 2116/3084/2215 1968/2845/2054
f 1968/2845/2054 1967/2844/2053 2118/3085/2216
f 2120/3086/2217 2118/3085/2216 1967/2844/2053
f 1967/2844/2053 1966/2843/2052 2120/3086/2217
f 2122/3087/2218 2120/3086/2217 1966/2843/2052
f 1966/2843/2052 1965/2842/2051 2122/3087/2218
f 2124/3088/2219 2122/3087/2218 1965/2842/2051
f 1965/2842/2051 1970/2847/2056 2124/3088/2219
f 2126/3089/2220 2124/3088/2219 1970/2847/2056
f 1970/2847/2056 1969/2846/2055 2126/3089/2220
f 2116/3084/2215 2114/3083/163 1962/2839/2048
f 1962/2839/2048 1968/2845/2054 2116/3084/2215
f 2128/3071/163 2126/3089/2220 1969/2846/2055
f 1969/2846/2055 1948/2825/2039 2128/3071/163
f 2132/3073/163 2130/3072/163 1947/2824/2038
f 1947/2824/2038 1951/2828/2042 2132/3073/163
f 2112/3082/2214 2110/3081/163 1961/2838/2047
f 1961/2838/2047 1963/2840/2049 2112/3082/2214
f 2142/3093/2223 2139/3090/2221 2140/3091/2221
f 2140/3091/2221 2141/3092/2222 2142/3093/2223
f 2144/3097/2225 2142/3094/2224 2141/3095/2224
f 2141/3095/2224 2143/3096/2225 2144/3097/2225
f 2148/3101/1156 2145/3098/2226 2146/3099/2226
f 2146/3099/2226 2147/3100/1156 2148/3101/1156
f 2139/3090/2221 2148/3102/2227 2147/3103/2228
f 2147/3103/2228 2140/3091/2221 2139/3090/2221
f 2152/3107/2232 2149/3104/2229 2150/3105/2230
f 2150/3105/2230 2151/3106/2231 2152/3107/2232
f 2145/3098/2226 2152/3108/1150 2151/3109/1150
f 2151/3109/1150 2146/3099/2226 2145/3098/2226
f 2154/3111/1149 2144/3097/2225 2143/3096/2225
f 2143/3096/2225 2153/3110/1149 2154/3111/1149
f 2149/3104/2229 2154/3112/2233 2153/3113/2234
f 2153/3113/2234 2150/3105/2230 2149/3104/2229
f 2156/3117/283 2155/3114/294 2140/3115/2235
f 2140/3115/2235 2147/3116/1126 2156/3117/283
f 2155/3114/294 2157/3118/2236 2141/3119/1122
f 2141/3119/1122 2140/3115/2235 2155/3114/294
f 2159/3123/1417 2139/3120/2237 2142/3121/2238
f 2142/3121/2238 2158/3122/2239 2159/3123/1417
f 2160/3124/1140 2148/3101/2240 2139/3120/2237
f 2139/3120/2237 2159/3123/1417 2160/3124/1140
f 2164/3128/1101 2161/3125/1101 2162/3126/1101
f 2162/3126/1101 2163/3127/1101 2164/3128/1101
f 2161/3125/1101 2165/3129/2241 2166/3130/2241
f 2166/3130/2241 2162/3126/1101 2161/3125/1101
f 2168/3132/1985 2167/3131/1985 2166/3130/2241
f 2166/3130/2241 2165/3129/2241 2168/3132/1985
f 2157/3136/1672 2155/3133/1956 2159/3134/1957
f 2159/3134/1957 2158/3135/1671 2157/3136/1672
f 2155/3133/1956 2156/3137/1956 2160/3138/1956
f 2160/3138/1956 2159/3134/1957 2155/3133/1956
f 2172/3142/2242 2169/3139/2242 2170/3140/2243
f 2170/3140/2243 2171/3141/2243 2172/3142/2242
f 2172/3142/2242 2173/3143/2244 2174/3144/2244
f 2174/3144/2244 2169/3139/2242 2172/3142/2242
f 2143/3096/2248 2161/3145/2245 2164/3146/2246
f 2164/3146/2246 2153/3110/2247 2143/3096/2248
f 2141/3095/1122 2165/3147/1113 2161/3145/2245
f 2161/3145/2245 2143/3096/2248 2141/3095/1122
f 2168/3149/1410 2165/3147/1113 2141/3095/1122
f 2141/3095/1122 2157/3148/2236 2168/3149/1410
f 2157/3136/1672 2158/3135/1671 2167/3150/175
f 2167/3150/175 2168/3151/175 2157/3136/1672
f 2158/3122/2239 2142/3121/2238 2166/3130/2249
f 2166/3130/2249 2167/3131/1408 2158/3122/2239
f 2144/3154/2252 2175/3152/2250 2176/3153/2250
f 2176/3153/2250 2162/3126/2251 2166/3130/2249
f 2176/3153/2250 2166/3130/2249 2142/3121/2238
f 2176/3153/2250 2142/3121/2238 2144/3154/2252
f 2154/3111/251 2163/3155/2253 2162/3156/2251
f 2154/3111/251 2162/3156/2251 2176/3157/2250
f 2154/3111/251 2176/3157/2250 2175/3158/2250
f 2175/3158/2250 2144/3097/2252 2154/3111/251
f 2174/3144/2244 2173/3143/2244 2177/3159/2254
f 2177/3159/2254 2178/3160/2254 2174/3144/2244
f 2180/3164/249 2146/3161/1143 2151/3162/2255
f 2151/3162/2255 2179/3163/1123 2180/3164/249
f 2171/3141/2243 2170/3140/2243 2181/3165/2256
f 2181/3165/2256 2182/3166/2256 2171/3141/2243
f 2184/3168/2259 2152/3108/251 2145/3098/2257
f 2145/3098/2257 2183/3167/2258 2184/3168/2259
f 2185/3169/1118 2183/3167/2258 2145/3098/2257
f 2145/3098/2257 2148/3101/2240 2185/3169/1118
f 2160/3124/1140 2186/3170/2260 2185/3169/1118
f 2185/3169/1118 2148/3101/2240 2160/3124/1140
f 2156/3137/1956 2187/3171/2261 2186/3172/2261
f 2186/3172/2261 2160/3138/1956 2156/3137/1956
f 2156/3176/283 2147/3173/1126 2188/3174/2262
f 2188/3174/2262 2187/3175/2263 2156/3176/283
f 2188/3174/2262 2147/3173/1126 2146/3161/1143
f 2146/3161/1143 2180/3164/249 2188/3174/2262
f 2153/3110/2247 2164/3146/2246 2177/3177/2264
f 2177/3177/2264 2173/3178/1411 2153/3110/2247
f 2178/3180/1101 2177/3179/1101 2164/3128/1101
f 2164/3128/1101 2163/3127/1101 2178/3180/1101
f 2154/3182/251 2174/3181/1120 2178/3180/2265
f 2178/3180/2265 2163/3127/2253 2154/3182/251
f 2174/3186/1120 2154/3183/251 2149/3184/256
f 2149/3184/256 2169/3185/251 2174/3186/1120
f 2170/3188/2266 2169/3185/251 2149/3184/256
f 2149/3184/256 2152/3187/251 2170/3188/2266
f 2184/3168/2259 2181/3189/1431 2170/3190/2266
f 2170/3190/2266 2152/3108/251 2184/3168/2259
f 2151/3162/2255 2171/3191/1114 2182/3192/1108
f 2182/3192/1108 2179/3163/1123 2151/3162/2255
f 2150/3194/274 2172/3193/2246 2171/3191/1114
f 2171/3191/1114 2151/3162/2255 2150/3194/274
f 2150/3194/274 2153/3110/2247 2173/3178/1411
f 2173/3178/1411 2172/3193/2246 2150/3194/274

# Mesh
g LowPoly_Inner_Tube_Devider
usemtl lambert1
f 2192/3198/2270 2189/3195/2267 2190/3196/2268
f 2190/3196/2268 2191/3197/2269 2192/3198/2270
f 2194/3200/2272 2193/3199/2271 2190/3196/2268
f 2190/3196/2268 2189/3195/2267 2194/3200/2272
f 2196/3202/2274 2195/3201/2273 2193/3199/2271
f 2193/3199/2271 2194/3200/2272 2196/3202/2274
f 2198/3206/2276 2197/3203/2275 2195/3204/2273
f 2195/3204/2273 2196/3205/2274 2198/3206/2276
f 2200/3208/2278 2199/3207/2277 2197/3203/2275
f 2197/3203/2275 2198/3206/2276 2200/3208/2278
f 2202/3210/2280 2201/3209/2279 2199/3207/2277
f 2199/3207/2277 2200/3208/2278 2202/3210/2280
f 2204/3212/2282 2203/3211/2281 2201/3209/2279
f 2201/3209/2279 2202/3210/2280 2204/3212/2282
f 2206/3216/2284 2205/3213/2283 2203/3214/2281
f 2203/3214/2281 2204/3215/2282 2206/3216/2284
f 2208/3218/2286 2207/3217/2285 2205/3213/2283
f 2205/3213/2283 2206/3216/2284 2208/3218/2286
f 2210/3220/2288 2209/3219/2287 2207/3217/2285
f 2207/3217/2285 2208/3218/2286 2210/3220/2288
f 2212/3222/2290 2211/3221/2289 2209/3219/2287
f 2209/3219/2287 2210/3220/2288 2212/3222/2290
f 2216/3226/2294 2213/3223/2291 2214/3224/2292
f 2214/3224/2292 2215/3225/2293 2216/3226/2294
f 2220/3230/2298 2217/3227/2295 2218/3228/2296
f 2218/3228/2296 2219/3229/2297 2220/3230/2298
f 2222/3232/2300 2221/3231/2299 2217/3227/2295
f 2217/3227/2295 2220/3230/2298 2222/3232/2300
f 2224/3236/2302 2223/3233/2301 2221/3234/2299
f 2221/3234/2299 2222/3235/2300 2224/3236/2302
f 2226/3238/2304 2225/3237/2303 2223/3233/2301
f 2223/3233/2301 2224/3236/2302 2226/3238/2304
f 2228/3240/2306 2227/3239/2305 2225/3237/2303
f 2225/3237/2303 2226/3238/2304 2228/3240/2306
f 2230/3242/2308 2229/3241/2307 2227/3239/2305
f 2227/3239/2305 2228/3240/2306 2230/3242/2308
f 2232/3246/2310 2231/3243/2309 2229/3244/2307
f 2229/3244/2307 2230/3245/2308 2232/3246/2310
f 2234/3248/2312 2233/3247/2311 2231/3243/2309
f 2231/3243/2309 2232/3246/2310 2234/3248/2312
f 2192/3198/2270 2191/3197/2269 2233/3247/2311
f 2233/3247/2311 2234/3248/2312 2192/3198/2270
f 2238/3252/2315 2235/3249/2313 2236/3250/2314
f 2236/3250/2314 2237/3251/2315 2238/3252/2315
f 2240/3254/2317 2239/3253/2316 2236/3250/2314
f 2236/3250/2314 2235/3249/2313 2240/3254/2317
f 2242/3256/2319 2238/3252/2315 2237/3251/2315
f 2237/3251/2315 2241/3255/2318 2242/3256/2319
f 2244/3260/2321 2242/3257/2319 2241/3258/2318
f 2241/3258/2318 2243/3259/2320 2244/3260/2321
f 2246/3262/2323 2244/3260/2321 2243/3259/2320
f 2243/3259/2320 2245/3261/2322 2246/3262/2323
f 2248/3264/2325 2246/3262/2323 2245/3261/2322
f 2245/3261/2322 2247/3263/2324 2248/3264/2325
f 2250/3266/2327 2248/3264/2325 2247/3263/2324
f 2247/3263/2324 2249/3265/2326 2250/3266/2327
f 2252/3270/2329 2250/3267/2327 2249/3268/2326
f 2249/3268/2326 2251/3269/2328 2252/3270/2329
f 2254/3272/2331 2252/3270/2329 2251/3269/2328
f 2251/3269/2328 2253/3271/2330 2254/3272/2331
f 2256/3274/2333 2254/3272/2331 2253/3271/2330
f 2253/3271/2330 2255/3273/2332 2256/3274/2333
f 2258/3276/2335 2256/3274/2333 2255/3273/2332
f 2255/3273/2332 2257/3275/2334 2258/3276/2335
f 2262/3280/2339 2259/3277/2336 2260/3278/2337
f 2260/3278/2337 2261/3279/2338 2262/3280/2339
f 2264/3284/2341 2262/3281/2339 2261/3282/2338
f 2261/3282/2338 2263/3283/2340 2264/3284/2341
f 2266/3286/2343 2264/3284/2341 2263/3283/2340
f 2263/3283/2340 2265/3285/2342 2266/3286/2343
f 2268/3288/2345 2266/3286/2343 2265/3285/2342
f 2265/3285/2342 2267/3287/2344 2268/3288/2345
f 2270/3290/2347 2268/3288/2345 2267/3287/2344
f 2267/3287/2344 2269/3289/2346 2270/3290/2347
f 2272/3294/2349 2270/3291/2347 2269/3292/2346
f 2269/3292/2346 2271/3293/2348 2272/3294/2349
f 2274/3296/2351 2272/3294/2349 2271/3293/2348
f 2271/3293/2348 2273/3295/2350 2274/3296/2351
f 2240/3254/2317 2274/3296/2351 2273/3295/2350
f 2273/3295/2350 2239/3253/2316 2240/3254/2317
f 2278/3300/2355 2275/3297/2352 2276/3298/2353
f 2276/3298/2353 2277/3299/2354 2278/3300/2355
f 2277/3299/2354 2276/3298/2353 2279/3301/2356
f 2279/3301/2356 2280/3302/2356 2277/3299/2354
f 2280/3306/2356 2279/3303/2356 2281/3304/2357
f 2281/3304/2357 2282/3305/2358 2280/3306/2356
f 2282/3305/2358 2281/3304/2357 2283/3307/129
f 2283/3307/129 2284/3308/129 2282/3305/2358
f 2284/3308/129 2283/3307/129 2285/3309/2359
f 2285/3309/2359 2286/3310/429 2284/3308/129
f 2286/3310/429 2285/3309/2359 2287/3311/1269
f 2287/3311/1269 2288/3312/2360 2286/3310/429
f 2288/3316/2360 2287/3313/1269 2289/3314/2361
f 2289/3314/2361 2290/3315/2362 2288/3316/2360
f 2290/3315/2362 2289/3314/2361 2291/3317/2363
f 2291/3317/2363 2292/3318/2364 2290/3315/2362
f 2292/3318/2364 2291/3317/2363 2293/3319/2365
f 2293/3319/2365 2294/3320/2366 2292/3318/2364
f 2294/3320/2366 2293/3319/2365 2213/3223/2291
f 2213/3223/2291 2216/3226/2294 2294/3320/2366
f 2215/3225/2293 2214/3224/2292 2295/3321/2367
f 2295/3321/2367 2296/3322/2368 2215/3225/2293
f 2296/3322/2368 2295/3321/2367 2297/3323/2369
f 2297/3323/2369 2298/3324/2370 2296/3322/2368
f 2298/3328/2370 2297/3325/2369 2299/3326/2371
f 2299/3326/2371 2300/3327/2372 2298/3328/2370
f 2300/3327/2372 2299/3326/2371 2301/3329/2373
f 2301/3329/2373 2302/3330/2374 2300/3327/2372
f 2302/3330/2374 2301/3329/2373 2303/3331/2375
f 2303/3331/2375 2304/3332/1847 2302/3330/2374
f 2304/3332/1847 2303/3331/2375 2305/3333/2376
f 2305/3333/2376 2306/3334/2377 2304/3332/1847
f 2306/3338/2377 2305/3335/2376 2307/3336/2378
f 2307/3336/2378 2308/3337/2379 2306/3338/2377
f 2308/3337/2379 2307/3336/2378 2309/3339/2380
f 2309/3339/2380 2310/3340/2381 2308/3337/2379
f 2310/3340/2381 2309/3339/2380 2311/3341/2382
f 2311/3341/2382 2312/3342/2383 2310/3340/2381
f 2312/3342/2383 2311/3341/2382 2275/3297/2352
f 2275/3297/2352 2278/3300/2355 2312/3342/2383
f 2314/3345/163 2238/3343/163 2242/3257/163
f 2242/3257/163 2313/3344/163 2314/3345/163
f 2248/3264/163 2315/3346/163 2316/3347/2384
f 2316/3347/2384 2246/3262/2385 2248/3264/163
f 2246/3262/2385 2316/3347/2384 2317/3348/2386
f 2317/3348/2386 2244/3260/2387 2246/3262/2385
f 2244/3260/2387 2317/3348/2386 2313/3344/163
f 2313/3344/163 2242/3257/163 2244/3260/2387
f 2235/3350/163 2238/3343/163 2314/3345/163
f 2314/3345/163 2240/3349/163 2235/3350/163
f 2250/3266/163 2318/3351/163 2315/3346/163
f 2315/3346/163 2248/3264/163 2250/3266/163
f 2254/3355/163 2256/3352/163 2319/3353/163
f 2319/3353/163 2252/3354/163 2254/3355/163
f 2252/3354/163 2319/3353/163 2318/3351/163
f 2318/3351/163 2250/3266/163 2252/3354/163
f 2320/3356/163 2319/3353/163 2256/3352/163
f 2320/3356/163 2256/3352/163 2258/3357/163
f 2320/3356/163 2258/3357/163 2321/3358/163
f 2320/3356/163 2321/3358/163 2259/3359/163
f 2259/3359/163 2262/3281/163 2318/3351/163
f 2259/3359/163 2318/3351/163 2319/3353/163
f 2319/3353/163 2320/3356/163 2259/3359/163
f 2262/3281/163 2264/3284/163 2315/3346/163
f 2315/3346/163 2318/3351/163 2262/3281/163
f 2264/3284/163 2266/3286/163 2316/3347/2384
f 2316/3347/2384 2315/3346/163 2264/3284/163
f 2266/3286/163 2268/3288/163 2317/3348/2386
f 2317/3348/2386 2316/3347/2384 2266/3286/163
f 2268/3288/163 2270/3290/163 2313/3344/163
f 2313/3344/163 2317/3348/2386 2268/3288/163
f 2272/3360/163 2314/3345/163 2313/3344/163
f 2313/3344/163 2270/3290/163 2272/3360/163
f 2274/3361/163 2240/3349/163 2314/3345/163
f 2314/3345/163 2272/3360/163 2274/3361/163
f 2198/3206/175 2196/3205/175 2322/3362/2388
f 2322/3362/2388 2323/3363/2389 2198/3206/175
f 2204/3212/2393 2202/3210/2390 2324/3364/2391
f 2324/3364/2391 2325/3365/2392 2204/3212/2393
f 2200/3208/2395 2198/3206/175 2323/3363/2389
f 2323/3363/2389 2326/3366/2394 2200/3208/2395
f 2327/3370/2396 2194/3367/175 2189/3368/175
f 2189/3368/175 2192/3369/175 2327/3370/2396
f 2196/3205/175 2194/3367/175 2327/3370/2396
f 2327/3370/2396 2322/3362/2388 2196/3205/175
f 2232/3372/2397 2327/3370/2396 2192/3369/175
f 2192/3369/175 2234/3371/175 2232/3372/2397
f 2230/3242/2398 2322/3362/2388 2327/3370/2396
f 2327/3370/2396 2232/3372/2397 2230/3242/2398
f 2228/3240/2399 2323/3363/2389 2322/3362/2388
f 2322/3362/2388 2230/3242/2398 2228/3240/2399
f 2226/3238/2400 2326/3366/2394 2323/3363/2389
f 2323/3363/2389 2228/3240/2399 2226/3238/2400
f 2224/3236/2401 2222/3235/175 2325/3365/2392
f 2325/3365/2392 2324/3364/2391 2224/3236/2401
f 2328/3373/2402 2220/3374/2403 2219/3375/2404
f 2328/3373/2402 2219/3375/2404 2212/3376/2405
f 2328/3373/2402 2212/3376/2405 2210/3377/2406
f 2328/3373/2402 2210/3377/2406 2329/3378/2407
f 2208/3380/175 2206/3379/2408 2329/3378/2407
f 2329/3378/2407 2210/3377/2406 2208/3380/175
f 2222/3235/175 2220/3374/2403 2328/3373/2402
f 2222/3235/175 2328/3373/2402 2329/3378/2407
f 2329/3378/2407 2325/3365/2392 2222/3235/175
f 2206/3379/2408 2204/3212/2393 2325/3365/2392
f 2325/3365/2392 2329/3378/2407 2206/3379/2408
f 2202/3210/2390 2200/3208/2395 2326/3366/2394
f 2326/3366/2394 2324/3364/2391 2202/3210/2390
f 2226/3238/2400 2224/3236/2401 2324/3364/2391
f 2324/3364/2391 2326/3366/2394 2226/3238/2400
f 2259/3277/2336 2321/3381/2409 2330/3382/2410
f 2330/3382/2410 2260/3278/2337 2259/3277/2336
f 2330/3382/2410 2321/3381/2409 2258/3276/2335
f 2258/3276/2335 2257/3275/2334 2330/3382/2410
f 2211/3221/2289 2212/3222/2290 2219/3229/2297
f 2219/3229/2297 2218/3228/2296 2211/3221/2289
f 2334/3386/2414 2331/3383/2411 2332/3384/2412
f 2332/3384/2412 2333/3385/2413 2334/3386/2414
f 2336/3388/2416 2335/3387/2415 2331/3383/2411
f 2331/3383/2411 2334/3386/2414 2336/3388/2416
f 2338/3390/2418 2337/3389/2417 2335/3387/2415
f 2335/3387/2415 2336/3388/2416 2338/3390/2418
f 2340/3392/2420 2339/3391/2419 2337/3389/2417
f 2337/3389/2417 2338/3390/2418 2340/3392/2420
f 2342/3394/2422 2341/3393/2421 2339/3391/2419
f 2339/3391/2419 2340/3392/2420 2342/3394/2422
f 2344/3398/429 2343/3395/2359 2341/3396/2421
f 2341/3396/2421 2342/3397/2422 2344/3398/429
f 2346/3400/129 2345/3399/129 2343/3395/2359
f 2343/3395/2359 2344/3398/429 2346/3400/129
f 2348/3402/2358 2347/3401/2423 2345/3399/129
f 2345/3399/129 2346/3400/129 2348/3402/2358
f 2350/3404/2425 2349/3403/2424 2347/3401/2423
f 2347/3401/2423 2348/3402/2358 2350/3404/2425
f 2352/3408/2427 2351/3405/2426 2349/3406/2424
f 2349/3406/2424 2350/3407/2425 2352/3408/2427
f 2354/3410/2429 2353/3409/2428 2351/3405/2426
f 2351/3405/2426 2352/3408/2427 2354/3410/2429
f 2356/3412/2431 2355/3411/2430 2353/3409/2428
f 2353/3409/2428 2354/3410/2429 2356/3412/2431
f 2358/3414/2433 2357/3413/2432 2355/3411/2430
f 2355/3411/2430 2356/3412/2431 2358/3414/2433
f 2360/3416/2435 2359/3415/2434 2357/3413/2432
f 2357/3413/2432 2358/3414/2433 2360/3416/2435
f 2362/3418/2437 2361/3417/2436 2359/3415/2434
f 2359/3415/2434 2360/3416/2435 2362/3418/2437
f 2364/3422/2439 2363/3419/2438 2361/3420/2436
f 2361/3420/2436 2362/3421/2437 2364/3422/2439
f 2366/3424/438 2365/3423/2440 2363/3419/2438
f 2363/3419/2438 2364/3422/2439 2366/3424/438
f 2368/3426/2371 2367/3425/2372 2365/3423/2440
f 2365/3423/2440 2366/3424/438 2368/3426/2371
f 2370/3428/2441 2369/3427/2369 2367/3425/2372
f 2367/3425/2372 2368/3426/2371 2370/3428/2441
f 2372/3432/2443 2371/3429/2442 2369/3430/2369
f 2369/3430/2369 2370/3431/2441 2372/3432/2443
f 2333/3385/2413 2332/3384/2412 2371/3429/2442
f 2371/3429/2442 2372/3432/2443 2333/3385/2413
f 2352/3408/2447 2373/3433/2444 2374/3434/2445
f 2374/3434/2445 2354/3410/2446 2352/3408/2447
f 2350/3407/2449 2375/3435/2448 2373/3433/2444
f 2373/3433/2444 2352/3408/2447 2350/3407/2449
f 2348/3439/2451 2376/3436/2450 2375/3437/2448
f 2375/3437/2448 2350/3438/2449 2348/3439/2451
f 2346/3441/2453 2377/3440/2452 2376/3436/2450
f 2376/3436/2450 2348/3439/2451 2346/3441/2453
f 2344/3443/2455 2378/3442/2454 2377/3440/2452
f 2377/3440/2452 2346/3441/2453 2344/3443/2455
f 2342/3445/2457 2379/3444/2456 2378/3442/2454
f 2378/3442/2454 2344/3443/2455 2342/3445/2457
f 2340/3392/2459 2380/3446/2458 2379/3447/2456
f 2379/3447/2456 2342/3394/2457 2340/3392/2459
f 2338/3390/2461 2381/3448/2460 2380/3446/2458
f 2380/3446/2458 2340/3392/2459 2338/3390/2461
f 2336/3388/2463 2382/3449/2462 2381/3448/2460
f 2381/3448/2460 2338/3390/2461 2336/3388/2463
f 2334/3386/2465 2383/3450/2464 2382/3449/2462
f 2382/3449/2462 2336/3388/2463 2334/3386/2465
f 2333/3385/2467 2384/3451/2466 2383/3450/2464
f 2383/3450/2464 2334/3386/2465 2333/3385/2467
f 2372/3432/2469 2385/3452/2468 2384/3451/2466
f 2384/3451/2466 2333/3385/2467 2372/3432/2469
f 2370/3431/2471 2386/3453/2470 2385/3452/2468
f 2385/3452/2468 2372/3432/2469 2370/3431/2471
f 2368/3457/2473 2387/3454/2472 2386/3455/2470
f 2386/3455/2470 2370/3456/2471 2368/3457/2473
f 2366/3459/2475 2388/3458/2474 2387/3454/2472
f 2387/3454/2472 2368/3457/2473 2366/3459/2475
f 2364/3461/2477 2389/3460/2476 2388/3458/2474
f 2388/3458/2474 2366/3459/2475 2364/3461/2477
f 2362/3463/2479 2390/3462/2478 2389/3460/2476
f 2389/3460/2476 2364/3461/2477 2362/3463/2479
f 2360/3416/2481 2391/3464/2480 2390/3465/2478
f 2390/3465/2478 2362/3418/2479 2360/3416/2481
f 2358/3414/2483 2392/3466/2482 2391/3464/2480
f 2391/3464/2480 2360/3416/2481 2358/3414/2483
f 2356/3412/2485 2393/3467/2484 2392/3466/2482
f 2392/3466/2482 2358/3414/2483 2356/3412/2485
f 2356/3412/2485 2354/3410/2446 2374/3434/2445
f 2374/3434/2445 2393/3467/2484 2356/3412/2485
f 2373/3433/2444 2237/3251/2315 2236/3250/2314
f 2236/3250/2314 2374/3434/2445 2373/3433/2444
f 2375/3435/2448 2241/3255/2318 2237/3251/2315
f 2237/3251/2315 2373/3433/2444 2375/3435/2448
f 2376/3436/2450 2243/3259/2320 2241/3258/2318
f 2241/3258/2318 2375/3437/2448 2376/3436/2450
f 2377/3440/2452 2245/3261/2322 2243/3259/2320
f 2243/3259/2320 2376/3436/2450 2377/3440/2452
f 2378/3442/2454 2247/3263/2324 2245/3261/2322
f 2245/3261/2322 2377/3440/2452 2378/3442/2454
f 2379/3444/2456 2249/3265/2326 2247/3263/2324
f 2247/3263/2324 2378/3442/2454 2379/3444/2456
f 2380/3446/2458 2251/3269/2328 2249/3268/2326
f 2249/3268/2326 2379/3447/2456 2380/3446/2458
f 2381/3448/2460 2253/3271/2330 2251/3269/2328
f 2251/3269/2328 2380/3446/2458 2381/3448/2460
f 2382/3449/2462 2255/3273/2332 2253/3271/2330
f 2253/3271/2330 2381/3448/2460 2382/3449/2462
f 2383/3450/2464 2257/3275/2334 2255/3273/2332
f 2255/3273/2332 2382/3449/2462 2383/3450/2464
f 2384/3451/2466 2330/3382/2410 2257/3275/2334
f 2257/3275/2334 2383/3450/2464 2384/3451/2466
f 2385/3452/2468 2260/3278/2337 2330/3382/2410
f 2330/3382/2410 2384/3451/2466 2385/3452/2468
f 2386/3453/2470 2261/3279/2338 2260/3278/2337
f 2260/3278/2337 2385/3452/2468 2386/3453/2470
f 2387/3454/2472 2263/3283/2340 2261/3282/2338
f 2261/3282/2338 2386/3455/2470 2387/3454/2472
f 2388/3458/2474 2265/3285/2342 2263/3283/2340
f 2263/3283/2340 2387/3454/2472 2388/3458/2474
f 2389/3460/2476 2267/3287/2344 2265/3285/2342
f 2265/3285/2342 2388/3458/2474 2389/3460/2476
f 2390/3462/2478 2269/3289/2346 2267/3287/2344
f 2267/3287/2344 2389/3460/2476 2390/3462/2478
f 2391/3464/2480 2271/3293/2348 2269/3292/2346
f 2269/3292/2346 2390/3465/2478 2391/3464/2480
f 2392/3466/2482 2273/3295/2350 2271/3293/2348
f 2271/3293/2348 2391/3464/2480 2392/3466/2482
f 2393/3467/2484 2239/3253/2316 2273/3295/2350
f 2273/3295/2350 2392/3466/2482 2393/3467/2484
f 2239/3253/2316 2393/3467/2484 2374/3434/2445
f 2374/3434/2445 2236/3250/2314 2239/3253/2316
f 2331/3383/2411 2216/3226/2294 2215/3225/2293
f 2215/3225/2293 2332/3384/2412 2331/3383/2411
f 2335/3387/2415 2294/3320/2366 2216/3226/2294
f 2216/3226/2294 2331/3383/2411 2335/3387/2415
f 2337/3389/2417 2292/3318/2364 2294/3320/2366
f 2294/3320/2366 2335/3387/2415 2337/3389/2417
f 2339/3391/2419 2290/3315/2362 2292/3318/2364
f 2292/3318/2364 2337/3389/2417 2339/3391/2419
f 2341/3393/2421 2288/3316/2360 2290/3315/2362
f 2290/3315/2362 2339/3391/2419 2341/3393/2421
f 2343/3395/2359 2286/3310/429 2288/3312/2360
f 2288/3312/2360 2341/3396/2421 2343/3395/2359
f 2345/3399/129 2284/3308/129 2286/3310/429
f 2286/3310/429 2343/3395/2359 2345/3399/129
f 2347/3401/2423 2282/3305/2358 2284/3308/129
f 2284/3308/129 2345/3399/129 2347/3401/2423
f 2349/3403/2424 2280/3306/2356 2282/3305/2358
f 2282/3305/2358 2347/3401/2423 2349/3403/2424
f 2351/3405/2426 2277/3299/2354 2280/3302/2356
f 2280/3302/2356 2349/3406/2424 2351/3405/2426
f 2353/3409/2428 2278/3300/2355 2277/3299/2354
f 2277/3299/2354 2351/3405/2426 2353/3409/2428
f 2355/3411/2430 2312/3342/2383 2278/3300/2355
f 2278/3300/2355 2353/3409/2428 2355/3411/2430
f 2357/3413/2432 2310/3340/2381 2312/3342/2383
f 2312/3342/2383 2355/3411/2430 2357/3413/2432
f 2359/3415/2434 2308/3337/2379 2310/3340/2381
f 2310/3340/2381 2357/3413/2432 2359/3415/2434
f 2361/3417/2436 2306/3338/2377 2308/3337/2379
f 2308/3337/2379 2359/3415/2434 2361/3417/2436
f 2363/3419/2438 2304/3332/1847 2306/3334/2377
f 2306/3334/2377 2361/3420/2436 2363/3419/2438
f 2365/3423/2440 2302/3330/2374 2304/3332/1847
f 2304/3332/1847 2363/3419/2438 2365/3423/2440
f 2367/3425/2372 2300/3327/2372 2302/3330/2374
f 2302/3330/2374 2365/3423/2440 2367/3425/2372
f 2369/3427/2369 2298/3328/2370 2300/3327/2372
f 2300/3327/2372 2367/3425/2372 2369/3427/2369
f 2371/3429/2442 2296/3322/2368 2298/3324/2370
f 2298/3324/2370 2369/3430/2369 2371/3429/2442
f 2332/3384/2412 2215/3225/2293 2296/3322/2368
f 2296/3322/2368 2371/3429/2442 2332/3384/2412
f 2311/3341/2489 2394/3468/2486 2395/3469/2487
f 2395/3469/2487 2275/3297/2488 2311/3341/2489
f 2311/3341/2489 2309/3339/2490 2396/3470/2491
f 2396/3470/2491 2394/3468/2486 2311/3341/2489
f 2309/3339/2490 2307/3336/2492 2397/3471/2493
f 2397/3471/2493 2396/3470/2491 2309/3339/2490
f 2307/3336/2492 2305/3335/2494 2398/3472/2495
f 2398/3472/2495 2397/3471/2493 2307/3336/2492
f 2305/3476/2494 2303/3473/2496 2399/3474/2497
f 2399/3474/2497 2398/3475/2495 2305/3476/2494
f 2303/3473/2496 2301/3477/2498 2400/3478/2499
f 2400/3478/2499 2399/3474/2497 2303/3473/2496
f 2301/3477/2498 2299/3479/2500 2401/3480/2501
f 2401/3480/2501 2400/3478/2499 2301/3477/2498
f 2299/3479/2500 2297/3481/2502 2402/3482/2503
f 2402/3482/2503 2401/3480/2501 2299/3479/2500
f 2297/3323/2502 2295/3321/2504 2403/3483/2505
f 2403/3483/2505 2402/3484/2503 2297/3323/2502
f 2295/3321/2504 2214/3224/2506 2404/3485/2507
f 2404/3485/2507 2403/3483/2505 2295/3321/2504
f 2213/3223/2509 2405/3486/2508 2404/3485/2507
f 2404/3485/2507 2214/3224/2506 2213/3223/2509
f 2213/3223/2509 2293/3319/2510 2406/3487/2511
f 2406/3487/2511 2405/3486/2508 2213/3223/2509
f 2293/3319/2510 2291/3317/2512 2407/3488/2513
f 2407/3488/2513 2406/3487/2511 2293/3319/2510
f 2291/3317/2512 2289/3314/2514 2408/3489/2515
f 2408/3489/2515 2407/3488/2513 2291/3317/2512
f 2289/3314/2514 2287/3313/2516 2409/3490/2517
f 2409/3490/2517 2408/3489/2515 2289/3314/2514
f 2287/3494/2516 2285/3491/2518 2410/3492/2519
f 2410/3492/2519 2409/3493/2517 2287/3494/2516
f 2285/3491/2518 2283/3495/2520 2411/3496/2521
f 2411/3496/2521 2410/3492/2519 2285/3491/2518
f 2283/3495/2520 2281/3497/2522 2412/3498/2523
f 2412/3498/2523 2411/3496/2521 2283/3495/2520
f 2281/3497/2522 2279/3499/2524 2413/3500/2525
f 2413/3500/2525 2412/3498/2523 2281/3497/2522
f 2279/3301/2524 2276/3298/2526 2414/3501/2527
f 2414/3501/2527 2413/3502/2525 2279/3301/2524
f 2276/3298/2526 2275/3297/2488 2395/3469/2487
f 2395/3469/2487 2414/3501/2527 2276/3298/2526
f 2394/3468/2486 2191/3197/2269 2190/3196/2268
f 2190/3196/2268 2395/3469/2487 2394/3468/2486
f 2191/3197/2269 2394/3468/2486 2396/3470/2491
f 2396/3470/2491 2233/3247/2311 2191/3197/2269
f 2233/3247/2311 2396/3470/2491 2397/3471/2493
f 2397/3471/2493 2231/3243/2309 2233/3247/2311
f 2231/3243/2309 2397/3471/2493 2398/3472/2495
f 2398/3472/2495 2229/3244/2307 2231/3243/2309
f 2229/3241/2307 2398/3475/2495 2399/3474/2497
f 2399/3474/2497 2227/3239/2305 2229/3241/2307
f 2227/3239/2305 2399/3474/2497 2400/3478/2499
f 2400/3478/2499 2225/3237/2303 2227/3239/2305
f 2225/3237/2303 2400/3478/2499 2401/3480/2501
f 2401/3480/2501 2223/3233/2301 2225/3237/2303
f 2223/3233/2301 2401/3480/2501 2402/3482/2503
f 2402/3482/2503 2221/3234/2299 2223/3233/2301
f 2221/3231/2299 2402/3484/2503 2403/3483/2505
f 2403/3483/2505 2217/3227/2295 2221/3231/2299
f 2217/3227/2295 2403/3483/2505 2404/3485/2507
f 2404/3485/2507 2218/3228/2296 2217/3227/2295
f 2405/3486/2508 2211/3221/2289 2218/3228/2296
f 2218/3228/2296 2404/3485/2507 2405/3486/2508
f 2211/3221/2289 2405/3486/2508 2406/3487/2511
f 2406/3487/2511 2209/3219/2287 2211/3221/2289
f 2209/3219/2287 2406/3487/2511 2407/3488/2513
f 2407/3488/2513 2207/3217/2285 2209/3219/2287
f 2207/3217/2285 2407/3488/2513 2408/3489/2515
f 2408/3489/2515 2205/3213/2283 2207/3217/2285
f 2205/3213/2283 2408/3489/2515 2409/3490/2517
f 2409/3490/2517 2203/3214/2281 2205/3213/2283
f 2203/3211/2281 2409/3493/2517 2410/3492/2519
f 2410/3492/2519 2201/3209/2279 2203/3211/2281
f 2201/3209/2279 2410/3492/2519 2411/3496/2521
f 2411/3496/2521 2199/3207/2277 2201/3209/2279
f 2199/3207/2277 2411/3496/2521 2412/3498/2523
f 2412/3498/2523 2197/3203/2275 2199/3207/2277
f 2197/3203/2275 2412/3498/2523 2413/3500/2525
f 2413/3500/2525 2195/3204/2273 2197/3203/2275
f 2195/3201/2273 2413/3502/2525 2414/3501/2527
f 2414/3501/2527 2193/3199/2271 2195/3201/2273
f 2193/3199/2271 2414/3501/2527 2395/3469/2487
f 2395/3469/2487 2190/3196/2268 2193/3199/2271

# Mesh
g LowPoly_Base_Bottom
usemtl lambert1
f 2420/3508/2530 2415/3503/2528 2416/3504/2528
f 2420/3508/2530 2416/3504/2528 2417/3505/438
f 2420/3508/2530 2417/3505/438 2418/3506/438
f 2418/3506/438 2419/3507/2529 2420/3508/2530
f 2426/3514/2534 2421/3509/2531 2422/3510/2531
f 2426/3514/2534 2422/3510/2531 2423/3511/2532
f 2426/3514/2534 2423/3511/2532 2424/3512/2532
f 2424/3512/2532 2425/3513/2533 2426/3514/2534
f 2432/3520/2538 2427/3515/2535 2428/3516/2535
f 2432/3520/2538 2428/3516/2535 2429/3517/2536
f 2432/3520/2538 2429/3517/2536 2430/3518/2536
f 2430/3518/2536 2431/3519/2537 2432/3520/2538
f 2438/3526/2542 2433/3521/2539 2434/3522/2539
f 2438/3526/2542 2434/3522/2539 2435/3523/2540
f 2438/3526/2542 2435/3523/2540 2436/3524/2540
f 2436/3524/2540 2437/3525/2541 2438/3526/2542
f 2437/3525/2541 2436/3524/2540 2435/3523/2540
f 2437/3525/2541 2435/3523/2540 2439/3527/2543
f 2437/3525/2541 2439/3527/2543 2440/3528/2543
f 2440/3528/2543 2441/3529/2544 2437/3525/2541
f 2441/3529/2544 2440/3528/2543 2439/3527/2543
f 2441/3529/2544 2439/3527/2543 2442/3530/2545
f 2441/3529/2544 2442/3530/2545 2443/3531/2545
f 2443/3531/2545 2444/3532/2546 2441/3529/2544
f 2444/3532/2546 2443/3531/2545 2442/3530/2545
f 2444/3532/2546 2442/3530/2545 2445/3533/2547
f 2444/3532/2546 2445/3533/2547 2446/3534/2547
f 2446/3534/2547 2447/3535/2548 2444/3532/2546
f 2447/3535/2548 2446/3534/2547 2445/3533/2547
f 2447/3535/2548 2445/3533/2547 2448/3536/2549
f 2447/3535/2548 2448/3536/2549 2449/3537/2550
f 2449/3537/2550 2450/3538/2551 2447/3535/2548
f 2450/3538/2551 2449/3537/2550 2448/3536/2549
f 2450/3538/2551 2448/3536/2549 2451/3539/2552
f 2450/3538/2551 2451/3539/2552 2452/3540/2553
f 2452/3540/2553 2453/3541/2554 2450/3538/2551
f 2453/3541/2554 2452/3540/2553 2451/3539/2552
f 2453/3541/2554 2451/3539/2552 2454/3542/2555
f 2453/3541/2554 2454/3542/2555 2455/3543/2555
f 2455/3543/2555 2456/3544/2556 2453/3541/2554
f 2456/3544/2556 2455/3543/2555 2454/3542/2555
f 2456/3544/2556 2454/3542/2555 2457/3545/2557
f 2456/3544/2556 2457/3545/2557 2458/3546/2558
f 2458/3546/2558 2459/3547/2559 2456/3544/2556
f 2459/3553/2559 2458/3548/2558 2457/3549/2557
f 2459/3553/2559 2457/3549/2557 2460/3550/2560
f 2459/3553/2559 2460/3550/2560 2461/3551/2561
f 2461/3551/2561 2462/3552/2562 2459/3553/2559
f 2462/3552/2562 2461/3551/2561 2460/3550/2560
f 2462/3552/2562 2460/3550/2560 2463/3554/2563
f 2462/3552/2562 2463/3554/2563 2464/3555/2564
f 2464/3555/2564 2465/3556/2565 2462/3552/2562
f 2465/3556/2565 2464/3555/2564 2463/3554/2563
f 2465/3556/2565 2463/3554/2563 2416/3504/2528
f 2465/3556/2565 2416/3504/2528 2415/3503/2528
f 2415/3503/2528 2420/3508/2530 2465/3556/2565
f 2471/3562/2570 2466/3557/2566 2467/3558/2566
f 2471/3562/2570 2467/3558/2566 2468/3559/2567
f 2471/3562/2570 2468/3559/2567 2469/3560/2568
f 2469/3560/2568 2470/3561/2569 2471/3562/2570
f 2470/3561/2569 2469/3560/2568 2468/3559/2567
f 2470/3561/2569 2468/3559/2567 2472/3563/2571
f 2470/3561/2569 2472/3563/2571 2473/3564/2572
f 2473/3564/2572 2474/3565/2573 2470/3561/2569
f 2474/3565/2573 2473/3564/2572 2472/3563/2571
f 2474/3565/2573 2472/3563/2571 2475/3566/2574
f 2474/3565/2573 2475/3566/2574 2476/3567/2575
f 2476/3567/2575 2477/3568/2576 2474/3565/2573
f 2477/3574/2576 2476/3569/2575 2475/3570/2574
f 2477/3574/2576 2475/3570/2574 2478/3571/2577
f 2477/3574/2576 2478/3571/2577 2479/3572/2577
f 2479/3572/2577 2480/3573/2578 2477/3574/2576
f 2480/3573/2578 2479/3572/2577 2478/3571/2577
f 2480/3573/2578 2478/3571/2577 2481/3575/2579
f 2480/3573/2578 2481/3575/2579 2482/3576/2580
f 2482/3576/2580 2483/3577/2581 2480/3573/2578
f 2483/3577/2581 2482/3576/2580 2481/3575/2579
f 2483/3577/2581 2481/3575/2579 2484/3578/2582
f 2483/3577/2581 2484/3578/2582 2485/3579/2583
f 2485/3579/2583 2486/3580/2584 2483/3577/2581
f 2486/3580/2584 2485/3579/2583 2484/3578/2582
f 2486/3580/2584 2484/3578/2582 2487/3581/2585
f 2486/3580/2584 2487/3581/2585 2488/3582/2585
f 2488/3582/2585 2489/3583/2586 2486/3580/2584
f 2489/3583/2586 2488/3582/2585 2487/3581/2585
f 2489/3583/2586 2487/3581/2585 2490/3584/2587
f 2489/3583/2586 2490/3584/2587 2491/3585/2587
f 2491/3585/2587 2492/3586/2588 2489/3583/2586
f 2492/3586/2588 2491/3585/2587 2490/3584/2587
f 2492/3586/2588 2490/3584/2587 2493/3587/2589
f 2492/3586/2588 2493/3587/2589 2494/3588/2589
f 2494/3588/2589 2495/3589/2590 2492/3586/2588
f 2495/3589/2590 2494/3588/2589 2493/3587/2589
f 2495/3589/2590 2493/3587/2589 2428/3516/2535
f 2495/3589/2590 2428/3516/2535 2427/3515/2535
f 2427/3515/2535 2432/3520/2538 2495/3589/2590
f 2498/3592/2592 2496/3590/2591 2497/3591/2591
f 2498/3592/2592 2497/3591/2591 2434/3522/2539
f 2498/3592/2592 2434/3522/2539 2433/3521/2539
f 2433/3521/2539 2438/3526/2542 2498/3592/2592
f 2501/3595/2595 2499/3593/2593 2500/3594/2594
f 2501/3595/2595 2500/3594/2594 2497/3591/2591
f 2501/3595/2595 2497/3591/2591 2496/3590/2591
f 2496/3590/2591 2498/3592/2592 2501/3595/2595
f 2504/3598/2597 2502/3596/2596 2503/3597/2596
f 2504/3598/2597 2503/3597/2596 2500/3594/2594
f 2504/3598/2597 2500/3594/2594 2499/3593/2593
f 2499/3593/2593 2501/3595/2595 2504/3598/2597
f 2505/3599/2598 2506/3600/2599 2503/3597/2596
f 2505/3599/2598 2503/3597/2596 2502/3596/2596
f 2505/3599/2598 2502/3596/2596 2504/3598/2597
f 2505/3599/2598 2504/3598/2597 2507/3601/2600
f 2510/3604/2602 2508/3602/2601 2509/3603/2601
f 2510/3604/2602 2509/3603/2601 2506/3600/2599
f 2510/3604/2602 2506/3600/2599 2505/3599/2598
f 2505/3599/2598 2507/3601/2600 2510/3604/2602
f 2513/3607/2604 2511/3605/2603 2512/3606/2603
f 2513/3607/2604 2512/3606/2603 2509/3603/2601
f 2513/3607/2604 2509/3603/2601 2508/3602/2601
f 2508/3602/2601 2510/3604/2602 2513/3607/2604
f 2516/3610/2606 2514/3608/2605 2515/3609/2605
f 2516/3610/2606 2515/3609/2605 2512/3606/2603
f 2516/3610/2606 2512/3606/2603 2511/3605/2603
f 2511/3605/2603 2513/3607/2604 2516/3610/2606
f 2519/3616/2608 2517/3611/2607 2518/3612/2607
f 2519/3616/2608 2518/3612/2607 2515/3613/2605
f 2519/3616/2608 2515/3613/2605 2514/3614/2605
f 2514/3614/2605 2516/3615/2606 2519/3616/2608
f 2522/3619/2611 2520/3617/2609 2521/3618/2610
f 2522/3619/2611 2521/3618/2610 2518/3612/2607
f 2522/3619/2611 2518/3612/2607 2517/3611/2607
f 2517/3611/2607 2519/3616/2608 2522/3619/2611
f 2425/3513/2533 2424/3512/2532 2423/3511/2532
f 2425/3513/2533 2423/3511/2532 2521/3618/2610
f 2425/3513/2533 2521/3618/2610 2520/3617/2609
f 2520/3617/2609 2522/3619/2611 2425/3513/2533
f 2525/3622/2614 2523/3620/2612 2524/3621/2613
f 2525/3622/2614 2524/3621/2613 2422/3510/2531
f 2525/3622/2614 2422/3510/2531 2421/3509/2531
f 2421/3509/2531 2426/3514/2534 2525/3622/2614
f 2528/3625/2616 2526/3623/2615 2527/3624/2615
f 2528/3625/2616 2527/3624/2615 2524/3621/2613
f 2528/3625/2616 2524/3621/2613 2523/3620/2612
f 2523/3620/2612 2525/3622/2614 2528/3625/2616
f 2531/3628/2618 2529/3626/2617 2530/3627/2617
f 2531/3628/2618 2530/3627/2617 2527/3624/2615
f 2531/3628/2618 2527/3624/2615 2526/3623/2615
f 2526/3623/2615 2528/3625/2616 2531/3628/2618
f 2534/3634/2620 2532/3629/2619 2533/3630/2619
f 2534/3634/2620 2533/3630/2619 2530/3631/2617
f 2534/3634/2620 2530/3631/2617 2529/3632/2617
f 2529/3632/2617 2531/3633/2618 2534/3634/2620
f 2537/3637/2622 2535/3635/2621 2536/3636/2621
f 2537/3637/2622 2536/3636/2621 2533/3630/2619
f 2537/3637/2622 2533/3630/2619 2532/3629/2619
f 2532/3629/2619 2534/3634/2620 2537/3637/2622
f 2540/3640/2625 2538/3638/2623 2539/3639/2624
f 2540/3640/2625 2539/3639/2624 2536/3636/2621
f 2540/3640/2625 2536/3636/2621 2535/3635/2621
f 2535/3635/2621 2537/3637/2622 2540/3640/2625
f 2543/3643/2627 2541/3641/2626 2542/3642/2626
f 2543/3643/2627 2542/3642/2626 2539/3639/2624
f 2543/3643/2627 2539/3639/2624 2538/3638/2623
f 2538/3638/2623 2540/3640/2625 2543/3643/2627
f 2546/3646/2629 2544/3644/2628 2545/3645/2628
f 2546/3646/2629 2545/3645/2628 2542/3642/2626
f 2546/3646/2629 2542/3642/2626 2541/3641/2626
f 2541/3641/2626 2543/3643/2627 2546/3646/2629
f 2549/3649/2631 2547/3647/2630 2548/3648/2630
f 2549/3649/2631 2548/3648/2630 2545/3645/2628
f 2549/3649/2631 2545/3645/2628 2544/3644/2628
f 2544/3644/2628 2546/3646/2629 2549/3649/2631
f 2431/3519/2537 2430/3518/2536 2429/3517/2536
f 2431/3519/2537 2429/3517/2536 2548/3648/2630
f 2431/3519/2537 2548/3648/2630 2547/3647/2630
f 2547/3647/2630 2549/3649/2631 2431/3519/2537
f 2548/3694/2632 2429/3650/2632 2428/3651/2632
f 2548/3694/2632 2428/3651/2632 2493/3652/2632
f 2548/3694/2632 2493/3652/2632 2490/3653/2632
f 2548/3694/2632 2490/3653/2632 2487/3654/2633
f 2548/3694/2632 2487/3654/2633 2484/3655/2633
f 2548/3694/2632 2484/3655/2633 2481/3656/2633
f 2548/3694/2632 2481/3656/2633 2478/3657/2633
f 2548/3694/2632 2478/3657/2633 2475/3658/2632
f 2548/3694/2632 2475/3658/2632 2472/3659/2632
f 2548/3694/2632 2472/3659/2632 2468/3660/2633
f 2548/3694/2632 2468/3660/2633 2467/3661/2632
f 2548/3694/2632 2467/3661/2632 2417/3662/2632
f 2548/3694/2632 2417/3662/2632 2416/3663/2632
f 2548/3694/2632 2416/3663/2632 2463/3664/2633
f 2548/3694/2632 2463/3664/2633 2460/3665/2632
f 2548/3694/2632 2460/3665/2632 2457/3666/2632
f 2548/3694/2632 2457/3666/2632 2454/3667/2633
f 2548/3694/2632 2454/3667/2633 2451/3668/2633
f 2548/3694/2632 2451/3668/2633 2448/3669/2633
f 2548/3694/2632 2448/3669/2633 2445/3670/2633
f 2548/3694/2632 2445/3670/2633 2442/3671/2632
f 2548/3694/2632 2442/3671/2632 2439/3672/2632
f 2548/3694/2632 2439/3672/2632 2435/3673/2632
f 2548/3694/2632 2435/3673/2632 2434/3674/2632
f 2548/3694/2632 2434/3674/2632 2497/3675/2632
f 2548/3694/2632 2497/3675/2632 2500/3676/2632
f 2548/3694/2632 2500/3676/2632 2503/3677/2633
f 2548/3694/2632 2503/3677/2633 2506/3678/2633
f 2548/3694/2632 2506/3678/2633 2509/3679/2633
f 2548/3694/2632 2509/3679/2633 2512/3680/2633
f 2548/3694/2632 2512/3680/2633 2515/3681/2632
f 2548/3694/2632 2515/3681/2632 2518/3682/2632
f 2548/3694/2632 2518/3682/2632 2521/3683/2633
f 2548/3694/2632 2521/3683/2633 2423/3684/2632
f 2548/3694/2632 2423/3684/2632 2422/3685/2632
f 2548/3694/2632 2422/3685/2632 2524/3686/2633
f 2548/3694/2632 2524/3686/2633 2527/3687/2632
f 2548/3694/2632 2527/3687/2632 2530/3688/2632
f 2548/3694/2632 2530/3688/2632 2533/3689/2633
f 2548/3694/2632 2533/3689/2633 2536/3690/2633
f 2548/3694/2632 2536/3690/2633 2539/3691/2633
f 2548/3694/2632 2539/3691/2633 2542/3692/2632
f 2542/3692/2632 2545/3693/2632 2548/3694/2632
f 2550/3695/2634 2549/3649/2631 2546/3646/2629
f 2550/3695/2634 2546/3646/2629 2551/3696/2635
f 2550/3695/2634 2551/3696/2635 2552/3697/2636
f 2550/3695/2634 2552/3697/2636 2553/3698/2637
f 2551/3696/2635 2546/3646/2629 2543/3643/2627
f 2551/3696/2635 2543/3643/2627 2554/3699/2638
f 2551/3696/2635 2554/3699/2638 2555/3700/2639
f 2551/3696/2635 2555/3700/2639 2552/3697/2636
f 2554/3699/2638 2543/3643/2627 2540/3640/2625
f 2554/3699/2638 2540/3640/2625 2556/3701/2640
f 2554/3699/2638 2556/3701/2640 2557/3702/2641
f 2554/3699/2638 2557/3702/2641 2555/3700/2639
f 2557/3702/2641 2556/3701/2640 2540/3640/2625
f 2557/3702/2641 2540/3640/2625 2537/3637/2622
f 2557/3702/2641 2537/3637/2622 2558/3703/2642
f 2558/3703/2642 2559/3704/2643 2557/3702/2641
f 2559/3704/2643 2558/3703/2642 2537/3637/2622
f 2559/3704/2643 2537/3637/2622 2534/3634/2620
f 2559/3704/2643 2534/3634/2620 2560/3705/2644
f 2560/3705/2644 2561/3706/2645 2559/3704/2643
f 2561/3706/2645 2560/3705/2644 2534/3634/2620
f 2561/3706/2645 2534/3634/2620 2531/3633/2618
f 2561/3706/2645 2531/3633/2618 2562/3707/2646
f 2562/3707/2646 2563/3708/2647 2561/3706/2645
f 2562/3709/2646 2531/3628/2618 2528/3625/2616
f 2562/3709/2646 2528/3625/2616 2564/3710/2648
f 2562/3709/2646 2564/3710/2648 2565/3711/2649
f 2562/3709/2646 2565/3711/2649 2563/3712/2647
f 2564/3710/2648 2528/3625/2616 2525/3622/2614
f 2564/3710/2648 2525/3622/2614 2566/3713/2650
f 2564/3710/2648 2566/3713/2650 2567/3714/2651
f 2564/3710/2648 2567/3714/2651 2565/3711/2649
f 2566/3713/2650 2525/3622/2614 2426/3514/2534
f 2566/3713/2650 2426/3514/2534 2568/3715/2652
f 2566/3713/2650 2568/3715/2652 2569/3716/2653
f 2566/3713/2650 2569/3716/2653 2567/3714/2651
f 2569/3716/2653 2568/3715/2652 2426/3514/2534
f 2569/3716/2653 2426/3514/2534 2425/3513/2533
f 2569/3716/2653 2425/3513/2533 2570/3717/2654
f 2570/3717/2654 2571/3718/2655 2569/3716/2653
f 2570/3717/2654 2425/3513/2533 2522/3619/2611
f 2570/3717/2654 2522/3619/2611 2572/3719/2656
f 2570/3717/2654 2572/3719/2656 2573/3720/2657
f 2570/3717/2654 2573/3720/2657 2571/3718/2655
f 2573/3720/2657 2572/3719/2656 2522/3619/2611
f 2573/3720/2657 2522/3619/2611 2519/3616/2608
f 2573/3720/2657 2519/3616/2608 2574/3721/2658
f 2574/3721/2658 2575/3722/2659 2573/3720/2657
f 2575/3722/2659 2574/3721/2658 2519/3616/2608
f 2575/3722/2659 2519/3616/2608 2516/3615/2606
f 2575/3722/2659 2516/3615/2606 2576/3723/2660
f 2576/3723/2660 2577/3724/2661 2575/3722/2659
f 2577/3728/2661 2576/3725/2660 2516/3610/2606
f 2577/3728/2661 2516/3610/2606 2513/3607/2604
f 2577/3728/2661 2513/3607/2604 2578/3726/2662
f 2578/3726/2662 2579/3727/2663 2577/3728/2661
f 2578/3726/2662 2513/3607/2604 2510/3604/2602
f 2578/3726/2662 2510/3604/2602 2580/3729/2664
f 2578/3726/2662 2580/3729/2664 2581/3730/2665
f 2578/3726/2662 2581/3730/2665 2579/3727/2663
f 2580/3729/2664 2510/3604/2602 2507/3601/2600
f 2580/3729/2664 2507/3601/2600 2582/3731/2666
f 2580/3729/2664 2582/3731/2666 2583/3732/2667
f 2580/3729/2664 2583/3732/2667 2581/3730/2665
f 2582/3731/2666 2507/3601/2600 2504/3598/2597
f 2582/3731/2666 2504/3598/2597 2584/3733/2668
f 2582/3731/2666 2584/3733/2668 2585/3734/2669
f 2582/3731/2666 2585/3734/2669 2583/3732/2667
f 2585/3734/2669 2584/3733/2668 2504/3598/2597
f 2585/3734/2669 2504/3598/2597 2501/3595/2595
f 2585/3734/2669 2501/3595/2595 2586/3735/2670
f 2586/3735/2670 2587/3736/2671 2585/3734/2669
f 2586/3735/2670 2501/3595/2595 2498/3592/2592
f 2586/3735/2670 2498/3592/2592 2588/3737/2672
f 2586/3735/2670 2588/3737/2672 2589/3738/2673
f 2586/3735/2670 2589/3738/2673 2587/3736/2671
f 2589/3738/2673 2588/3737/2672 2498/3592/2592
f 2589/3738/2673 2498/3592/2592 2438/3526/2542
f 2589/3738/2673 2438/3526/2542 2590/3739/2674
f 2590/3739/2674 2591/3740/2675 2589/3738/2673
f 2590/3739/2674 2438/3526/2542 2437/3525/2541
f 2590/3739/2674 2437/3525/2541 2592/3741/2676
f 2590/3739/2674 2592/3741/2676 2593/3742/2677
f 2590/3739/2674 2593/3742/2677 2591/3740/2675
f 2593/3742/2677 2592/3741/2676 2437/3525/2541
f 2593/3742/2677 2437/3525/2541 2441/3529/2544
f 2593/3742/2677 2441/3529/2544 2594/3743/2678
f 2594/3743/2678 2595/3744/2679 2593/3742/2677
f 2595/3744/2679 2594/3743/2678 2441/3529/2544
f 2595/3744/2679 2441/3529/2544 2444/3532/2546
f 2595/3744/2679 2444/3532/2546 2596/3745/2680
f 2596/3745/2680 2597/3746/2681 2595/3744/2679
f 2597/3746/2681 2596/3745/2680 2444/3532/2546
f 2597/3746/2681 2444/3532/2546 2447/3535/2548
f 2597/3746/2681 2447/3535/2548 2598/3747/2682
f 2598/3747/2682 2599/3748/2683 2597/3746/2681
f 2598/3747/2682 2447/3535/2548 2450/3538/2551
f 2598/3747/2682 2450/3538/2551 2600/3749/2684
f 2598/3747/2682 2600/3749/2684 2601/3750/2685
f 2598/3747/2682 2601/3750/2685 2599/3748/2683
f 2601/3750/2685 2600/3749/2684 2450/3538/2551
f 2601/3750/2685 2450/3538/2551 2453/3541/2554
f 2601/3750/2685 2453/3541/2554 2602/3751/2686
f 2602/3751/2686 2603/3752/2687 2601/3750/2685
f 2603/3752/2687 2602/3751/2686 2453/3541/2554
f 2603/3752/2687 2453/3541/2554 2456/3544/2556
f 2603/3752/2687 2456/3544/2556 2604/3753/2688
f 2604/3753/2688 2605/3754/2689 2603/3752/2687
f 2605/3754/2689 2604/3753/2688 2456/3544/2556
f 2605/3754/2689 2456/3544/2556 2459/3547/2559
f 2605/3754/2689 2459/3547/2559 2606/3755/2690
f 2606/3755/2690 2607/3756/2691 2605/3754/2689
f 2606/3757/2690 2459/3553/2559 2462/3552/2562
f 2606/3757/2690 2462/3552/2562 2608/3758/2692
f 2606/3757/2690 2608/3758/2692 2609/3759/2693
f 2606/3757/2690 2609/3759/2693 2607/3760/2691
f 2608/3758/2692 2462/3552/2562 2465/3556/2565
f 2608/3758/2692 2465/3556/2565 2610/3761/2694
f 2608/3758/2692 2610/3761/2694 2611/3762/2695
f 2608/3758/2692 2611/3762/2695 2609/3759/2693
f 2610/3761/2694 2465/3556/2565 2420/3508/2530
f 2610/3761/2694 2420/3508/2530 2612/3763/2696
f 2610/3761/2694 2612/3763/2696 2613/3764/2697
f 2610/3761/2694 2613/3764/2697 2611/3762/2695
f 2613/3764/2697 2612/3763/2696 2420/3508/2530
f 2613/3764/2697 2420/3508/2530 2419/3507/2529
f 2613/3764/2697 2419/3507/2529 2614/3765/2698
f 2614/3765/2698 2615/3766/2698 2613/3764/2697
f 2616/3767/2699 2471/3562/2570 2470/3561/2569
f 2616/3767/2699 2470/3561/2569 2617/3768/2700
f 2616/3767/2699 2617/3768/2700 2618/3769/2701
f 2616/3767/2699 2618/3769/2701 2619/3770/2702
f 2618/3769/2701 2617/3768/2700 2470/3561/2569
f 2618/3769/2701 2470/3561/2569 2474/3565/2573
f 2618/3769/2701 2474/3565/2573 2620/3771/2703
f 2620/3771/2703 2621/3772/2704 2618/3769/2701
f 2621/3772/2704 2620/3771/2703 2474/3565/2573
f 2621/3772/2704 2474/3565/2573 2477/3568/2576
f 2621/3772/2704 2477/3568/2576 2622/3773/2705
f 2622/3773/2705 2623/3774/2706 2621/3772/2704
f 2623/3778/2706 2622/3775/2705 2477/3574/2576
f 2623/3778/2706 2477/3574/2576 2480/3573/2578
f 2623/3778/2706 2480/3573/2578 2624/3776/2707
f 2624/3776/2707 2625/3777/2708 2623/3778/2706
f 2624/3776/2707 2480/3573/2578 2483/3577/2581
f 2624/3776/2707 2483/3577/2581 2626/3779/2709
f 2624/3776/2707 2626/3779/2709 2627/3780/2710
f 2624/3776/2707 2627/3780/2710 2625/3777/2708
f 2626/3779/2709 2483/3577/2581 2486/3580/2584
f 2626/3779/2709 2486/3580/2584 2628/3781/2711
f 2626/3779/2709 2628/3781/2711 2629/3782/2712
f 2626/3779/2709 2629/3782/2712 2627/3780/2710
f 2628/3781/2711 2486/3580/2584 2489/3583/2586
f 2628/3781/2711 2489/3583/2586 2630/3783/2713
f 2628/3781/2711 2630/3783/2713 2631/3784/2714
f 2628/3781/2711 2631/3784/2714 2629/3782/2712
f 2631/3784/2714 2630/3783/2713 2489/3583/2586
f 2631/3784/2714 2489/3583/2586 2492/3586/2588
f 2631/3784/2714 2492/3586/2588 2632/3785/2715
f 2632/3785/2715 2633/3786/2716 2631/3784/2714
f 2632/3785/2715 2492/3586/2588 2495/3589/2590
f 2632/3785/2715 2495/3589/2590 2634/3787/2717
f 2632/3785/2715 2634/3787/2717 2635/3788/2718
f 2632/3785/2715 2635/3788/2718 2633/3786/2716
f 2634/3787/2717 2495/3589/2590 2432/3520/2538
f 2634/3787/2717 2432/3520/2538 2636/3789/2719
f 2634/3787/2717 2636/3789/2719 2637/3790/2720
f 2634/3787/2717 2637/3790/2720 2635/3788/2718
f 2636/3789/2719 2432/3520/2538 2431/3519/2537
f 2636/3789/2719 2431/3519/2537 2638/3791/2721
f 2636/3789/2719 2638/3791/2721 2639/3792/2722
f 2636/3789/2719 2639/3792/2722 2637/3790/2720
f 2638/3791/2721 2431/3519/2537 2549/3649/2631
f 2638/3791/2721 2549/3649/2631 2550/3695/2634
f 2638/3791/2721 2550/3695/2634 2553/3698/2637
f 2638/3791/2721 2553/3698/2637 2639/3792/2722
f 2419/3507/2529 2418/3506/438 2417/3505/438
f 2419/3507/2529 2417/3505/438 2467/3558/2566
f 2419/3507/2529 2467/3558/2566 2466/3557/2566
f 2466/3557/2566 2471/3562/2570 2419/3507/2529
f 2614/3765/2698 2419/3507/2529 2471/3562/2570
f 2614/3765/2698 2471/3562/2570 2616/3767/2699
f 2614/3765/2698 2616/3767/2699 2619/3770/2702
f 2614/3765/2698 2619/3770/2702 2615/3766/2698

# Mesh
g LowPoly_BaseInner
usemtl lambert1
f 2643/3796/2724 2640/3793/438 2641/3794/438
f 2641/3794/438 2642/3795/2723 2643/3796/2724
f 2647/3800/2728 2644/3797/2725 2645/3798/2726
f 2645/3798/2726 2646/3799/2727 2647/3800/2728
f 2651/3804/129 2648/3801/2729 2649/3802/2730
f 2649/3802/2730 2650/3803/129 2651/3804/129
f 2645/3808/2726 2644/3805/2725 2652/3806/2731
f 2652/3806/2731 2653/3807/2732 2645/3808/2726
f 2653/3807/2732 2652/3806/2733 2643/3796/2724
f 2643/3796/2724 2642/3795/2723 2653/3807/2732
f 2649/3802/2730 2648/3801/2729 2654/3809/2734
f 2654/3809/2734 2655/3810/2735 2649/3802/2730
f 2655/3810/2735 2654/3809/2736 2647/3811/2728
f 2647/3811/2728 2646/3812/2727 2655/3810/2735
f 2659/3816/2737 2656/3813/2723 2657/3814/438
f 2657/3814/438 2658/3815/438 2659/3816/2737
f 2661/3818/2738 2660/3817/2732 2656/3813/2723
f 2656/3813/2723 2659/3816/2737 2661/3818/2738
f 2663/3820/2741 2662/3819/2739 2660/3817/2732
f 2660/3817/2732 2661/3818/2740 2663/3820/2741
f 2665/3824/2743 2664/3821/2742 2662/3822/2739
f 2662/3822/2739 2663/3823/2741 2665/3824/2743
f 2667/3828/2745 2666/3825/2744 2664/3826/2742
f 2664/3826/2742 2665/3827/2743 2667/3828/2745
f 2669/3830/2747 2668/3829/2730 2666/3825/2744
f 2666/3825/2744 2667/3828/2746 2669/3830/2747
f 2671/3832/129 2670/3831/129 2668/3829/2730
f 2668/3829/2730 2669/3830/2747 2671/3832/129
f 2656/3813/2723 2642/3795/2723 2641/3794/438
f 2641/3794/438 2657/3814/438 2656/3813/2723
f 2660/3817/2732 2653/3807/2732 2642/3795/2723
f 2642/3795/2723 2656/3813/2723 2660/3817/2732
f 2662/3819/2739 2645/3808/2726 2653/3807/2732
f 2653/3807/2732 2660/3817/2732 2662/3819/2739
f 2664/3821/2742 2646/3799/2727 2645/3798/2726
f 2645/3798/2726 2662/3822/2739 2664/3821/2742
f 2666/3825/2744 2655/3810/2735 2646/3812/2727
f 2646/3812/2727 2664/3826/2742 2666/3825/2744
f 2668/3829/2730 2649/3802/2730 2655/3810/2735
f 2655/3810/2735 2666/3825/2744 2668/3829/2730
f 2670/3831/129 2650/3803/129 2649/3802/2730
f 2649/3802/2730 2668/3829/2730 2670/3831/129

# Mesh
g LowPloy_Base1
usemtl lambert1
f 2675/3836/2751 2672/3833/2748 2673/3834/2749
f 2673/3834/2749 2674/3835/2750 2675/3836/2751
f 2679/3840/2755 2676/3837/2752 2677/3838/2753
f 2677/3838/2753 2678/3839/2754 2679/3840/2755
f 2674/3835/2750 2673/3834/2749 2679/3840/2755
f 2679/3840/2755 2678/3839/2754 2674/3835/2750
f 2680/3841/2756 2681/3842/2757 2682/3843/2758
f 2680/3841/2756 2682/3843/2758 2683/3844/2759
f 2687/3848/2763 2684/3845/2760 2685/3846/2761
f 2685/3846/2761 2686/3847/2762 2687/3848/2763
f 2684/3845/2760 2688/3849/2764 2689/3850/2765
f 2689/3850/2765 2685/3846/2761 2684/3845/2760
f 2691/3854/2769 2682/3851/2766 2681/3852/2767
f 2681/3852/2767 2690/3853/2768 2691/3854/2769
f 2691/3854/2769 2690/3853/2768 2692/3855/2770
f 2692/3855/2770 2693/3856/2771 2691/3854/2769
f 2688/3849/2764 2694/3857/2772 2695/3858/2773
f 2695/3858/2773 2689/3850/2765 2688/3849/2764
f 2693/3856/2771 2692/3855/2770 2696/3859/2774
f 2696/3859/2774 2697/3860/2775 2693/3856/2771
f 2702/3865/2780 2698/3861/2776 2699/3862/2777
f 2699/3862/2777 2700/3863/2778 2701/3864/2779
f 2699/3862/2777 2701/3864/2779 2702/3865/2780
f 2706/3869/2784 2703/3866/2781 2704/3867/2782
f 2704/3867/2782 2705/3868/2783 2706/3869/2784
f 2701/3871/2779 2700/3870/2778 2706/3869/2784
f 2706/3869/2784 2705/3868/2783 2701/3871/2779
f 2710/3875/2788 2707/3872/2785 2708/3873/2786
f 2708/3873/2786 2709/3874/2787 2710/3875/2788
f 2470/3879/2792 2480/3876/2789 2711/3877/2790
f 2711/3877/2790 2712/3878/2791 2470/3879/2792
f 2712/3878/2791 2711/3877/2790 2713/3880/2793
f 2713/3880/2793 2714/3881/2794 2712/3878/2791
f 2534/3885/2798 2715/3882/2795 2716/3883/2796
f 2716/3883/2796 2717/3884/2797 2534/3885/2798
f 2717/3884/2797 2716/3883/2796 2718/3886/2799
f 2718/3886/2799 2719/3887/2800 2717/3884/2797
f 2718/3886/2799 2720/3888/2801 2721/3889/2802
f 2721/3889/2802 2719/3887/2800 2718/3886/2799
f 2713/3880/2793 2722/3890/2803 2723/3891/2804
f 2723/3891/2804 2714/3881/2805 2713/3880/2793
f 2725/3893/2807 2724/3892/2806 2470/3879/2792
f 2470/3879/2792 2712/3878/2791 2725/3893/2807
f 2675/3895/129 2674/3894/2808 2716/3883/2796
f 2716/3883/2796 2715/3882/2795 2675/3895/129
f 2678/3897/2810 2677/3896/2809 2720/3888/2801
f 2720/3888/2801 2718/3886/2799 2678/3897/2810
f 2727/3899/2812 2726/3898/2811 2714/3881/2805
f 2714/3881/2805 2723/3891/2804 2727/3899/2812
f 2674/3894/2808 2678/3897/2810 2718/3886/2799
f 2718/3886/2799 2716/3883/2796 2674/3894/2808
f 2726/3898/2813 2725/3893/2807 2712/3878/2791
f 2712/3878/2791 2714/3881/2794 2726/3898/2813
f 2686/3903/2762 2685/3900/2761 2728/3901/2814
f 2728/3901/2814 2729/3902/2815 2686/3903/2762
f 2732/3907/2819 2730/3904/2816 2731/3905/2817
f 2731/3905/2817 2543/3906/2818 2732/3907/2819
f 2735/3911/2823 2733/3908/2820 2683/3909/2821
f 2683/3909/2821 2734/3910/2822 2735/3911/2823
f 2689/3850/2765 2695/3858/2773 2736/3912/2824
f 2736/3912/2824 2737/3913/2825 2689/3850/2765
f 2735/3911/2823 2734/3910/2822 2730/3914/2816
f 2730/3914/2816 2732/3915/2819 2735/3911/2823
f 2728/3916/2814 2685/3846/2761 2689/3850/2765
f 2689/3850/2765 2737/3913/2825 2728/3916/2814
f 2680/3841/2756 2683/3844/2759 2733/3917/2826
f 2733/3917/2826 2738/3918/2827 2680/3841/2756
f 2694/3922/2831 2704/3919/2828 2739/3920/2829
f 2739/3920/2829 2695/3921/2830 2694/3922/2831
f 2695/3921/2830 2739/3920/2829 2740/3923/2832
f 2740/3923/2832 2736/3924/2824 2695/3921/2830
f 2744/3928/2836 2741/3925/2833 2742/3926/2834
f 2742/3926/2834 2743/3927/2835 2744/3928/2836
f 2746/3930/2838 2745/3929/2837 2738/3918/2827
f 2738/3918/2827 2733/3917/2826 2746/3930/2838
f 2709/3932/2787 2747/3931/2839 2721/3889/2802
f 2721/3889/2802 2720/3888/2801 2709/3932/2787
f 2707/3934/2841 2710/3933/2840 2677/3838/2753
f 2677/3838/2753 2676/3837/2752 2707/3934/2841
f 2677/3896/2809 2710/3935/2788 2709/3932/2787
f 2709/3932/2787 2720/3888/2801 2677/3896/2809
f 2749/3937/2843 2748/3936/2842 2736/3924/2824
f 2736/3924/2824 2740/3923/2832 2749/3937/2843
f 2750/3939/2844 2742/3938/2834 2723/3891/2804
f 2723/3891/2804 2722/3890/2803 2750/3939/2844
f 2741/3940/2833 2727/3899/2812 2723/3891/2804
f 2723/3891/2804 2742/3938/2834 2741/3940/2833
f 2741/3944/2845 2744/3941/2845 2751/3942/2846
f 2751/3942/2846 2727/3943/2847 2741/3944/2845
f 2744/3941/2851 2752/3945/2848 2753/3946/2849
f 2753/3946/2849 2751/3942/2850 2744/3941/2851
f 2747/3948/2839 2709/3874/2787 2708/3873/2786
f 2708/3873/2786 2754/3947/2852 2747/3948/2839
f 2743/3927/2835 2742/3926/2834 2750/3949/2844
f 2750/3949/2844 2755/3950/2853 2743/3927/2835
f 2705/3952/2783 2704/3951/2782 2694/3857/2772
f 2694/3857/2772 2688/3849/2764 2705/3952/2783
f 2684/3845/2760 2701/3864/2779 2705/3952/2783
f 2705/3952/2783 2688/3849/2764 2684/3845/2760
f 2687/3848/2763 2702/3865/2780 2701/3864/2779
f 2701/3864/2779 2684/3845/2760 2687/3848/2763
f 2734/3910/2822 2683/3909/2821 2682/3851/2766
f 2682/3851/2766 2691/3854/2769 2734/3910/2822
f 2691/3854/2769 2693/3856/2771 2730/3914/2816
f 2730/3914/2816 2734/3910/2822 2691/3854/2769
f 2693/3956/2771 2697/3953/2775 2731/3954/2817
f 2731/3954/2817 2730/3955/2816 2693/3956/2771
f 2726/3958/2855 2727/3943/2847 2751/3942/2846
f 2751/3942/2846 2756/3957/2854 2726/3958/2855
f 2757/3960/2857 2725/3959/2856 2726/3958/2855
f 2726/3958/2855 2756/3957/2854 2757/3960/2857
f 2758/3962/2859 2724/3961/2858 2725/3959/2856
f 2725/3959/2856 2757/3960/2857 2758/3962/2859
f 2480/3966/2789 2729/3963/2815 2728/3964/2814
f 2728/3964/2814 2711/3965/2790 2480/3966/2789
f 2711/3877/2790 2728/3916/2814 2737/3913/2825
f 2737/3913/2825 2713/3880/2793 2711/3877/2790
f 2737/3913/2825 2736/3912/2824 2722/3890/2803
f 2722/3890/2803 2713/3880/2793 2737/3913/2825
f 2748/3967/2842 2750/3939/2844 2722/3890/2803
f 2722/3890/2803 2736/3912/2824 2748/3967/2842
f 2748/3936/2842 2749/3937/2843 2755/3950/2853
f 2755/3950/2853 2750/3949/2844 2748/3936/2842
f 2746/3930/2838 2747/3948/2839 2754/3947/2852
f 2754/3947/2852 2745/3929/2837 2746/3930/2838
f 2747/3931/2839 2746/3968/2838 2733/3908/2820
f 2733/3908/2820 2721/3889/2802 2747/3931/2839
f 2719/3887/2800 2721/3889/2802 2733/3908/2820
f 2733/3908/2820 2735/3911/2823 2719/3887/2800
f 2732/3915/2819 2717/3884/2797 2719/3887/2800
f 2719/3887/2800 2735/3911/2823 2732/3915/2819
f 2543/3969/2818 2534/3885/2798 2717/3884/2797
f 2717/3884/2797 2732/3915/2819 2543/3969/2818
f 2760/3972/2861 2759/3970/2860 2700/3870/2778
f 2700/3870/2778 2699/3971/2777 2760/3972/2861
f 2759/3970/2860 2761/3973/2862 2706/3869/2784
f 2706/3869/2784 2700/3870/2778 2759/3970/2860
f 2761/3973/2862 2762/3974/2863 2703/3866/2781
f 2703/3866/2781 2706/3869/2784 2761/3973/2862
f 2762/3978/2867 2763/3975/2864 2764/3976/2865
f 2764/3976/2865 2703/3977/2866 2762/3978/2867
f 2763/3975/2864 2765/3979/2868 2766/3980/2869
f 2766/3980/2869 2764/3976/2865 2763/3975/2864
f 2765/3979/2868 2767/3981/2870 2768/3982/2871
f 2768/3982/2871 2766/3980/2869 2765/3979/2868
f 2767/3981/2870 2769/3983/2872 2770/3984/2873
f 2770/3984/2873 2768/3982/2871 2767/3981/2870
f 2769/3983/2872 2771/3985/2874 2772/3986/2875
f 2772/3986/2875 2770/3984/2873 2769/3983/2872
f 2773/3988/2878 2752/3987/2876 2772/3986/2877
f 2772/3986/2877 2771/3985/2874 2773/3988/2878
f 2774/3990/2880 2753/3946/2849 2752/3945/2848
f 2752/3945/2848 2773/3989/2879 2774/3990/2880
f 2774/3990/2880 2775/3991/2881 2776/3992/2882
f 2776/3992/2882 2753/3946/2849 2774/3990/2880
f 2775/3991/2881 2777/3993/2883 2778/3994/2884
f 2778/3994/2884 2776/3992/2882 2775/3991/2881
f 2781/3997/2887 2779/3995/2885 2780/3996/2886
f 2780/3996/2886 2778/3994/2884 2777/3993/2883
f 2780/3996/2886 2777/3993/2883 2781/3997/2887
f 2703/3977/2866 2764/3976/2865 2739/3920/2829
f 2739/3920/2829 2704/3919/2828 2703/3977/2866
f 2764/3976/2865 2766/3980/2869 2740/3923/2832
f 2740/3923/2832 2739/3920/2829 2764/3976/2865
f 2749/3937/2843 2740/3923/2832 2766/3980/2869
f 2766/3980/2869 2768/3982/2871 2749/3937/2843
f 2768/3982/2871 2770/3984/2873 2755/3950/2853
f 2755/3950/2853 2749/3937/2843 2768/3982/2871
f 2744/3928/2836 2743/3927/2835 2755/3950/2853
f 2744/3928/2836 2755/3950/2853 2770/3984/2873
f 2744/3928/2836 2770/3984/2873 2772/3986/2888
f 2772/3986/2888 2752/3987/2889 2744/3928/2836
f 2756/3957/2854 2751/3942/2850 2753/3946/2849
f 2753/3946/2849 2776/3992/2882 2756/3957/2854
f 2776/3992/2882 2778/3994/2884 2757/3960/2857
f 2757/3960/2857 2756/3957/2854 2776/3992/2882
f 2780/3996/2886 2782/3998/2890 2758/3962/2859
f 2780/3996/2886 2758/3962/2859 2757/3960/2857
f 2757/3960/2857 2778/3994/2884 2780/3996/2886
f 2781/3997/2887 2777/3993/2883 2673/3834/2749
f 2673/3834/2749 2672/3833/2748 2781/3997/2887
f 2777/3993/2883 2775/3991/2881 2679/3840/2755
f 2679/3840/2755 2673/3834/2749 2777/3993/2883
f 2775/3991/2881 2774/3990/2880 2676/3837/2752
f 2676/3837/2752 2679/3840/2755 2775/3991/2881
f 2773/3989/2879 2707/3934/2841 2676/3837/2752
f 2676/3837/2752 2774/3990/2880 2773/3989/2879
f 2707/3872/2785 2773/3988/2878 2771/3985/2874
f 2771/3985/2874 2708/3873/2786 2707/3872/2785
f 2769/3983/2872 2754/3947/2852 2708/3873/2786
f 2708/3873/2786 2771/3985/2874 2769/3983/2872
f 2767/3981/2870 2745/3929/2837 2754/3947/2852
f 2754/3947/2852 2769/3983/2872 2767/3981/2870
f 2745/3929/2837 2767/3981/2870 2765/3979/2868
f 2765/3979/2868 2738/3918/2827 2745/3929/2837
f 2763/3975/2864 2680/3841/2756 2738/3918/2827
f 2738/3918/2827 2765/3979/2868 2763/3975/2864
f 2763/3975/2864 2762/3978/2867 2681/3842/2757
f 2681/3842/2757 2680/3841/2756 2763/3975/2864
f 2690/4000/2768 2681/3999/2767 2762/3974/2863
f 2762/3974/2863 2761/3973/2862 2690/4000/2768
f 2690/3853/2768 2761/4001/2862 2759/4002/2860
f 2759/4002/2860 2692/3855/2770 2690/3853/2768
f 2692/3855/2770 2759/4002/2860 2760/4003/2861
f 2760/4003/2861 2696/3859/2774 2692/3855/2770

# Mesh
g LowPloy_Base2
usemtl lambert1
f 2786/4007/2894 2783/4004/2891 2784/4005/2892
f 2784/4005/2892 2785/4006/2893 2786/4007/2894
f 2788/4009/2896 2786/4007/2894 2785/4006/2893
f 2785/4006/2893 2787/4008/2895 2788/4009/2896
f 2789/4010/2897 2790/4011/2898 2791/4012/2899
f 2789/4010/2897 2791/4012/2899 2792/4013/2900
f 2796/4017/2904 2793/4014/2901 2794/4015/2902
f 2794/4015/2902 2795/4016/2903 2796/4017/2904
f 2798/4019/2906 2797/4018/2905 2793/4014/2901
f 2793/4014/2901 2796/4017/2904 2798/4019/2906
f 2802/4023/2910 2799/4020/2907 2800/4021/2908
f 2800/4021/2908 2801/4022/2909 2802/4023/2910
f 2804/4025/2912 2802/4023/2910 2801/4022/2909
f 2801/4022/2909 2803/4024/2911 2804/4025/2912
f 2808/4029/2916 2805/4026/2913 2806/4027/2914
f 2806/4027/2914 2807/4028/2915 2808/4029/2916
f 2810/4031/2918 2808/4029/2916 2807/4028/2915
f 2807/4028/2915 2809/4030/2917 2810/4031/2918
f 2812/4035/2922 2522/4032/2919 2510/4033/2920
f 2510/4033/2920 2811/4034/2921 2812/4035/2922
f 2814/4037/2924 2812/4035/2922 2811/4034/2921
f 2811/4034/2921 2813/4036/2923 2814/4037/2924
f 2816/4039/2926 2796/4017/2904 2795/4016/2903
f 2795/4016/2903 2815/4038/2925 2816/4039/2926
f 2819/4043/2930 2817/4040/2927 2818/4041/2928
f 2818/4041/2928 2504/4042/2929 2819/4043/2930
f 2817/4047/2927 2820/4044/2931 2821/4045/2932
f 2821/4045/2932 2818/4046/2928 2817/4047/2927
f 2798/4019/2906 2796/4017/2904 2816/4039/2926
f 2816/4039/2926 2822/4048/2933 2798/4019/2906
f 2824/4050/2935 2790/4011/2898 2789/4010/2897
f 2789/4010/2897 2823/4049/2934 2824/4050/2935
f 2828/4054/2939 2825/4051/2936 2826/4052/2937
f 2826/4052/2937 2827/4053/2938 2828/4054/2939
f 2830/4056/2941 2828/4054/2939 2827/4053/2938
f 2827/4053/2938 2829/4055/2940 2830/4056/2941
f 2834/4060/2945 2831/4057/2942 2832/4058/2943
f 2832/4058/2943 2833/4059/2944 2834/4060/2945
f 2838/4064/2949 2835/4061/2946 2836/4062/2947
f 2836/4062/2947 2837/4063/2948 2838/4064/2949
f 2840/4066/2951 2839/4065/2950 2793/4014/2901
f 2793/4014/2901 2797/4018/2905 2840/4066/2951
f 2839/4065/2950 2841/4067/2952 2794/4015/2902
f 2794/4015/2902 2793/4014/2901 2839/4065/2950
f 2817/4047/2927 2801/4022/2909 2800/4021/2908
f 2800/4021/2908 2820/4044/2931 2817/4047/2927
f 2819/4071/2930 2803/4068/2911 2801/4069/2909
f 2801/4069/2909 2817/4070/2927 2819/4071/2930
f 2845/4075/2956 2842/4072/2953 2843/4073/2954
f 2843/4073/2954 2844/4074/2955 2845/4075/2956
f 2842/4072/2953 2846/4076/2957 2847/4077/2958
f 2847/4077/2958 2843/4073/2954 2842/4072/2953
f 2816/4039/2926 2815/4038/2925 2805/4026/2913
f 2805/4026/2913 2808/4029/2916 2816/4039/2926
f 2822/4048/2933 2816/4039/2926 2808/4029/2916
f 2808/4029/2916 2810/4031/2918 2822/4048/2933
f 2837/4063/2948 2848/4078/2959 2849/4079/2960
f 2849/4079/2960 2838/4064/2949 2837/4063/2948
f 2833/4059/2944 2832/4058/2943 2850/4080/2961
f 2850/4080/2961 2851/4081/2962 2833/4059/2944
f 2813/4036/2923 2811/4034/2921 2818/4046/2928
f 2818/4046/2928 2821/4045/2932 2813/4036/2923
f 2811/4034/2921 2510/4033/2920 2504/4082/2929
f 2504/4082/2929 2818/4046/2928 2811/4034/2921
f 2812/4035/2922 2785/4083/2963 2784/4084/2964
f 2784/4084/2964 2522/4032/2919 2812/4035/2922
f 2814/4037/2924 2787/4085/2965 2785/4083/2963
f 2785/4083/2963 2812/4035/2922 2814/4037/2924
f 2834/4060/2945 2852/4086/2966 2853/4087/2967
f 2853/4087/2967 2831/4057/2942 2834/4060/2945
f 2835/4061/2946 2854/4088/2968 2855/4089/2969
f 2855/4089/2969 2836/4062/2947 2835/4061/2946
f 2807/4028/2915 2842/4090/2970 2845/4091/2971
f 2845/4091/2971 2809/4030/2917 2807/4028/2915
f 2806/4027/2914 2846/4092/2972 2842/4090/2970
f 2842/4090/2970 2807/4028/2915 2806/4027/2914
f 2829/4055/2940 2849/4079/2960 2848/4078/2959
f 2848/4078/2959 2830/4056/2941 2829/4055/2940
f 2856/4096/2973 2838/4093/2949 2849/4094/2960
f 2849/4094/2960 2829/4095/2940 2856/4096/2973
f 2857/4098/2974 2835/4097/2946 2838/4093/2949
f 2838/4093/2949 2856/4096/2973 2857/4098/2974
f 2857/4098/2974 2858/4099/2975 2854/4100/2968
f 2854/4100/2968 2835/4097/2946 2857/4098/2974
f 2859/4104/2979 2855/4101/2976 2854/4102/2977
f 2854/4102/2977 2858/4103/2978 2859/4104/2979
f 2861/4108/2983 2853/4105/2980 2852/4106/2981
f 2852/4106/2981 2860/4107/2982 2861/4108/2983
f 2831/4112/2942 2853/4109/2967 2861/4110/2984
f 2861/4110/2984 2862/4111/2985 2831/4112/2942
f 2863/4114/2986 2832/4113/2943 2831/4112/2942
f 2831/4112/2942 2862/4111/2985 2863/4114/2986
f 2824/4116/2935 2850/4115/2961 2832/4113/2943
f 2832/4113/2943 2863/4114/2986 2824/4116/2935
f 2823/4049/2934 2851/4081/2962 2850/4080/2961
f 2850/4080/2961 2824/4050/2935 2823/4049/2934
f 2859/4104/2979 2858/4103/2978 2845/4075/2956
f 2845/4075/2956 2844/4074/2955 2859/4104/2979
f 2809/4030/2988 2845/4091/2987 2858/4099/2975
f 2858/4099/2975 2857/4098/2974 2809/4030/2988
f 2857/4098/2974 2856/4096/2973 2810/4031/2918
f 2810/4031/2918 2809/4030/2988 2857/4098/2974
f 2856/4096/2973 2829/4095/2940 2822/4048/2933
f 2822/4048/2933 2810/4031/2918 2856/4096/2973
f 2829/4095/2940 2827/4117/2938 2798/4019/2906
f 2798/4019/2906 2822/4048/2933 2829/4095/2940
f 2827/4117/2938 2826/4118/2937 2797/4018/2905
f 2797/4018/2905 2798/4019/2906 2827/4117/2938
f 2826/4118/2937 2825/4119/2936 2840/4066/2951
f 2840/4066/2951 2797/4018/2905 2826/4118/2937
f 2792/4121/2900 2791/4120/2899 2800/4021/2908
f 2800/4021/2908 2799/4020/2907 2792/4121/2900
f 2791/4120/2899 2790/4122/2898 2820/4044/2931
f 2820/4044/2931 2800/4021/2908 2791/4120/2899
f 2790/4122/2898 2824/4116/2935 2821/4045/2932
f 2821/4045/2932 2820/4044/2931 2790/4122/2898
f 2824/4116/2935 2863/4114/2986 2813/4036/2923
f 2813/4036/2923 2821/4045/2932 2824/4116/2935
f 2863/4114/2986 2862/4111/2985 2814/4037/2924
f 2814/4037/2924 2813/4036/2923 2863/4114/2986
f 2814/4037/2924 2862/4111/2985 2861/4110/2984
f 2861/4110/2984 2787/4085/2965 2814/4037/2924
f 2860/4107/2982 2788/4009/2896 2787/4008/2895
f 2787/4008/2895 2861/4108/2983 2860/4107/2982
f 2867/4126/2992 2864/4123/2989 2865/4124/2990
f 2865/4124/2990 2866/4125/2991 2867/4126/2992
f 2864/4123/2989 2868/4127/2993 2869/4128/2994
f 2869/4128/2994 2865/4124/2990 2864/4123/2989
f 2871/4130/2996 2870/4129/2995 2869/4128/2994
f 2869/4128/2994 2868/4127/2993 2871/4130/2996
f 2873/4134/2998 2872/4131/2997 2870/4132/2995
f 2870/4132/2995 2871/4133/2996 2873/4134/2998
f 2873/4134/2998 2874/4135/2999 2875/4136/3000
f 2875/4136/3000 2872/4131/2997 2873/4134/2998
f 2874/4135/2999 2876/4137/3001 2877/4138/3002
f 2877/4138/3002 2875/4136/3000 2874/4135/2999
f 2879/4140/3004 2878/4139/3003 2877/4138/3002
f 2877/4138/3002 2876/4137/3001 2879/4140/3004
f 2879/4140/3004 2880/4141/3005 2881/4142/3006
f 2881/4142/3006 2878/4139/3003 2879/4140/3004
f 2880/4141/3005 2882/4143/3007 2883/4144/3008
f 2883/4144/3008 2881/4142/3006 2880/4141/3005
f 2885/4148/3012 2884/4145/3009 2883/4146/3010
f 2883/4146/3010 2882/4147/3011 2885/4148/3012
f 2887/4150/3014 2886/4149/3013 2884/4145/3009
f 2884/4145/3009 2885/4148/3012 2887/4150/3014
f 2889/4152/3016 2888/4151/3015 2886/4149/3013
f 2886/4149/3013 2887/4150/3014 2889/4152/3016
f 2892/4155/3019 2890/4153/3017 2888/4151/3015
f 2892/4155/3019 2888/4151/3015 2889/4152/3016
f 2889/4152/3016 2891/4154/3018 2892/4155/3019
f 2864/4157/2989 2867/4156/2992 2841/4067/2952
f 2841/4067/2952 2839/4065/2950 2864/4157/2989
f 2868/4161/2993 2864/4158/2989 2839/4159/2950
f 2839/4159/2950 2840/4160/2951 2868/4161/2993
f 2825/4163/2936 2871/4130/2996 2868/4127/2993
f 2868/4127/2993 2840/4162/2951 2825/4163/2936
f 2873/4134/2998 2871/4133/2996 2825/4051/2936
f 2825/4051/2936 2828/4054/2939 2873/4134/2998
f 2830/4056/2941 2874/4135/2999 2873/4134/2998
f 2873/4134/2998 2828/4054/2939 2830/4056/2941
f 2830/4056/2941 2848/4078/2959 2876/4137/3001
f 2876/4137/3001 2874/4135/2999 2830/4056/2941
f 2837/4063/2948 2879/4140/3004 2876/4137/3001
f 2876/4137/3001 2848/4078/2959 2837/4063/2948
f 2837/4063/2948 2836/4062/2947 2880/4141/3005
f 2880/4141/3005 2879/4140/3004 2837/4063/2948
f 2836/4062/2947 2855/4089/2969 2882/4143/3007
f 2882/4143/3007 2880/4141/3005 2836/4062/2947
f 2885/4148/3012 2882/4147/3011 2855/4101/2976
f 2855/4101/2976 2859/4104/2979 2885/4148/3012
f 2885/4148/3012 2859/4104/2979 2844/4074/2955
f 2844/4074/2955 2887/4150/3014 2885/4148/3012
f 2844/4074/2955 2843/4073/2954 2889/4152/3016
f 2889/4152/3016 2887/4150/3014 2844/4074/2955
f 2843/4073/2954 2847/4077/2958 2891/4154/3018
f 2891/4154/3018 2889/4152/3016 2843/4073/2954
f 2786/4007/2894 2888/4151/3015 2890/4153/3017
f 2890/4153/3017 2783/4004/2891 2786/4007/2894
f 2788/4009/2896 2886/4149/3013 2888/4151/3015
f 2888/4151/3015 2786/4007/2894 2788/4009/2896
f 2860/4107/2982 2884/4145/3009 2886/4149/3013
f 2886/4149/3013 2788/4009/2896 2860/4107/2982
f 2860/4107/2982 2852/4106/2981 2883/4146/3010
f 2883/4146/3010 2884/4145/3009 2860/4107/2982
f 2881/4142/3006 2883/4144/3008 2852/4086/2966
f 2852/4086/2966 2834/4060/2945 2881/4142/3006
f 2834/4060/2945 2833/4059/2944 2878/4139/3003
f 2878/4139/3003 2881/4142/3006 2834/4060/2945
f 2833/4059/2944 2851/4081/2962 2877/4138/3002
f 2877/4138/3002 2878/4139/3003 2833/4059/2944
f 2875/4136/3000 2877/4138/3002 2851/4081/2962
f 2851/4081/2962 2823/4049/2934 2875/4136/3000
f 2823/4049/2934 2789/4010/2897 2872/4131/2997
f 2872/4131/2997 2875/4136/3000 2823/4049/2934
f 2792/4013/2900 2870/4132/2995 2872/4131/2997
f 2872/4131/2997 2789/4010/2897 2792/4013/2900
f 2870/4129/2995 2792/4164/2900 2799/4165/2907
f 2799/4165/2907 2869/4128/2994 2870/4129/2995
f 2865/4167/2990 2869/4166/2994 2799/4020/2907
f 2799/4020/2907 2802/4023/2910 2865/4167/2990
f 2866/4168/2991 2865/4167/2990 2802/4023/2910
f 2802/4023/2910 2804/4025/2912 2866/4168/2991

# Mesh
g LowPloy_Circle_With_Bump_B1
usemtl lambert1
f 2900/4176/3020 2893/4169/3020 2894/4170/3020
f 2900/4176/3020 2894/4170/3020 2895/4171/3021
f 2900/4176/3020 2895/4171/3021 2896/4172/3021
f 2900/4176/3020 2896/4172/3021 2897/4173/3021
f 2900/4176/3020 2897/4173/3021 2898/4174/3021
f 2898/4174/3021 2899/4175/3020 2900/4176/3020
f 2897/4173/3021 2896/4172/3021 2895/4171/3021
f 2897/4173/3021 2895/4171/3021 2901/4177/3022
f 2897/4173/3021 2901/4177/3022 2902/4178/3022
f 2897/4173/3021 2902/4178/3022 2903/4179/3022
f 2897/4173/3021 2903/4179/3022 2904/4180/3022
f 2904/4180/3022 2898/4174/3021 2897/4173/3021
f 2903/4188/3022 2902/4181/3022 2901/4182/3022
f 2903/4188/3022 2901/4182/3022 2905/4183/3023
f 2903/4188/3022 2905/4183/3023 2906/4184/3023
f 2903/4188/3022 2906/4184/3023 2907/4185/3023
f 2903/4188/3022 2907/4185/3023 2908/4186/3023
f 2908/4186/3023 2904/4187/3022 2903/4188/3022
f 2907/4185/3023 2906/4184/3023 2905/4183/3023
f 2907/4185/3023 2905/4183/3023 2909/4189/3024
f 2907/4185/3023 2909/4189/3024 2910/4190/3025
f 2907/4185/3023 2910/4190/3025 2911/4191/3025
f 2907/4185/3023 2911/4191/3025 2912/4192/3024
f 2912/4192/3024 2908/4186/3023 2907/4185/3023
f 2913/4193/3026 2914/4194/3027 2915/4195/3026
f 2913/4193/3026 2915/4195/3026 2916/4196/3028
f 2913/4193/3026 2916/4196/3028 2917/4197/3029
f 2913/4193/3026 2917/4197/3029 2918/4198/3029
f 2913/4193/3026 2918/4198/3029 2919/4199/3030
f 2913/4193/3026 2919/4199/3030 2920/4200/3026
f 2913/4193/3026 2920/4200/3026 2921/4201/3026
f 2913/4193/3026 2921/4201/3026 2922/4202/3026
f 2919/4199/3030 2918/4198/3029 2917/4197/3029
f 2917/4197/3029 2916/4196/3028 2923/4203/3031
f 2917/4197/3029 2923/4203/3031 2924/4204/3031
f 2917/4197/3029 2924/4204/3031 2925/4205/3031
f 2917/4197/3029 2925/4205/3031 2926/4206/3031
f 2917/4197/3029 2926/4206/3031 2927/4207/3031
f 2917/4197/3029 2927/4207/3031 2928/4208/3031
f 2917/4197/3029 2928/4208/3031 2919/4199/3030
f 2938/4218/3032 2929/4209/3032 2930/4210/3032
f 2930/4210/3032 2931/4211/3032 2932/4212/3032
f 2930/4210/3032 2932/4212/3032 2933/4213/3033
f 2930/4210/3032 2933/4213/3033 2934/4214/3033
f 2930/4210/3032 2934/4214/3033 2935/4215/3033
f 2930/4210/3032 2935/4215/3033 2936/4216/3033
f 2930/4210/3032 2936/4216/3033 2937/4217/3032
f 2930/4210/3032 2937/4217/3032 2938/4218/3032
f 2946/4226/3034 2939/4219/3034 2940/4220/3035
f 2946/4226/3034 2940/4220/3035 2941/4221/3036
f 2946/4226/3034 2941/4221/3036 2942/4222/3036
f 2946/4226/3034 2942/4222/3036 2943/4223/3036
f 2946/4226/3034 2943/4223/3036 2944/4224/3036
f 2944/4224/3036 2945/4225/3034 2946/4226/3034
f 2952/4232/2855 2947/4227/3037 2944/4224/3036
f 2952/4232/2855 2944/4224/3036 2943/4223/3036
f 2952/4232/2855 2943/4223/3036 2942/4222/3036
f 2952/4232/2855 2942/4222/3036 2941/4221/3036
f 2952/4232/2855 2941/4221/3036 2948/4228/3037
f 2952/4232/2855 2948/4228/3037 2949/4229/2855
f 2949/4229/2855 2950/4230/2855 2951/4231/2855
f 2949/4229/2855 2951/4231/2855 2952/4232/2855
f 2951/4231/2855 2950/4230/2855 2949/4229/2855
f 2951/4231/2855 2949/4229/2855 2953/4233/3038
f 2951/4231/2855 2953/4233/3038 2954/4234/3038
f 2951/4231/2855 2954/4234/3038 2955/4235/3038
f 2951/4231/2855 2955/4235/3038 2956/4236/3038
f 2956/4236/3038 2952/4232/2855 2951/4231/2855
f 2955/4235/3038 2954/4234/3038 2953/4233/3038
f 2955/4235/3038 2953/4233/3038 2957/4237/3039
f 2955/4235/3038 2957/4237/3039 2958/4238/3039
f 2955/4235/3038 2958/4238/3039 2959/4239/3039
f 2955/4235/3038 2959/4239/3039 2960/4240/3039
f 2960/4240/3039 2956/4236/3038 2955/4235/3038
f 2959/4239/3039 2958/4238/3039 2957/4237/3039
f 2959/4239/3039 2957/4237/3039 2961/4241/3040
f 2959/4239/3039 2961/4241/3040 2962/4242/3040
f 2959/4239/3039 2962/4242/3040 2963/4243/3040
f 2959/4239/3039 2963/4243/3040 2964/4244/3040
f 2964/4244/3040 2960/4240/3039 2959/4239/3039
f 2963/4252/3040 2962/4245/3040 2961/4246/3040
f 2963/4252/3040 2961/4246/3040 2965/4247/3041
f 2963/4252/3040 2965/4247/3041 2966/4248/3041
f 2963/4252/3040 2966/4248/3041 2967/4249/3041
f 2963/4252/3040 2967/4249/3041 2968/4250/3041
f 2968/4250/3041 2964/4251/3040 2963/4252/3040
f 2967/4249/3041 2966/4248/3041 2965/4247/3041
f 2967/4249/3041 2965/4247/3041 2969/4253/3042
f 2967/4249/3041 2969/4253/3042 2970/4254/3042
f 2967/4249/3041 2970/4254/3042 2971/4255/3042
f 2967/4249/3041 2971/4255/3042 2972/4256/3042
f 2972/4256/3042 2968/4250/3041 2967/4249/3041
f 2971/4255/3042 2970/4254/3042 2969/4253/3042
f 2971/4255/3042 2969/4253/3042 2973/4257/3043
f 2971/4255/3042 2973/4257/3043 2974/4258/3043
f 2971/4255/3042 2974/4258/3043 2975/4259/3043
f 2971/4255/3042 2975/4259/3043 2976/4260/3043
f 2976/4260/3043 2972/4256/3042 2971/4255/3042
f 2975/4259/3043 2974/4258/3043 2973/4257/3043
f 2975/4259/3043 2973/4257/3043 2977/4261/3044
f 2975/4259/3043 2977/4261/3044 2978/4262/3044
f 2975/4259/3043 2978/4262/3044 2979/4263/3044
f 2975/4259/3043 2979/4263/3044 2980/4264/3044
f 2980/4264/3044 2976/4260/3043 2975/4259/3043
f 2979/4272/3044 2978/4265/3044 2977/4266/3044
f 2979/4272/3044 2977/4266/3044 2981/4267/3045
f 2979/4272/3044 2981/4267/3045 2982/4268/3045
f 2979/4272/3044 2982/4268/3045 2983/4269/3045
f 2979/4272/3044 2983/4269/3045 2984/4270/3045
f 2984/4270/3045 2980/4271/3044 2979/4272/3044
f 2983/4269/3045 2982/4268/3045 2981/4267/3045
f 2983/4269/3045 2981/4267/3045 2985/4273/3046
f 2983/4269/3045 2985/4273/3046 2986/4274/3046
f 2983/4269/3045 2986/4274/3046 2987/4275/3046
f 2983/4269/3045 2987/4275/3046 2988/4276/3046
f 2988/4276/3046 2984/4270/3045 2983/4269/3045
f 2987/4275/3046 2986/4274/3046 2985/4273/3046
f 2987/4275/3046 2985/4273/3046 2989/4277/3047
f 2987/4275/3046 2989/4277/3047 2990/4278/3047
f 2987/4275/3046 2990/4278/3047 2991/4279/3047
f 2987/4275/3046 2991/4279/3047 2992/4280/3047
f 2992/4280/3047 2988/4276/3046 2987/4275/3046
f 2991/4279/3047 2990/4278/3047 2989/4277/3047
f 2991/4279/3047 2989/4277/3047 2894/4170/3020
f 2991/4279/3047 2894/4170/3020 2893/4169/3020
f 2991/4279/3047 2893/4169/3020 2900/4176/3020
f 2991/4279/3047 2900/4176/3020 2899/4175/3020
f 2899/4175/3020 2992/4280/3047 2991/4279/3047
f 2993/4281/3048 2988/4282/3048 2992/4283/3048
f 2993/4281/3048 2992/4283/3048 2994/4284/3048
f 2993/4281/3048 2994/4284/3048 2995/4285/3048
f 2993/4281/3048 2995/4285/3048 2996/4286/3048
f 2996/4286/3048 2997/4287/3048 2998/4288/3048
f 2993/4281/3048 2996/4286/3048 2998/4288/3048
f 3004/4296/3048 2999/4289/3048 2898/4290/3048
f 3004/4296/3048 2898/4290/3048 2904/4291/3048
f 3004/4296/3048 2904/4291/3048 3000/4292/3048
f 3004/4296/3048 3000/4292/3048 3001/4293/3048
f 3004/4296/3048 3001/4293/3048 3002/4294/3048
f 3002/4294/3048 3003/4295/3048 3004/4296/3048
f 3005/4297/3048 2972/4298/3048 2976/4299/3048
f 3005/4297/3048 2976/4299/3048 3006/4300/3048
f 3005/4297/3048 3006/4300/3048 3007/4301/3048
f 3005/4297/3048 3007/4301/3048 3008/4302/3048
f 3008/4302/3048 3009/4303/3048 3010/4304/3048
f 3005/4297/3048 3008/4302/3048 3010/4304/3048
f 3007/4301/3048 3006/4300/3048 2976/4299/3048
f 3007/4301/3048 2976/4299/3048 2980/4305/3048
f 3007/4301/3048 2980/4305/3048 3011/4306/3048
f 3007/4301/3048 3011/4306/3048 3012/4307/3048
f 3007/4301/3048 3012/4307/3048 3013/4308/3048
f 3013/4308/3048 3008/4302/3048 3007/4301/3048
f 2994/4284/3048 2992/4283/3048 2899/4309/3048
f 2994/4284/3048 2899/4309/3048 3014/4310/3048
f 2994/4284/3048 3014/4310/3048 3015/4311/3048
f 2994/4284/3048 3015/4311/3048 3016/4312/3048
f 2994/4284/3048 3016/4312/3048 2996/4286/3048
f 2994/4284/3048 2996/4286/3048 2995/4285/3048
f 3014/4310/3048 2899/4309/3048 2898/4290/3048
f 3014/4310/3048 2898/4290/3048 2999/4289/3048
f 3014/4310/3048 2999/4289/3048 3004/4296/3048
f 3014/4310/3048 3004/4296/3048 3003/4295/3048
f 3014/4310/3048 3003/4295/3048 3016/4312/3048
f 3014/4310/3048 3016/4312/3048 3015/4311/3048
f 3000/4292/3048 2904/4291/3048 2908/4313/3048
f 3000/4292/3048 2908/4313/3048 3017/4314/3048
f 3000/4292/3048 3017/4314/3048 3018/4315/3048
f 3000/4292/3048 3018/4315/3048 3019/4316/3049
f 3000/4292/3048 3019/4316/3049 3002/4294/3048
f 3000/4292/3048 3002/4294/3048 3001/4293/3048
f 3017/4314/3048 2908/4313/3048 2912/4317/3048
f 3017/4314/3048 2912/4317/3048 3020/4318/3048
f 3017/4314/3048 3020/4318/3048 3021/4319/3048
f 3017/4314/3048 3021/4319/3048 3022/4320/3050
f 3022/4320/3050 3019/4316/3049 3018/4315/3048
f 3017/4314/3048 3022/4320/3050 3018/4315/3048
f 3020/4318/3051 2912/4317/3052 3023/4321/3053
f 3020/4318/3051 3023/4321/3053 3024/4322/3054
f 3020/4318/3051 3024/4322/3054 3025/4323/3051
f 3020/4318/3051 3025/4323/3051 3026/4324/3051
f 3020/4318/3051 3026/4324/3051 3027/4325/3055
f 3020/4318/3051 3027/4325/3055 3028/4326/3056
f 3020/4318/3051 3028/4326/3056 3022/4320/3057
f 3020/4318/3051 3022/4320/3057 3021/4319/3051
f 3026/4324/3048 3025/4323/3048 3024/4322/3054
f 3026/4324/3048 3024/4322/3054 3029/4327/3048
f 3026/4324/3048 3029/4327/3048 2938/4328/3048
f 3026/4324/3048 2938/4328/3048 3030/4329/3048
f 3026/4324/3048 3030/4329/3048 3031/4330/3048
f 3026/4324/3048 3031/4330/3048 3032/4331/3048
f 3026/4324/3048 3032/4331/3048 3033/4332/3048
f 3033/4332/3048 3027/4325/3048 3026/4324/3048
f 3037/4338/3048 3034/4333/3048 3032/4331/3048
f 3037/4338/3048 3032/4331/3048 3031/4330/3048
f 3037/4338/3048 3031/4330/3048 3030/4329/3048
f 3037/4338/3048 3030/4329/3048 2938/4328/3048
f 3037/4338/3048 2938/4328/3048 2937/4334/3048
f 3037/4338/3048 2937/4334/3048 2936/4335/3048
f 3037/4338/3048 2936/4335/3048 3035/4336/3048
f 3035/4336/3048 3036/4337/3048 3037/4338/3048
f 3038/4339/3048 2945/4340/3048 2944/4341/3048
f 3038/4339/3048 2944/4341/3048 3039/4342/3048
f 3038/4339/3048 3039/4342/3048 3040/4343/3048
f 3038/4339/3048 3040/4343/3048 3041/4344/3048
f 3038/4339/3048 3041/4344/3048 3042/4345/3048
f 3038/4339/3048 3042/4345/3048 3043/4346/3048
f 3039/4342/3048 2944/4341/3048 2947/4347/3048
f 3039/4342/3048 2947/4347/3048 3044/4348/3048
f 3039/4342/3048 3044/4348/3048 3045/4349/3048
f 3039/4342/3048 3045/4349/3048 3046/4350/3048
f 3039/4342/3048 3046/4350/3048 3041/4344/3048
f 3039/4342/3048 3041/4344/3048 3040/4343/3048
f 3047/4351/3048 2952/4352/3048 2956/4353/3048
f 3047/4351/3048 2956/4353/3048 3048/4354/3048
f 3047/4351/3048 3048/4354/3048 3049/4355/3048
f 3047/4351/3048 3049/4355/3048 3050/4356/3048
f 3047/4351/3048 3050/4356/3048 3051/4357/3048
f 3047/4351/3048 3051/4357/3048 3052/4358/3048
f 3053/4359/3048 2968/4360/3048 2972/4298/3048
f 3053/4359/3048 2972/4298/3048 3005/4297/3048
f 3053/4359/3048 3005/4297/3048 3010/4304/3048
f 3053/4359/3048 3010/4304/3048 3009/4303/3048
f 3009/4303/3048 3054/4361/3058 3055/4362/3048
f 3053/4359/3048 3009/4303/3048 3055/4362/3048
f 3056/4363/3048 2964/4364/3048 2968/4360/3048
f 3056/4363/3048 2968/4360/3048 3053/4359/3048
f 3056/4363/3048 3053/4359/3048 3055/4362/3048
f 3056/4363/3048 3055/4362/3048 3054/4361/3048
f 3054/4361/3048 3057/4365/3048 3058/4366/3048
f 3056/4363/3048 3054/4361/3048 3058/4366/3048
f 3059/4367/3048 2984/4368/3048 2988/4282/3048
f 3059/4367/3048 2988/4282/3048 2993/4281/3048
f 3059/4367/3048 2993/4281/3048 2998/4288/3048
f 3059/4367/3048 2998/4288/3048 2997/4287/3048
f 2997/4287/3048 3060/4369/3048 3061/4370/3048
f 3059/4367/3048 2997/4287/3048 3061/4370/3048
f 3049/4355/3048 3048/4354/3048 2956/4353/3048
f 3049/4355/3048 2956/4353/3048 2960/4371/3048
f 3049/4355/3048 2960/4371/3048 3062/4372/3048
f 3049/4355/3048 3062/4372/3048 3063/4373/3048
f 3049/4355/3048 3063/4373/3048 3064/4374/3048
f 3064/4374/3048 3050/4356/3048 3049/4355/3048
f 3063/4373/3048 3062/4372/3048 2960/4371/3048
f 3063/4373/3048 2960/4371/3048 2964/4364/3048
f 3063/4373/3048 2964/4364/3048 3056/4363/3048
f 3063/4373/3048 3056/4363/3048 3058/4366/3048
f 3063/4373/3048 3058/4366/3048 3057/4365/3048
f 3057/4365/3048 3064/4374/3048 3063/4373/3048
f 3012/4307/3048 3011/4306/3048 2980/4305/3048
f 3012/4307/3048 2980/4305/3048 2984/4368/3048
f 3012/4307/3048 2984/4368/3048 3059/4367/3048
f 3012/4307/3048 3059/4367/3048 3061/4370/3048
f 3012/4307/3048 3061/4370/3048 3060/4369/3048
f 3060/4369/3048 3013/4308/3048 3012/4307/3048
f 3066/4378/3059 2985/4375/3059 2981/4376/3059
f 2981/4376/3059 3065/4377/3059 3066/4378/3059
f 3068/4382/3059 2894/4379/3059 2989/4380/3059
f 2989/4380/3059 3067/4381/3059 3068/4382/3059
f 3067/4381/3059 2989/4380/3059 2985/4375/3059
f 2985/4375/3059 3066/4378/3059 3067/4381/3059
f 3070/4386/3059 2977/4383/3059 2973/4384/3059
f 2973/4384/3059 3069/4385/3059 3070/4386/3059
f 3069/4385/3061 2973/4384/3059 2969/4387/3059
f 2969/4387/3059 3071/4388/3060 3069/4385/3061
f 3072/4390/3059 2895/4389/3059 2894/4379/3059
f 2894/4379/3059 3068/4382/3059 3072/4390/3059
f 3074/4394/3064 2909/4391/3062 2905/4392/3062
f 2905/4392/3062 3073/4393/3063 3074/4394/3064
f 3073/4393/3059 2905/4392/3059 2901/4395/3059
f 2901/4395/3059 3075/4396/3059 3073/4393/3059
f 3075/4396/3059 2901/4395/3059 2895/4389/3059
f 2895/4389/3059 3072/4390/3059 3075/4396/3059
f 3065/4377/3059 2981/4376/3059 2977/4383/3059
f 2977/4383/3059 3070/4386/3059 3065/4377/3059
f 3071/4388/3059 2969/4387/3059 2965/4397/3059
f 2965/4397/3059 3076/4398/3059 3071/4388/3059
f 3076/4398/3059 2965/4397/3059 2961/4399/3059
f 2961/4399/3059 3077/4400/3059 3076/4398/3059
f 3077/4400/3059 2961/4399/3059 2957/4401/3059
f 2957/4401/3059 3078/4402/3059 3077/4400/3059
f 3078/4402/3059 2957/4401/3059 2953/4403/3059
f 2953/4403/3059 3079/4404/3059 3078/4402/3059
f 3079/4404/3059 2953/4403/3059 2949/4405/3059
f 2949/4405/3059 3080/4406/3059 3079/4404/3059
f 2949/4405/3059 2948/4407/3059 2941/4408/3059
f 2949/4405/3059 2941/4408/3059 3081/4409/3059
f 2949/4405/3059 3081/4409/3059 3082/4410/3059
f 3082/4410/3059 3080/4406/3059 2949/4405/3059
f 3081/4409/3059 2941/4408/3059 2940/4411/3059
f 2940/4411/3059 3083/4412/3059 3081/4409/3059
f 2932/4413/3059 2931/4414/3059 3084/4415/3065
f 2932/4413/3059 3084/4415/3065 3085/4416/3066
f 2932/4413/3059 3085/4416/3066 3086/4417/3067
f 2932/4413/3059 3086/4417/3067 2933/4418/3059
f 3087/4419/3059 3088/4420/3068 3089/4421/3059
f 3087/4419/3059 3089/4421/3059 3090/4422/3059
f 3087/4419/3059 3090/4422/3059 3084/4415/3059
f 3087/4419/3059 3084/4415/3059 2931/4414/3059
f 3088/4420/3068 3091/4423/3069 2909/4391/3070
f 3088/4420/3068 2909/4391/3070 3074/4394/3071
f 3088/4420/3068 3074/4394/3071 3092/4424/3072
f 3092/4424/3072 3089/4421/3073 3088/4420/3068
f 3100/4432/3074 3093/4425/3074 3094/4426/3074
f 3100/4432/3074 3094/4426/3074 3095/4427/3075
f 3100/4432/3074 3095/4427/3075 3096/4428/3075
f 3100/4432/3074 3096/4428/3075 3097/4429/3075
f 3100/4432/3074 3097/4429/3075 3098/4430/3075
f 3098/4430/3075 3099/4431/3074 3100/4432/3074
f 3108/4440/3076 3101/4433/3076 3102/4434/3076
f 3108/4440/3076 3102/4434/3076 3103/4435/3077
f 3108/4440/3076 3103/4435/3077 3104/4436/3077
f 3108/4440/3076 3104/4436/3077 3105/4437/3077
f 3108/4440/3076 3105/4437/3077 3106/4438/3077
f 3106/4438/3077 3107/4439/3076 3108/4440/3076
f 3105/4437/3077 3104/4436/3077 3103/4435/3077
f 3105/4437/3077 3103/4435/3077 3094/4426/3074
f 3105/4437/3077 3094/4426/3074 3093/4425/3074
f 3105/4437/3077 3093/4425/3074 3100/4432/3074
f 3105/4437/3077 3100/4432/3074 3099/4431/3074
f 3099/4431/3074 3106/4438/3077 3105/4437/3077
f 3116/4448/3078 3109/4441/3078 3110/4442/3078
f 3116/4448/3078 3110/4442/3078 3111/4443/3079
f 3116/4448/3078 3111/4443/3079 3112/4444/3079
f 3116/4448/3078 3112/4444/3079 3113/4445/3079
f 3116/4448/3078 3113/4445/3079 3114/4446/3079
f 3114/4446/3079 3115/4447/3078 3116/4448/3078
f 3113/4445/3079 3112/4444/3079 3111/4443/3079
f 3113/4445/3079 3111/4443/3079 3117/4449/3080
f 3113/4445/3079 3117/4449/3080 3118/4450/3080
f 3113/4445/3079 3118/4450/3080 3119/4451/3080
f 3113/4445/3079 3119/4451/3080 3120/4452/3080
f 3120/4452/3080 3114/4446/3079 3113/4445/3079
f 3124/4456/3081 3121/4453/3081 3122/4454/3081
f 3124/4456/3081 3122/4454/3081 3102/4434/3076
f 3124/4456/3081 3102/4434/3076 3101/4433/3076
f 3124/4456/3081 3101/4433/3076 3108/4440/3076
f 3124/4456/3081 3108/4440/3076 3107/4439/3076
f 3107/4439/3076 3123/4455/3081 3124/4456/3081
f 3132/4464/3082 3125/4457/3082 3126/4458/3082
f 3132/4464/3082 3126/4458/3082 3127/4459/3083
f 3132/4464/3082 3127/4459/3083 3128/4460/3084
f 3132/4464/3082 3128/4460/3084 3129/4461/3084
f 3132/4464/3082 3129/4461/3084 3130/4462/3084
f 3130/4462/3084 3131/4463/3082 3132/4464/3082
f 3129/4461/3084 3128/4460/3084 3127/4459/3083
f 3129/4461/3084 3127/4459/3083 3133/4465/3085
f 3129/4461/3084 3133/4465/3085 3134/4466/3086
f 3129/4461/3084 3134/4466/3086 3135/4467/3086
f 3129/4461/3084 3135/4467/3086 3136/4468/3086
f 3136/4468/3086 3130/4462/3084 3129/4461/3084
f 3135/4472/3086 3134/4469/3086 3133/4470/3085
f 3135/4472/3086 3133/4470/3085 3122/4454/3081
f 3135/4472/3086 3122/4454/3081 3121/4453/3081
f 3135/4472/3086 3121/4453/3081 3124/4456/3081
f 3135/4472/3086 3124/4456/3081 3123/4455/3081
f 3123/4455/3081 3136/4471/3086 3135/4472/3086
f 3097/4429/3075 3096/4428/3075 3095/4427/3075
f 3097/4429/3075 3095/4427/3075 3110/4473/3078
f 3097/4429/3075 3110/4473/3078 3109/4474/3078
f 3097/4429/3075 3109/4474/3078 3116/4475/3078
f 3097/4429/3075 3116/4475/3078 3115/4476/3078
f 3115/4476/3078 3098/4430/3075 3097/4429/3075
f 3119/4451/3080 3118/4450/3080 3117/4449/3080
f 3119/4451/3080 3117/4449/3080 3137/4477/3087
f 3119/4451/3080 3137/4477/3087 3138/4478/3087
f 3119/4451/3080 3138/4478/3087 3139/4479/3087
f 3119/4451/3080 3139/4479/3087 3140/4480/3087
f 3140/4480/3087 3120/4452/3080 3119/4451/3080
f 3139/4479/3087 3138/4478/3087 3137/4477/3087
f 3139/4479/3087 3137/4477/3087 3141/4481/3088
f 3139/4479/3087 3141/4481/3088 3142/4482/3088
f 3139/4479/3087 3142/4482/3088 3143/4483/3088
f 3139/4479/3087 3143/4483/3088 3144/4484/3088
f 3144/4484/3088 3140/4480/3087 3139/4479/3087
f 3143/4492/3088 3142/4485/3088 3141/4486/3088
f 3143/4492/3088 3141/4486/3088 3145/4487/3089
f 3143/4492/3088 3145/4487/3089 3146/4488/3089
f 3143/4492/3088 3146/4488/3089 3147/4489/3089
f 3143/4492/3088 3147/4489/3089 3148/4490/3089
f 3148/4490/3089 3144/4491/3088 3143/4492/3088
f 3147/4489/3089 3146/4488/3089 3145/4487/3089
f 3147/4489/3089 3145/4487/3089 3149/4493/3090
f 3147/4489/3089 3149/4493/3090 3150/4494/3090
f 3147/4489/3089 3150/4494/3090 3151/4495/3090
f 3147/4489/3089 3151/4495/3090 3152/4496/3090
f 3152/4496/3090 3148/4490/3089 3147/4489/3089
f 3151/4495/3090 3150/4494/3090 3149/4493/3090
f 3151/4495/3090 3149/4493/3090 3153/4497/3091
f 3151/4495/3090 3153/4497/3091 3154/4498/3091
f 3151/4495/3090 3154/4498/3091 3155/4499/3091
f 3151/4495/3090 3155/4499/3091 3156/4500/3091
f 3156/4500/3091 3152/4496/3090 3151/4495/3090
f 3153/4497/3091 3157/4501/3092 3158/4502/3093
f 3153/4497/3091 3158/4502/3093 3159/4503/3092
f 3153/4497/3091 3159/4503/3092 3160/4504/3092
f 3153/4497/3091 3160/4504/3092 3161/4505/3092
f 3153/4497/3091 3161/4505/3092 3162/4506/3092
f 3153/4497/3091 3162/4506/3092 3156/4500/3091
f 3153/4497/3091 3156/4500/3091 3155/4499/3091
f 3155/4499/3091 3154/4498/3091 3153/4497/3091
f 3172/4516/3095 3163/4507/3094 3164/4508/3095
f 3164/4508/3095 3165/4509/3096 3166/4510/3094
f 3164/4508/3095 3166/4510/3094 3167/4511/3097
f 3164/4508/3095 3167/4511/3097 3168/4512/3098
f 3164/4508/3095 3168/4512/3098 3169/4513/3098
f 3164/4508/3095 3169/4513/3098 3170/4514/3098
f 3164/4508/3095 3170/4514/3098 3171/4515/3095
f 3164/4508/3095 3171/4515/3095 3172/4516/3095
f 3169/4513/3098 3168/4512/3098 3167/4511/3097
f 3169/4513/3098 3167/4511/3097 3173/4517/3099
f 3169/4513/3098 3173/4517/3099 3174/4518/3100
f 3169/4513/3098 3174/4518/3100 3175/4519/3100
f 3169/4513/3098 3175/4519/3100 3176/4520/3100
f 3169/4513/3098 3176/4520/3100 3177/4521/3100
f 3169/4513/3098 3177/4521/3100 3178/4522/3099
f 3178/4522/3099 3170/4514/3098 3169/4513/3098
f 3182/4526/3101 3179/4523/3101 3180/4524/3102
f 3182/4526/3101 3180/4524/3102 3126/4458/3082
f 3182/4526/3101 3126/4458/3082 3125/4457/3082
f 3182/4526/3101 3125/4457/3082 3132/4464/3082
f 3182/4526/3101 3132/4464/3082 3131/4463/3082
f 3131/4463/3082 3181/4525/3101 3182/4526/3101
f 2935/4215/3033 2934/4214/3033 2933/4213/3033
f 2935/4215/3033 2933/4213/3033 2940/4220/3035
f 2935/4215/3033 2940/4220/3035 2939/4219/3034
f 2935/4215/3033 2939/4219/3034 2946/4226/3034
f 2935/4215/3033 2946/4226/3034 2945/4225/3034
f 2945/4225/3034 2936/4216/3033 2935/4215/3033
f 3035/4336/3048 2936/4335/3048 2945/4340/3048
f 3035/4336/3048 2945/4340/3048 3038/4339/3048
f 3035/4336/3048 3038/4339/3048 3043/4346/3048
f 3035/4336/3048 3043/4346/3048 3042/4345/3048
f 3042/4345/3048 3037/4338/3048 3036/4337/3048
f 3035/4336/3048 3042/4345/3048 3036/4337/3048
f 3083/4412/3059 2940/4411/3059 2933/4418/3059
f 2933/4418/3059 3086/4417/3067 3083/4412/3059
f 2997/4287/3048 3183/4527/3048 3099/4528/3048
f 2997/4287/3048 3099/4528/3048 3098/4529/3048
f 2997/4287/3048 3098/4529/3048 3184/4530/3048
f 3184/4530/3048 3060/4369/3048 2997/4287/3048
f 3060/4369/3048 3184/4530/3048 3098/4529/3048
f 3060/4369/3048 3098/4529/3048 3115/4531/3048
f 3060/4369/3048 3115/4531/3048 3185/4532/3048
f 3185/4532/3048 3013/4308/3048 3060/4369/3048
f 3185/4532/3048 3115/4531/3048 3114/4533/3048
f 3185/4532/3048 3114/4533/3048 3186/4534/3048
f 3185/4532/3048 3186/4534/3048 3008/4302/3048
f 3185/4532/3048 3008/4302/3048 3013/4308/3048
f 3186/4534/3048 3114/4533/3048 3120/4535/3048
f 3186/4534/3048 3120/4535/3048 3187/4536/3048
f 3186/4534/3048 3187/4536/3048 3009/4303/3048
f 3186/4534/3048 3009/4303/3048 3008/4302/3048
f 3187/4536/3103 3120/4535/3104 3140/4537/3104
f 3187/4536/3103 3140/4537/3104 3188/4538/3103
f 3187/4536/3103 3188/4538/3103 3054/4361/3058
f 3187/4536/3103 3054/4361/3058 3009/4303/3048
f 3054/4361/3048 3188/4538/3048 3140/4537/3048
f 3140/4537/3048 3144/4539/3048 3189/4540/3048
f 3140/4537/3048 3189/4540/3048 3057/4365/3048
f 3140/4537/3048 3057/4365/3048 3054/4361/3048
f 3057/4365/3048 3189/4540/3048 3144/4539/3048
f 3057/4365/3048 3144/4539/3048 3148/4541/3048
f 3057/4365/3048 3148/4541/3048 3190/4542/3048
f 3190/4542/3048 3064/4374/3048 3057/4365/3048
f 3190/4542/3048 3148/4541/3048 3152/4543/3048
f 3190/4542/3048 3152/4543/3048 3191/4544/3048
f 3190/4542/3048 3191/4544/3048 3050/4356/3048
f 3190/4542/3048 3050/4356/3048 3064/4374/3048
f 3050/4356/3048 3191/4544/3048 3152/4543/3048
f 3050/4356/3048 3152/4543/3048 3156/4545/3048
f 3050/4356/3048 3156/4545/3048 3192/4546/3048
f 3192/4546/3048 3051/4357/3048 3050/4356/3048
f 3046/4350/3048 3193/4547/3048 3162/4548/3048
f 3046/4350/3048 3162/4548/3048 3161/4549/3048
f 3046/4350/3048 3161/4549/3048 3194/4550/3048
f 3194/4550/3048 3041/4344/3048 3046/4350/3048
f 3171/4551/3048 3170/4552/3048 3195/4553/3048
f 3171/4551/3048 3195/4553/3048 3032/4331/3048
f 3171/4551/3048 3032/4331/3048 3034/4333/3048
f 3171/4551/3048 3034/4333/3048 3037/4338/3048
f 3171/4551/3048 3037/4338/3048 3196/4554/3048
f 3171/4551/3048 3196/4554/3048 3172/4555/3048
f 3170/4552/3048 3178/4556/3048 3177/4557/3048
f 3170/4552/3048 3177/4557/3048 3197/4558/3048
f 3170/4552/3048 3197/4558/3048 3027/4325/3048
f 3170/4552/3048 3027/4325/3048 3033/4332/3048
f 3033/4332/3048 3032/4331/3048 3195/4553/3048
f 3033/4332/3048 3195/4553/3048 3170/4552/3048
f 3181/4559/3105 3131/4560/3105 3198/4561/3105
f 3181/4559/3105 3198/4561/3105 3022/4320/3057
f 3181/4559/3105 3022/4320/3057 3028/4326/3056
f 3181/4559/3105 3028/4326/3056 3027/4325/3055
f 3181/4559/3105 3027/4325/3055 3197/4558/3105
f 3181/4559/3105 3197/4558/3105 3177/4557/3105
f 3022/4320/3050 3198/4561/3106 3131/4560/3107
f 3131/4560/3107 3130/4562/3106 3199/4563/3106
f 3131/4560/3107 3199/4563/3106 3019/4316/3049
f 3131/4560/3107 3019/4316/3049 3022/4320/3050
f 3199/4563/3108 3130/4562/3108 3136/4564/3109
f 3199/4563/3108 3136/4564/3109 3200/4565/3108
f 3199/4563/3108 3200/4565/3108 3002/4294/3048
f 3199/4563/3108 3002/4294/3048 3019/4316/3049
f 3200/4565/3048 3136/4564/3048 3123/4566/3048
f 3200/4565/3048 3123/4566/3048 3201/4567/3048
f 3200/4565/3048 3201/4567/3048 3003/4295/3048
f 3200/4565/3048 3003/4295/3048 3002/4294/3048
f 3201/4567/3048 3123/4566/3048 3107/4568/3048
f 3201/4567/3048 3107/4568/3048 3202/4569/3048
f 3201/4567/3048 3202/4569/3048 3016/4312/3048
f 3201/4567/3048 3016/4312/3048 3003/4295/3048
f 3016/4312/3048 3202/4569/3048 3107/4568/3048
f 3016/4312/3048 3107/4568/3048 3106/4570/3048
f 3016/4312/3048 3106/4570/3048 3203/4571/3048
f 3203/4571/3048 2996/4286/3048 3016/4312/3048
f 2996/4286/3048 3203/4571/3048 3106/4570/3048
f 2996/4286/3048 3106/4570/3048 3099/4528/3048
f 2996/4286/3048 3099/4528/3048 3183/4527/3048
f 3183/4527/3048 2997/4287/3048 2996/4286/3048
f 3066/4378/3059 3204/4572/3059 3094/4573/3059
f 3066/4378/3059 3094/4573/3059 3103/4574/3059
f 3066/4378/3059 3103/4574/3059 3205/4575/3059
f 3205/4575/3059 3067/4381/3059 3066/4378/3059
f 3205/4575/3059 3103/4574/3059 3102/4576/3059
f 3205/4575/3059 3102/4576/3059 3206/4577/3059
f 3205/4575/3059 3206/4577/3059 3068/4382/3059
f 3205/4575/3059 3068/4382/3059 3067/4381/3059
f 3206/4577/3059 3102/4576/3059 3122/4578/3059
f 3206/4577/3059 3122/4578/3059 3207/4579/3059
f 3206/4577/3059 3207/4579/3059 3072/4390/3059
f 3206/4577/3059 3072/4390/3059 3068/4382/3059
f 3072/4390/3059 3207/4579/3059 3122/4578/3059
f 3072/4390/3059 3122/4578/3059 3133/4580/3059
f 3072/4390/3059 3133/4580/3059 3208/4581/3059
f 3208/4581/3059 3075/4396/3059 3072/4390/3059
f 3075/4396/3059 3208/4581/3059 3133/4580/3059
f 3075/4396/3059 3133/4580/3059 3127/4582/3059
f 3075/4396/3059 3127/4582/3059 3209/4583/3059
f 3209/4583/3059 3073/4393/3059 3075/4396/3059
f 3073/4393/3063 3209/4583/3059 3127/4582/3059
f 3073/4393/3063 3127/4582/3059 3126/4584/3059
f 3073/4393/3063 3126/4584/3059 3210/4585/3059
f 3210/4585/3059 3074/4394/3064 3073/4393/3063
f 3089/4421/3073 3092/4424/3072 3074/4394/3071
f 3089/4421/3073 3074/4394/3071 3210/4585/3110
f 3089/4421/3073 3210/4585/3110 3126/4584/3111
f 3089/4421/3073 3126/4584/3111 3180/4586/3110
f 3089/4421/3073 3180/4586/3110 3174/4587/3111
f 3174/4587/3111 3211/4588/3110 3089/4421/3073
f 3084/4415/3059 3090/4422/3059 3089/4421/3059
f 3084/4415/3059 3089/4421/3059 3211/4588/3059
f 3084/4415/3059 3211/4588/3059 3174/4587/3059
f 3084/4415/3059 3174/4587/3059 3173/4589/3059
f 3084/4415/3059 3173/4589/3059 3167/4590/3059
f 3167/4590/3059 3212/4591/3059 3084/4415/3059
f 3085/4416/3066 3084/4415/3065 3212/4591/3112
f 3085/4416/3066 3212/4591/3112 3167/4590/3112
f 3085/4416/3066 3167/4590/3112 3166/4592/3113
f 3085/4416/3066 3166/4592/3113 3165/4593/3112
f 3085/4416/3066 3165/4593/3112 3213/4594/3112
f 3085/4416/3066 3213/4594/3112 3086/4417/3067
f 3082/4410/3059 3081/4409/3059 3214/4595/3059
f 3082/4410/3059 3214/4595/3059 3158/4596/3059
f 3082/4410/3059 3158/4596/3059 3157/4597/3059
f 3082/4410/3059 3157/4597/3059 3153/4598/3059
f 3082/4410/3059 3153/4598/3059 3215/4599/3059
f 3082/4410/3059 3215/4599/3059 3080/4406/3059
f 3080/4406/3059 3215/4599/3059 3153/4598/3059
f 3153/4598/3059 3149/4600/3059 3216/4601/3059
f 3153/4598/3059 3216/4601/3059 3079/4404/3059
f 3153/4598/3059 3079/4404/3059 3080/4406/3059
f 3216/4601/3059 3149/4600/3059 3145/4602/3059
f 3216/4601/3059 3145/4602/3059 3217/4603/3059
f 3216/4601/3059 3217/4603/3059 3078/4402/3059
f 3216/4601/3059 3078/4402/3059 3079/4404/3059
f 3078/4402/3059 3217/4603/3059 3145/4602/3059
f 3078/4402/3059 3145/4602/3059 3141/4604/3059
f 3078/4402/3059 3141/4604/3059 3218/4605/3059
f 3218/4605/3059 3077/4400/3059 3078/4402/3059
f 3218/4605/3059 3141/4604/3059 3137/4606/3059
f 3218/4605/3059 3137/4606/3059 3219/4607/3059
f 3218/4605/3059 3219/4607/3059 3076/4398/3059
f 3218/4605/3059 3076/4398/3059 3077/4400/3059
f 3219/4607/3059 3137/4606/3059 3117/4608/3059
f 3219/4607/3059 3117/4608/3059 3220/4609/3059
f 3219/4607/3059 3220/4609/3059 3071/4388/3059
f 3219/4607/3059 3071/4388/3059 3076/4398/3059
f 3071/4388/3060 3220/4609/3114 3117/4608/3115
f 3117/4608/3115 3111/4610/3115 3221/4611/3115
f 3117/4608/3115 3221/4611/3115 3069/4385/3061
f 3117/4608/3115 3069/4385/3061 3071/4388/3060
f 3069/4385/3059 3221/4611/3059 3111/4610/3059
f 3069/4385/3059 3111/4610/3059 3110/4612/3059
f 3069/4385/3059 3110/4612/3059 3222/4613/3059
f 3222/4613/3059 3070/4386/3059 3069/4385/3059
f 3070/4386/3059 3222/4613/3059 3110/4612/3059
f 3070/4386/3059 3110/4612/3059 3095/4614/3059
f 3070/4386/3059 3095/4614/3059 3223/4615/3059
f 3223/4615/3059 3065/4377/3059 3070/4386/3059
f 3223/4615/3059 3095/4614/3059 3094/4573/3059
f 3223/4615/3059 3094/4573/3059 3204/4572/3059
f 3223/4615/3059 3204/4572/3059 3066/4378/3059
f 3223/4615/3059 3066/4378/3059 3065/4377/3059
f 3041/4623/3116 3224/4616/3116 3225/4617/3116
f 3225/4617/3116 3081/4618/3116 3083/4619/3117
f 3225/4617/3116 3083/4619/3117 3226/4620/3117
f 3225/4617/3116 3226/4620/3117 3227/4621/3117
f 3225/4617/3116 3227/4621/3117 3042/4622/3117
f 3225/4617/3116 3042/4622/3117 3041/4623/3116
f 3160/4633/3118 3159/4624/3118 3158/4625/3119
f 3160/4633/3118 3158/4625/3119 3214/4626/3118
f 3160/4633/3118 3214/4626/3118 3081/4627/3118
f 3160/4633/3118 3081/4627/3118 3225/4628/3118
f 3160/4633/3118 3225/4628/3118 3224/4629/3118
f 3160/4633/3118 3224/4629/3118 3041/4630/3120
f 3160/4633/3118 3041/4630/3120 3194/4631/3118
f 3194/4631/3118 3161/4632/3118 3160/4633/3118
f 3228/4634/3121 3229/4635/3121 3086/4636/3122
f 3228/4634/3121 3086/4636/3122 3213/4637/3121
f 3228/4634/3121 3213/4637/3121 3165/4509/3122
f 3228/4634/3121 3165/4509/3122 3164/4508/3121
f 3228/4634/3121 3164/4508/3121 3163/4507/3123
f 3228/4634/3121 3163/4507/3123 3172/4516/3121
f 3228/4634/3121 3172/4516/3121 3196/4638/3121
f 3228/4634/3121 3196/4638/3121 3037/4639/3121
f 3042/4622/3117 3227/4621/3117 3226/4620/3117
f 3226/4620/3117 3083/4619/3117 3086/4640/3124
f 3226/4620/3117 3086/4640/3124 3229/4641/3124
f 3226/4620/3117 3229/4641/3124 3228/4642/3124
f 3226/4620/3117 3228/4642/3124 3037/4643/3124
f 3226/4620/3117 3037/4643/3124 3042/4622/3117
f 3230/4644/3125 2909/4391/3070 3091/4423/3069
f 3230/4644/3125 3091/4423/3069 3088/4420/3068
f 3230/4644/3125 3088/4420/3068 3231/4645/3126
f 3230/4644/3125 3231/4645/3126 2916/4646/3127
f 3230/4644/3125 2916/4646/3127 2915/4647/3125
f 3230/4644/3125 2915/4647/3125 2914/4648/3125
f 3023/4321/3053 2912/4317/3052 3232/4649/3048
f 3023/4321/3053 3232/4649/3048 3233/4650/3048
f 3023/4321/3053 3233/4650/3048 3234/4651/3048
f 3023/4321/3053 3234/4651/3048 3024/4322/3054
f 2921/4661/3130 3232/4652/3128 2912/4653/3129
f 2921/4661/3130 2912/4653/3129 2911/4654/3128
f 2921/4661/3130 2911/4654/3128 2910/4655/3128
f 2921/4661/3130 2910/4655/3128 2909/4656/3129
f 2921/4661/3130 2909/4656/3129 3230/4657/3128
f 2921/4661/3130 3230/4657/3128 2914/4658/3129
f 2914/4658/3129 2913/4659/3128 2922/4660/3128
f 2914/4658/3129 2922/4660/3128 2921/4661/3130
f 2916/4646/3127 3231/4645/3126 3088/4420/3068
f 2916/4646/3127 3088/4420/3068 3087/4419/3059
f 2916/4646/3127 3087/4419/3059 2931/4414/3059
f 2916/4646/3127 2931/4414/3059 3235/4662/3059
f 2916/4646/3127 3235/4662/3059 2924/4663/3059
f 2924/4663/3059 2923/4664/3059 2916/4646/3127
f 2924/4670/3131 3235/4665/3131 2931/4211/3131
f 2924/4670/3131 2931/4211/3131 2930/4210/3131
f 2924/4670/3131 2930/4210/3131 2929/4209/3131
f 2924/4670/3131 2929/4209/3131 2938/4218/3131
f 2924/4670/3131 2938/4218/3131 3236/4666/3131
f 2924/4670/3131 3236/4666/3131 2927/4667/3131
f 2927/4667/3131 2926/4668/3131 2925/4669/3131
f 2927/4667/3131 2925/4669/3131 2924/4670/3131
f 2938/4328/3048 3029/4327/3048 3024/4322/3054
f 2938/4328/3048 3024/4322/3054 3234/4651/3048
f 2938/4328/3048 3234/4651/3048 3237/4671/3048
f 3237/4671/3048 3236/4672/3048 2938/4328/3048
f 3044/4348/3048 2947/4347/3048 2952/4352/3048
f 3044/4348/3048 2952/4352/3048 3047/4351/3048
f 3044/4348/3048 3047/4351/3048 3052/4358/3048
f 3044/4348/3048 3052/4358/3048 3051/4357/3048
f 3044/4348/3048 3051/4357/3048 3046/4350/3048
f 3044/4348/3048 3046/4350/3048 3045/4349/3048
f 3192/4546/3048 3156/4545/3048 3162/4548/3048
f 3192/4546/3048 3162/4548/3048 3193/4547/3048
f 3192/4546/3048 3193/4547/3048 3046/4350/3048
f 3192/4546/3048 3046/4350/3048 3051/4357/3048
f 3234/4651/3048 3233/4650/3048 3232/4649/3048
f 3234/4651/3048 3232/4649/3048 2921/4673/3048
f 3234/4651/3048 2921/4673/3048 2920/4674/3048
f 2920/4674/3048 2919/4675/3048 3234/4651/3048
f 3236/4672/3048 3237/4671/3048 3234/4651/3048
f 3236/4672/3048 3234/4651/3048 2919/4675/3048
f 3236/4672/3048 2919/4675/3048 2928/4676/3048
f 2928/4676/3048 2927/4677/3048 3236/4672/3048
f 3176/4520/3100 3175/4519/3100 3174/4518/3100
f 3176/4520/3100 3174/4518/3100 3180/4524/3102
f 3176/4520/3100 3180/4524/3102 3179/4523/3101
f 3176/4520/3100 3179/4523/3101 3182/4526/3101
f 3176/4520/3100 3182/4526/3101 3181/4525/3101
f 3181/4525/3101 3177/4521/3100 3176/4520/3100

# Mesh
g LowPloy_Circle_With_Bimp_B2
usemtl lambert1
f 3241/4681/3135 3238/4678/3132 3239/4679/3133
f 3239/4679/3133 3240/4680/3134 3241/4681/3135
f 3243/4683/3137 3241/4681/3135 3240/4680/3134
f 3240/4680/3134 3242/4682/3136 3243/4683/3137
f 3243/4687/3137 3242/4684/3136 3244/4685/3138
f 3244/4685/3138 3245/4686/3139 3243/4687/3137
f 3247/4689/3141 3245/4686/3139 3244/4685/3138
f 3244/4685/3138 3246/4688/3140 3247/4689/3141
f 3251/4693/3145 3248/4690/3142 3249/4691/3143
f 3249/4691/3143 3250/4692/3144 3251/4693/3145
f 3253/4695/3147 3251/4693/3145 3250/4692/3144
f 3250/4692/3144 3252/4694/3146 3253/4695/3147
f 3257/4699/3151 3254/4696/3148 3255/4697/3149
f 3255/4697/3149 3256/4698/3150 3257/4699/3151
f 3261/4703/3155 3258/4700/3152 3259/4701/3153
f 3259/4701/3153 3260/4702/3154 3261/4703/3155
f 3260/4702/3154 3259/4701/3153 3262/4704/3156
f 3262/4704/3156 3263/4705/3157 3260/4702/3154
f 3265/4707/3159 3263/4705/3157 3262/4704/3156
f 3262/4704/3156 3264/4706/3158 3265/4707/3159
f 3267/4709/3161 3265/4707/3159 3264/4706/3158
f 3264/4706/3158 3266/4708/3160 3267/4709/3161
f 3269/4711/3163 3267/4709/3161 3266/4708/3160
f 3266/4708/3160 3268/4710/3162 3269/4711/3163
f 3271/4715/3165 3269/4712/3163 3268/4713/3162
f 3268/4713/3162 3270/4714/3164 3271/4715/3165
f 3273/4717/3167 3271/4715/3165 3270/4714/3164
f 3270/4714/3164 3272/4716/3166 3273/4717/3167
f 3275/4719/3169 3273/4717/3167 3272/4716/3166
f 3272/4716/3166 3274/4718/3168 3275/4719/3169
f 3277/4721/3171 3275/4719/3169 3274/4718/3168
f 3274/4718/3168 3276/4720/3170 3277/4721/3171
f 3279/4725/3173 3277/4722/3171 3276/4723/3170
f 3276/4723/3170 3278/4724/3172 3279/4725/3173
f 3281/4727/3175 3279/4725/3173 3278/4724/3172
f 3278/4724/3172 3280/4726/3174 3281/4727/3175
f 3283/4729/3177 3281/4727/3175 3280/4726/3174
f 3280/4726/3174 3282/4728/3176 3283/4729/3177
f 3238/4678/3132 3283/4729/3177 3282/4728/3176
f 3282/4728/3176 3239/4679/3133 3238/4678/3132
f 3285/4733/3179 3284/4730/3178 3281/4731/3175
f 3281/4731/3175 3283/4732/3177 3285/4733/3179
f 3287/4737/3181 3286/4734/3180 3241/4735/3135
f 3241/4735/3135 3243/4736/3137 3287/4737/3181
f 3289/4741/3183 3288/4738/3182 3273/4739/3167
f 3273/4739/3167 3275/4740/3169 3289/4741/3183
f 3290/4743/3185 3289/4741/3184 3275/4740/3169
f 3275/4740/3169 3277/4742/3171 3290/4743/3185
f 3291/4745/3186 3285/4733/3179 3283/4732/3177
f 3283/4732/3177 3238/4744/3132 3291/4745/3186
f 3286/4734/3180 3291/4745/3186 3238/4744/3132
f 3238/4744/3132 3241/4735/3135 3286/4734/3180
f 3287/4737/3181 3243/4736/3137 3245/4746/3139
f 3245/4746/3139 3292/4747/3187 3287/4737/3181
f 3292/4747/3189 3245/4746/3139 3247/4748/3141
f 3247/4748/3141 3293/4749/3188 3292/4747/3189
f 3295/4751/3193 3293/4749/3190 3247/4748/3191
f 3247/4748/3191 3294/4750/3192 3295/4751/3193
f 3296/4753/3196 3295/4751/3194 3294/4750/3192
f 3294/4750/3192 3257/4752/3195 3296/4753/3196
f 3297/4755/3198 3296/4753/3197 3257/4752/3151
f 3257/4752/3151 3256/4754/3150 3297/4755/3198
f 3299/4759/3200 3261/4756/3155 3260/4757/3154
f 3260/4757/3154 3298/4758/3199 3299/4759/3200
f 3298/4758/3202 3260/4757/3154 3263/4760/3157
f 3263/4760/3157 3300/4761/3201 3298/4758/3202
f 3301/4763/3204 3300/4761/3203 3263/4760/3157
f 3263/4760/3157 3265/4762/3159 3301/4763/3204
f 3288/4738/3206 3302/4764/3205 3271/4765/3165
f 3271/4765/3165 3273/4739/3167 3288/4738/3206
f 3302/4764/3208 3303/4766/3207 3269/4767/3163
f 3269/4767/3163 3271/4765/3165 3302/4764/3208
f 3284/4730/3210 3304/4768/3209 3279/4769/3173
f 3279/4769/3173 3281/4731/3175 3284/4730/3210
f 3305/4771/3212 3301/4763/3211 3265/4762/3159
f 3265/4762/3159 3267/4770/3161 3305/4771/3212
f 3303/4766/3214 3305/4771/3213 3267/4770/3161
f 3267/4770/3161 3269/4767/3163 3303/4766/3214
f 3304/4768/3216 3290/4743/3215 3277/4742/3171
f 3277/4742/3171 3279/4769/3173 3304/4768/3216
f 3307/4775/3217 3306/4772/3217 3280/4773/3174
f 3280/4773/3174 3278/4774/3172 3307/4775/3217
f 3309/4779/3217 3308/4776/3217 3239/4777/3133
f 3239/4777/3133 3282/4778/3176 3309/4779/3217
f 3306/4772/3217 3309/4779/3217 3282/4778/3176
f 3282/4778/3176 3280/4773/3174 3306/4772/3217
f 3311/4783/3217 3310/4780/3217 3276/4781/3170
f 3276/4781/3170 3274/4782/3168 3311/4783/3217
f 3312/4785/3217 3311/4783/3217 3274/4782/3168
f 3274/4782/3168 3272/4784/3166 3312/4785/3217
f 3308/4776/3217 3313/4786/3217 3240/4787/3134
f 3240/4787/3134 3239/4777/3133 3308/4776/3217
f 3315/4791/3218 3246/4788/3140 3244/4789/3138
f 3244/4789/3138 3314/4790/3218 3315/4791/3218
f 3316/4793/3217 3314/4790/3218 3244/4789/3138
f 3244/4789/3138 3242/4792/3136 3316/4793/3217
f 3313/4786/3217 3316/4793/3217 3242/4792/3136
f 3242/4792/3136 3240/4787/3134 3313/4786/3217
f 3310/4780/3217 3307/4775/3217 3278/4774/3172
f 3278/4774/3172 3276/4781/3170 3310/4780/3217
f 3317/4795/3217 3312/4785/3217 3272/4784/3166
f 3272/4784/3166 3270/4794/3164 3317/4795/3217
f 3318/4797/3217 3317/4795/3217 3270/4794/3164
f 3270/4794/3164 3268/4796/3162 3318/4797/3217
f 3319/4799/3217 3318/4797/3217 3268/4796/3162
f 3268/4796/3162 3266/4798/3160 3319/4799/3217
f 3320/4801/3217 3319/4799/3217 3266/4798/3160
f 3266/4798/3160 3264/4800/3158 3320/4801/3217
f 3321/4803/3217 3320/4801/3217 3264/4800/3158
f 3264/4800/3158 3262/4802/3156 3321/4803/3217
f 3323/4806/3220 3321/4803/3219 3262/4802/3156
f 3323/4806/3220 3262/4802/3156 3259/4804/3153
f 3259/4804/3153 3322/4805/3217 3323/4806/3220
f 3322/4805/3217 3259/4804/3153 3258/4807/3152
f 3258/4807/3152 3324/4808/3217 3322/4805/3217
f 3326/4812/3222 3255/4809/3149 3254/4810/3148
f 3254/4810/3148 3325/4811/3221 3326/4812/3222
f 3325/4811/3217 3254/4810/3223 3327/4813/3217
f 3325/4811/3217 3327/4813/3217 3328/4814/3217
f 3325/4811/3217 3328/4814/3217 3329/4815/3217
f 3327/4813/3217 3246/4788/3224 3315/4791/3217
f 3315/4791/3217 3328/4814/3217 3327/4813/3217
f 3331/4819/3228 3330/4816/3225 3306/4817/3226
f 3306/4817/3226 3307/4818/3227 3331/4819/3228
f 3333/4823/3232 3332/4820/3229 3308/4821/3230
f 3308/4821/3230 3309/4822/3231 3333/4823/3232
f 3330/4816/3225 3333/4823/3232 3309/4822/3231
f 3309/4822/3231 3306/4817/3226 3330/4816/3225
f 3335/4827/3236 3334/4824/3233 3310/4825/3234
f 3310/4825/3234 3311/4826/3235 3335/4827/3236
f 3336/4829/3238 3335/4827/3236 3311/4826/3235
f 3311/4826/3235 3312/4828/3237 3336/4829/3238
f 3332/4820/3229 3337/4830/3239 3313/4831/3240
f 3313/4831/3240 3308/4821/3230 3332/4820/3229
f 3339/4835/3244 3338/4832/3241 3315/4833/3242
f 3315/4833/3242 3314/4834/3243 3339/4835/3244
f 3340/4837/3246 3339/4835/3244 3314/4834/3243
f 3314/4834/3243 3316/4836/3245 3340/4837/3246
f 3337/4830/3239 3340/4838/3246 3316/4839/3245
f 3316/4839/3245 3313/4831/3240 3337/4830/3239
f 3334/4841/3233 3331/4819/3228 3307/4818/3227
f 3307/4818/3227 3310/4840/3234 3334/4841/3233
f 3341/4843/3248 3336/4829/3238 3312/4828/3237
f 3312/4828/3237 3317/4842/3247 3341/4843/3248
f 3342/4845/3250 3341/4843/3248 3317/4842/3247
f 3317/4842/3247 3318/4844/3249 3342/4845/3250
f 3343/4849/3252 3342/4846/3250 3318/4847/3249
f 3318/4847/3249 3319/4848/3251 3343/4849/3252
f 3344/4851/3254 3343/4849/3252 3319/4848/3251
f 3319/4848/3251 3320/4850/3253 3344/4851/3254
f 3345/4853/3255 3344/4851/3254 3320/4850/3253
f 3320/4850/3253 3321/4852/3219 3345/4853/3255
f 3321/4852/3219 3323/4854/3220 3346/4855/3256
f 3346/4855/3256 3345/4853/3255 3321/4852/3219
f 3349/4859/3260 3347/4856/3257 3329/4857/3258
f 3329/4857/3258 3348/4858/3259 3349/4859/3260
f 3348/4858/3259 3329/4857/3258 3328/4860/3261
f 3328/4860/3261 3350/4861/3262 3348/4858/3259
f 3256/4698/3150 3255/4697/3149 3258/4700/3152
f 3258/4700/3152 3261/4703/3155 3256/4698/3150
f 3297/4755/3198 3256/4754/3150 3261/4756/3263
f 3261/4756/3263 3299/4759/3200 3297/4755/3198
f 3324/4808/3217 3258/4807/3152 3255/4809/3149
f 3255/4809/3149 3326/4812/3222 3324/4808/3217
f 3284/4730/3210 3330/4862/3225 3331/4863/3228
f 3331/4863/3228 3304/4768/3209 3284/4730/3210
f 3304/4768/3216 3331/4863/3228 3334/4864/3233
f 3334/4864/3233 3290/4743/3215 3304/4768/3216
f 3290/4743/3185 3334/4864/3233 3335/4865/3236
f 3335/4865/3236 3289/4741/3184 3290/4743/3185
f 3289/4741/3183 3335/4865/3236 3336/4866/3238
f 3336/4866/3238 3288/4738/3182 3289/4741/3183
f 3288/4738/3206 3336/4866/3238 3341/4867/3248
f 3341/4867/3248 3302/4764/3205 3288/4738/3206
f 3302/4764/3208 3341/4867/3248 3342/4868/3250
f 3342/4868/3250 3303/4766/3207 3302/4764/3208
f 3303/4766/3214 3342/4868/3250 3343/4869/3252
f 3303/4766/3214 3343/4869/3252 3351/4870/3264
f 3351/4870/3264 3305/4771/3213 3303/4766/3214
f 3305/4771/3212 3351/4870/3265 3343/4869/3252
f 3305/4771/3212 3343/4869/3252 3344/4871/3254
f 3344/4871/3254 3301/4763/3211 3305/4771/3212
f 3301/4763/3204 3344/4871/3254 3345/4872/3255
f 3345/4872/3255 3300/4761/3203 3301/4763/3204
f 3345/4872/3267 3346/4873/3266 3298/4758/3202
f 3298/4758/3202 3300/4761/3201 3345/4872/3267
f 3297/4755/3198 3349/4874/3260 3348/4875/3259
f 3348/4875/3259 3296/4753/3197 3297/4755/3198
f 3296/4753/3196 3348/4875/3259 3350/4876/3262
f 3350/4876/3262 3295/4751/3194 3296/4753/3196
f 3350/4876/3262 3338/4877/3241 3293/4749/3190
f 3293/4749/3190 3295/4751/3193 3350/4876/3262
f 3293/4749/3188 3338/4877/3241 3339/4878/3244
f 3339/4878/3244 3292/4747/3189 3293/4749/3188
f 3292/4747/3187 3339/4878/3244 3340/4879/3246
f 3340/4879/3246 3287/4737/3181 3292/4747/3187
f 3287/4737/3181 3340/4879/3246 3337/4880/3239
f 3337/4880/3239 3286/4734/3180 3287/4737/3181
f 3286/4734/3180 3337/4880/3239 3332/4881/3229
f 3332/4881/3229 3291/4745/3186 3286/4734/3180
f 3291/4745/3186 3332/4881/3229 3333/4882/3232
f 3333/4882/3232 3285/4733/3179 3291/4745/3186
f 3285/4733/3179 3333/4882/3267 3330/4862/3267
f 3330/4862/3267 3284/4730/3178 3285/4733/3179
f 3347/4883/3269 3326/4812/3222 3325/4811/3221
f 3325/4811/3221 3329/4815/3268 3347/4883/3269
f 3298/4887/3199 3322/4884/3270 3324/4885/3271
f 3324/4885/3271 3299/4886/3200 3298/4887/3199
f 3346/4891/3266 3323/4888/3272 3322/4889/3272
f 3322/4889/3272 3298/4890/3202 3346/4891/3266
f 3349/4859/3260 3297/4892/3198 3326/4893/3273
f 3326/4893/3273 3347/4856/3274 3349/4859/3260
f 3297/4895/3198 3299/4886/3200 3324/4885/3271
f 3324/4885/3271 3326/4894/3275 3297/4895/3198
f 3250/4897/3144 3249/4896/3143 3246/4788/3224
f 3246/4788/3224 3327/4813/3217 3250/4897/3144
f 3248/4899/3142 3251/4898/3145 3294/4750/3192
f 3294/4750/3192 3247/4748/3191 3248/4899/3142
f 3249/4903/3143 3248/4900/3142 3247/4901/3191
f 3247/4901/3191 3246/4902/3224 3249/4903/3143
f 3252/4905/3146 3250/4897/3144 3327/4813/3217
f 3252/4905/3146 3327/4813/3217 3254/4810/3223
f 3254/4810/3223 3352/4904/3276 3252/4905/3146
f 3252/4908/3277 3352/4906/3276 3254/4696/3223
f 3252/4908/3277 3254/4696/3223 3257/4699/3195
f 3257/4699/3195 3253/4907/3147 3252/4908/3277
f 3251/4898/3145 3253/4909/3147 3257/4752/3195
f 3257/4752/3195 3294/4750/3192 3251/4898/3145
f 3350/4861/3262 3328/4860/3261 3315/4833/3242
f 3315/4833/3242 3338/4832/3241 3350/4861/3262

# Mesh
g LowPloy_Button1
usemtl lambert1
f 3356/4913/3278 3353/4910/3278 3354/4911/3279
f 3354/4911/3279 3355/4912/3279 3356/4913/3278
f 3355/4912/3279 3354/4911/3279 3357/4914/3280
f 3357/4914/3280 3358/4915/3280 3355/4912/3279
f 3358/4919/3280 3357/4916/3280 3359/4917/3281
f 3359/4917/3281 3360/4918/3281 3358/4919/3280
f 3360/4918/3281 3359/4917/3281 3361/4920/3282
f 3361/4920/3282 3362/4921/3282 3360/4918/3281
f 3362/4921/3282 3361/4920/3282 3363/4922/3283
f 3363/4922/3283 3364/4923/3283 3362/4921/3282
f 3364/4923/3283 3363/4922/3283 3365/4924/3284
f 3365/4924/3284 3366/4925/3284 3364/4923/3283
f 3366/4929/3284 3365/4926/3284 3367/4927/3285
f 3367/4927/3285 3368/4928/3285 3366/4929/3284
f 3368/4928/3285 3367/4927/3285 3369/4930/3286
f 3369/4930/3286 3370/4931/3286 3368/4928/3285
f 3370/4931/3286 3369/4930/3286 3371/4932/3287
f 3371/4932/3287 3372/4933/3287 3370/4931/3286
f 3372/4933/3287 3371/4932/3287 3373/4934/3288
f 3373/4934/3288 3374/4935/3288 3372/4933/3287
f 3374/4935/3288 3373/4934/3288 3375/4936/3289
f 3375/4936/3289 3376/4937/3289 3374/4935/3288
f 3376/4937/3289 3375/4936/3289 3377/4938/3290
f 3377/4938/3290 3378/4939/3290 3376/4937/3289
f 3378/4943/3290 3377/4940/3290 3379/4941/3291
f 3379/4941/3291 3380/4942/3291 3378/4943/3290
f 3380/4942/3291 3379/4941/3291 3381/4944/3292
f 3381/4944/3292 3382/4945/3292 3380/4942/3291
f 3382/4945/3292 3381/4944/3292 3383/4946/3293
f 3383/4946/3293 3384/4947/3293 3382/4945/3292
f 3384/4947/3293 3383/4946/3293 3385/4948/3294
f 3385/4948/3294 3386/4949/3294 3384/4947/3293
f 3386/4953/3294 3385/4950/3294 3387/4951/711
f 3387/4951/711 3388/4952/711 3386/4953/3294
f 3388/4952/711 3387/4951/711 3389/4954/3295
f 3389/4954/3295 3390/4955/3295 3388/4952/711
f 3390/4955/3295 3389/4954/3295 3391/4956/3296
f 3391/4956/3296 3392/4957/3296 3390/4955/3295
f 3392/4957/3296 3391/4956/3296 3353/4910/3278
f 3353/4910/3278 3356/4913/3278 3392/4957/3296
f 3390/4961/163 3392/4958/163 3393/4959/163
f 3393/4959/163 3394/4960/163 3390/4961/163
f 3355/4965/163 3358/4962/163 3395/4963/163
f 3395/4963/163 3396/4964/163 3355/4965/163
f 3382/4969/163 3384/4966/163 3386/4967/163
f 3386/4967/163 3397/4968/163 3382/4969/163
f 3392/4958/163 3356/4970/163 3398/4971/163
f 3398/4971/163 3393/4959/163 3392/4958/163
f 3356/4970/163 3355/4965/163 3396/4964/163
f 3396/4964/163 3398/4971/163 3356/4970/163
f 3360/4973/163 3362/4972/163 3395/4963/163
f 3395/4963/163 3358/4962/163 3360/4973/163
f 3362/4972/163 3364/4974/163 3366/4975/163
f 3366/4975/163 3395/4963/163 3362/4972/163
f 3366/4975/163 3368/4976/163 3396/4964/163
f 3396/4964/163 3395/4963/163 3366/4975/163
f 3368/4976/163 3370/4977/163 3398/4971/163
f 3398/4971/163 3396/4964/163 3368/4976/163
f 3370/4977/163 3372/4978/163 3393/4959/163
f 3393/4959/163 3398/4971/163 3370/4977/163
f 3372/4978/163 3374/4979/163 3394/4960/163
f 3394/4960/163 3393/4959/163 3372/4978/163
f 3380/4981/163 3382/4969/163 3397/4968/163
f 3397/4968/163 3378/4980/163 3380/4981/163
f 3388/4983/163 3390/4961/163 3394/4960/163
f 3394/4960/163 3399/4982/163 3388/4983/163
f 3374/4979/163 3376/4984/163 3399/4982/163
f 3399/4982/163 3394/4960/163 3374/4979/163
f 3376/4984/163 3378/4980/163 3397/4968/163
f 3397/4968/163 3399/4982/163 3376/4984/163
f 3386/4967/163 3388/4983/163 3399/4982/163
f 3399/4982/163 3397/4968/163 3386/4967/163
f 3401/4988/175 3389/4985/175 3387/4986/175
f 3387/4986/175 3400/4987/175 3401/4988/175
f 3403/4992/175 3353/4989/175 3391/4990/175
f 3391/4990/175 3402/4991/175 3403/4992/175
f 3402/4991/175 3391/4990/175 3389/4985/175
f 3389/4985/175 3401/4988/175 3402/4991/175
f 3385/4996/175 3383/4993/175 3381/4994/175
f 3381/4994/175 3404/4995/175 3385/4996/175
f 3405/4998/175 3354/4997/175 3353/4989/175
f 3353/4989/175 3403/4992/175 3405/4998/175
f 3406/5002/175 3361/4999/175 3359/5000/175
f 3359/5000/175 3357/5001/175 3406/5002/175
f 3406/5002/175 3357/5001/175 3354/4997/175
f 3354/4997/175 3405/4998/175 3406/5002/175
f 3400/4987/175 3387/4986/175 3385/4996/175
f 3385/4996/175 3404/4995/175 3400/4987/175
f 3404/4995/175 3381/4994/175 3379/5003/175
f 3379/5003/175 3377/5004/175 3404/4995/175
f 3404/4995/175 3377/5004/175 3375/5005/175
f 3375/5005/175 3400/4987/175 3404/4995/175
f 3400/4987/175 3375/5005/175 3373/5006/175
f 3373/5006/175 3401/4988/175 3400/4987/175
f 3401/4988/175 3373/5006/175 3371/5007/175
f 3371/5007/175 3402/4991/175 3401/4988/175
f 3402/4991/175 3371/5007/175 3369/5008/175
f 3369/5008/175 3403/4992/175 3402/4991/175
f 3403/4992/175 3369/5008/175 3367/5009/175
f 3367/5009/175 3405/4998/175 3403/4992/175
f 3405/4998/175 3367/5009/175 3365/5010/175
f 3365/5010/175 3406/5002/175 3405/4998/175
f 3365/5010/175 3363/5011/175 3361/4999/175
f 3361/4999/175 3406/5002/175 3365/5010/175

# Mesh
g LowPoly_Button2
usemtl lambert1
f 3410/5015/3278 3407/5012/3278 3408/5013/3279
f 3408/5013/3279 3409/5014/3279 3410/5015/3278
f 3409/5014/3279 3408/5013/3279 3411/5016/3280
f 3411/5016/3280 3412/5017/3280 3409/5014/3279
f 3412/5021/3280 3411/5018/3280 3413/5019/3281
f 3413/5019/3281 3414/5020/3281 3412/5021/3280
f 3414/5020/3281 3413/5019/3281 3415/5022/3282
f 3415/5022/3282 3416/5023/3282 3414/5020/3281
f 3416/5023/3282 3415/5022/3282 3417/5024/3283
f 3417/5024/3283 3418/5025/3283 3416/5023/3282
f 3418/5025/3283 3417/5024/3283 3419/5026/3284
f 3419/5026/3284 3420/5027/3284 3418/5025/3283
f 3420/5031/3284 3419/5028/3284 3421/5029/3285
f 3421/5029/3285 3422/5030/3285 3420/5031/3284
f 3422/5030/3285 3421/5029/3285 3423/5032/3286
f 3423/5032/3286 3424/5033/3286 3422/5030/3285
f 3424/5033/3286 3423/5032/3286 3425/5034/2855
f 3425/5034/2855 3426/5035/2855 3424/5033/3286
f 3426/5035/2855 3425/5034/2855 3427/5036/3297
f 3427/5036/3297 3428/5037/3297 3426/5035/2855
f 3428/5037/3297 3427/5036/3297 3429/5038/3289
f 3429/5038/3289 3430/5039/3289 3428/5037/3297
f 3430/5039/3289 3429/5038/3289 3431/5040/3290
f 3431/5040/3290 3432/5041/3290 3430/5039/3289
f 3432/5045/3290 3431/5042/3290 3433/5043/3291
f 3433/5043/3291 3434/5044/3291 3432/5045/3290
f 3434/5044/3291 3433/5043/3291 3435/5046/3292
f 3435/5046/3292 3436/5047/3292 3434/5044/3291
f 3436/5047/3292 3435/5046/3292 3437/5048/3293
f 3437/5048/3293 3438/5049/3293 3436/5047/3292
f 3438/5049/3293 3437/5048/3293 3439/5050/3294
f 3439/5050/3294 3440/5051/3294 3438/5049/3293
f 3440/5055/3294 3439/5052/3294 3441/5053/711
f 3441/5053/711 3442/5054/711 3440/5055/3294
f 3442/5054/711 3441/5053/711 3443/5056/3295
f 3443/5056/3295 3444/5057/3295 3442/5054/711
f 3444/5057/3295 3443/5056/3295 3445/5058/3296
f 3445/5058/3296 3446/5059/3296 3444/5057/3295
f 3446/5059/3296 3445/5058/3296 3407/5012/3278
f 3407/5012/3278 3410/5015/3278 3446/5059/3296
f 3444/5063/163 3446/5060/163 3447/5061/163
f 3447/5061/163 3448/5062/163 3444/5063/163
f 3409/5067/163 3412/5064/163 3449/5065/163
f 3449/5065/163 3450/5066/163 3409/5067/163
f 3436/5071/163 3438/5068/163 3440/5069/163
f 3440/5069/163 3451/5070/163 3436/5071/163
f 3446/5060/163 3410/5072/163 3452/5073/163
f 3452/5073/163 3447/5061/163 3446/5060/163
f 3410/5072/163 3409/5067/163 3450/5066/163
f 3450/5066/163 3452/5073/163 3410/5072/163
f 3414/5075/163 3416/5074/163 3449/5065/163
f 3449/5065/163 3412/5064/163 3414/5075/163
f 3416/5074/163 3418/5076/163 3420/5077/163
f 3420/5077/163 3449/5065/163 3416/5074/163
f 3420/5077/163 3422/5078/163 3450/5066/163
f 3450/5066/163 3449/5065/163 3420/5077/163
f 3422/5078/163 3424/5079/163 3452/5073/163
f 3452/5073/163 3450/5066/163 3422/5078/163
f 3424/5079/163 3426/5080/163 3447/5061/163
f 3447/5061/163 3452/5073/163 3424/5079/163
f 3426/5080/163 3428/5081/163 3448/5062/163
f 3448/5062/163 3447/5061/163 3426/5080/163
f 3434/5083/163 3436/5071/163 3451/5070/163
f 3451/5070/163 3432/5082/163 3434/5083/163
f 3442/5085/163 3444/5063/163 3448/5062/163
f 3448/5062/163 3453/5084/163 3442/5085/163
f 3428/5081/163 3430/5086/163 3453/5084/163
f 3453/5084/163 3448/5062/163 3428/5081/163
f 3430/5086/163 3432/5082/163 3451/5070/163
f 3451/5070/163 3453/5084/163 3430/5086/163
f 3440/5069/163 3442/5085/163 3453/5084/163
f 3453/5084/163 3451/5070/163 3440/5069/163
f 3455/5090/175 3443/5087/175 3441/5088/175
f 3441/5088/175 3454/5089/175 3455/5090/175
f 3457/5094/175 3407/5091/175 3445/5092/175
f 3445/5092/175 3456/5093/175 3457/5094/175
f 3456/5093/175 3445/5092/175 3443/5087/175
f 3443/5087/175 3455/5090/175 3456/5093/175
f 3458/5098/175 3439/5095/175 3437/5096/175
f 3437/5096/175 3435/5097/175 3458/5098/175
f 3459/5100/175 3408/5099/175 3407/5091/175
f 3407/5091/175 3457/5094/175 3459/5100/175
f 3460/5104/175 3415/5101/175 3413/5102/175
f 3413/5102/175 3411/5103/175 3460/5104/175
f 3460/5104/175 3411/5103/175 3408/5099/175
f 3408/5099/175 3459/5100/175 3460/5104/175
f 3454/5089/175 3441/5088/175 3439/5095/175
f 3439/5095/175 3458/5098/175 3454/5089/175
f 3435/5097/175 3433/5105/175 3431/5106/175
f 3431/5106/175 3458/5098/175 3435/5097/175
f 3458/5098/175 3431/5106/175 3429/5107/175
f 3429/5107/175 3454/5089/175 3458/5098/175
f 3454/5089/175 3429/5107/175 3427/5108/175
f 3427/5108/175 3455/5090/175 3454/5089/175
f 3455/5090/175 3427/5108/175 3425/5109/175
f 3425/5109/175 3456/5093/175 3455/5090/175
f 3456/5093/175 3425/5109/175 3423/5110/175
f 3423/5110/175 3457/5094/175 3456/5093/175
f 3457/5094/175 3423/5110/175 3421/5111/175
f 3421/5111/175 3459/5100/175 3457/5094/175
f 3459/5100/175 3421/5111/175 3419/5112/175
f 3419/5112/175 3460/5104/175 3459/5100/175
f 3419/5112/175 3417/5113/175 3415/5101/175
f 3415/5101/175 3460/5104/175 3419/5112/175

# Mesh
g LowPoly_BasePlate
usemtl lambert1
f 3461/5114/3298 3462/5115/3299 3463/5116/3300
f 3465/5118/3302 3464/5117/3301 3463/5116/3300
f 3463/5116/3300 3462/5115/3299 3465/5118/3302
f 3469/5122/3306 3466/5119/3303 3467/5120/3304
f 3467/5120/3304 3468/5121/3305 3469/5122/3306
f 3470/5123/3307 3466/5119/3303 3469/5122/3306
f 3471/5124/3308 3472/5125/3309 3473/5126/3310
f 3475/5128/3312 3474/5127/3311 3471/5124/3308
f 3471/5124/3308 3473/5126/3310 3475/5128/3312
f 3479/5132/3316 3476/5129/3313 3477/5130/3314
f 3477/5130/3314 3478/5131/3315 3479/5132/3316
f 3477/5130/3314 3480/5133/3317 3478/5131/3315
f 3475/5137/3321 3464/5134/3318 3465/5135/3319
f 3465/5135/3319 3474/5136/3320 3475/5137/3321
f 3484/5141/3325 3481/5138/3322 3482/5139/3323
f 3482/5139/3323 3483/5140/3324 3484/5141/3325
f 3488/5145/3329 3485/5142/3326 3486/5143/3327
f 3486/5143/3327 3487/5144/3328 3488/5145/3329
f 3482/5139/3323 3489/5146/3330 3490/5147/3331
f 3490/5147/3331 3483/5140/3324 3482/5139/3323
f 3492/5149/3333 3485/5142/3326 3488/5145/3329
f 3488/5145/3329 3491/5148/3332 3492/5149/3333
f 3494/5151/3335 3490/5147/3331 3489/5146/3330
f 3489/5146/3330 3493/5150/3334 3494/5151/3335
f 3492/5149/3333 3491/5148/3332 3495/5152/3336
f 3495/5152/3336 3496/5153/3337 3492/5149/3333
f 3497/5155/3339 3472/5154/3338 3496/5153/3337
f 3496/5153/3337 3495/5152/3336 3497/5155/3339
f 3498/5156/3340 3480/5157/3341 3470/5158/3342
f 3463/5161/3345 3473/5159/3343 3472/5154/3338
f 3472/5154/3338 3461/5160/3344 3463/5161/3345
f 3464/5163/3347 3475/5162/3346 3473/5159/3343
f 3473/5159/3343 3463/5161/3345 3464/5163/3347
f 3476/5167/3351 3467/5164/3348 3466/5165/3349
f 3466/5165/3349 3477/5166/3350 3476/5167/3351
f 3468/5171/3355 3467/5168/3352 3476/5169/3353
f 3476/5169/3353 3479/5170/3354 3468/5171/3355
f 3470/5158/3357 3480/5157/3356 3477/5166/3350
f 3477/5166/3350 3466/5165/3349 3470/5158/3357
f 3486/5175/3358 3481/5172/3358 3484/5173/3358
f 3484/5173/3358 3487/5174/3358 3486/5175/3358
f 3487/5179/3362 3484/5176/3359 3483/5177/3360
f 3483/5177/3360 3488/5178/3361 3487/5179/3362
f 3488/5178/3361 3483/5177/3360 3490/5180/3363
f 3490/5180/3363 3491/5181/3364 3488/5178/3361
f 3491/5181/3364 3490/5180/3363 3494/5182/3365
f 3494/5182/3365 3495/5183/3366 3491/5181/3364
f 3497/5187/3370 3498/5184/3367 3470/5185/3368
f 3470/5185/3368 3461/5186/3369 3497/5187/3370
f 3461/5114/3298 3470/5123/3307 3469/5122/3306
f 3469/5122/3306 3462/5115/3299 3461/5114/3298
f 3462/5115/3299 3469/5122/3306 3468/5121/3305
f 3468/5121/3305 3465/5118/3302 3462/5115/3299
f 3465/5135/3319 3468/5171/3355 3479/5170/3354
f 3479/5170/3354 3474/5136/3320 3465/5135/3319
f 3474/5127/3311 3479/5132/3316 3478/5131/3315
f 3478/5131/3315 3471/5124/3308 3474/5127/3311
f 3495/5183/3366 3494/5182/3365 3498/5184/3367
f 3498/5184/3367 3497/5187/3370 3495/5183/3366
f 3499/5188/3371 3500/5189/3372 3501/5190/3373
f 3502/5191/3374 3503/5192/3375 3504/5193/3376
f 3508/5197/3380 3505/5194/3377 3506/5195/3378
f 3506/5195/3378 3507/5196/3379 3508/5197/3380
f 3512/5201/3384 3509/5198/3381 3510/5199/3382
f 3510/5199/3382 3511/5200/3383 3512/5201/3384
f 3514/5203/3386 3513/5202/3385 3508/5197/3380
f 3508/5197/3380 3507/5196/3379 3514/5203/3386
f 3516/5205/3388 3515/5204/3387 3510/5199/3382
f 3510/5199/3382 3509/5198/3381 3516/5205/3388
f 3518/5207/3390 3513/5202/3385 3514/5203/3386
f 3514/5203/3386 3517/5206/3389 3518/5207/3390
f 3520/5209/3392 3515/5204/3387 3516/5205/3388
f 3516/5205/3388 3519/5208/3391 3520/5209/3392
f 3503/5210/3393 3521/5211/3394 3522/5212/3395
f 3500/5214/3397 3518/5207/3390 3517/5206/3389
f 3517/5206/3389 3523/5213/3396 3500/5214/3397
f 3528/5219/3400 3524/5215/3398 3525/5216/3399
f 3528/5219/3400 3525/5216/3399 3526/5217/3400
f 3526/5217/3400 3527/5218/3401 3528/5219/3400
f 3503/5210/3393 3502/5220/3402 3529/5221/3403
f 3529/5221/3403 3521/5211/3394 3503/5210/3393
f 3501/5224/3406 3500/5214/3404 3530/5222/3404
f 3530/5222/3404 3531/5223/3405 3501/5224/3406
f 3525/5216/3399 3524/5215/3398 3532/5225/3407
f 3532/5225/3407 3533/5226/3408 3525/5216/3399
f 3535/5230/3412 3530/5227/3409 3521/5228/3410
f 3521/5228/3410 3534/5229/3411 3535/5230/3412
f 3530/5234/3416 3523/5231/3413 3522/5232/3414
f 3522/5232/3414 3521/5233/3415 3530/5234/3416
f 3517/5238/3420 3514/5235/3417 3515/5236/3418
f 3515/5236/3418 3520/5237/3419 3517/5238/3420
f 3514/5235/3417 3507/5239/3421 3510/5240/3422
f 3510/5240/3422 3515/5236/3418 3514/5235/3417
f 3507/5239/3421 3506/5241/3423 3511/5242/3424
f 3511/5242/3424 3510/5240/3422 3507/5239/3421
f 3506/5246/3426 3505/5243/3425 3512/5244/3426
f 3512/5244/3426 3511/5245/3425 3506/5246/3426
f 3530/5227/3409 3535/5230/3412 3531/5247/3427
f 3533/5226/3408 3532/5225/3407 3536/5248/3428
f 3536/5248/3428 3537/5249/3429 3533/5226/3408
f 3521/5228/3410 3529/5250/3430 3534/5229/3411
f 3523/5231/3413 3517/5238/3420 3520/5237/3419
f 3520/5237/3419 3522/5232/3414 3523/5231/3413
f 3531/5223/3405 3528/5251/3431 3527/5252/3432
f 3527/5252/3432 3501/5224/3406 3531/5223/3405
f 3535/5230/3412 3524/5253/3433 3528/5254/3434
f 3528/5254/3434 3531/5247/3427 3535/5230/3412
f 3534/5229/3411 3532/5255/3435 3524/5253/3433
f 3524/5253/3433 3535/5230/3412 3534/5229/3411
f 3529/5250/3430 3536/5256/3436 3532/5255/3435
f 3532/5255/3435 3534/5229/3411 3529/5250/3430
f 3502/5220/3402 3537/5257/3437 3536/5258/3438
f 3536/5258/3438 3529/5221/3403 3502/5220/3402
f 3538/5261/3441 3533/5259/3439 3537/5260/3440
f 3538/5261/3441 3537/5260/3440 3502/5191/3374
f 3502/5191/3374 3504/5193/3376 3538/5261/3441
f 3539/5262/3442 3525/5263/3443 3533/5259/3439
f 3539/5262/3442 3533/5259/3439 3538/5261/3441
f 3539/5262/3442 3538/5261/3441 3504/5193/3376
f 3539/5262/3442 3504/5193/3376 3499/5188/3371
f 3501/5190/3373 3527/5264/3444 3526/5265/3445
f 3501/5190/3373 3526/5265/3445 3525/5263/3443
f 3501/5190/3373 3525/5263/3443 3539/5262/3442
f 3539/5262/3442 3499/5188/3371 3501/5190/3373
f 3472/5154/3338 3497/5155/3339 3461/5160/3344
f 3494/5151/3335 3493/5150/3334 3480/5157/3341
f 3480/5157/3341 3498/5156/3340 3494/5151/3335
f 3519/5208/3391 3503/5210/3393 3522/5212/3395
f 3522/5212/3395 3520/5209/3392 3519/5208/3391
f 3500/5214/3397 3523/5213/3396 3530/5222/3446

# Mesh
g LowPoly_Circle_With_Bump_T1
usemtl lambert1
f 3547/5273/3447 3540/5266/3447 3541/5267/3447
f 3547/5273/3447 3541/5267/3447 3542/5268/3447
f 3547/5273/3447 3542/5268/3447 3543/5269/3448
f 3547/5273/3447 3543/5269/3448 3544/5270/3448
f 3547/5273/3447 3544/5270/3448 3545/5271/3448
f 3545/5271/3448 3546/5272/3448 3547/5273/3447
f 3546/5272/3448 3545/5271/3448 3544/5270/3448
f 3546/5272/3448 3544/5270/3448 3543/5269/3448
f 3546/5272/3448 3543/5269/3448 3548/5274/3449
f 3546/5272/3448 3548/5274/3449 3549/5275/3449
f 3546/5272/3448 3549/5275/3449 3550/5276/3449
f 3550/5276/3449 3551/5277/3449 3546/5272/3448
f 3551/5285/3449 3550/5278/3449 3549/5279/3449
f 3551/5285/3449 3549/5279/3449 3548/5280/3449
f 3551/5285/3449 3548/5280/3449 3552/5281/3450
f 3551/5285/3449 3552/5281/3450 3553/5282/3450
f 3551/5285/3449 3553/5282/3450 3554/5283/3450
f 3554/5283/3450 3555/5284/3450 3551/5285/3449
f 3555/5284/3450 3554/5283/3450 3553/5282/3450
f 3555/5284/3450 3553/5282/3450 3552/5281/3450
f 3555/5284/3450 3552/5281/3450 3556/5286/3451
f 3556/5286/3451 3557/5287/3451 3555/5284/3450
f 3561/5291/3452 3558/5288/3452 3559/5289/3453
f 3559/5289/3453 3560/5290/3453 3561/5291/3452
f 3564/5294/3454 3562/5292/3454 3560/5290/3453
f 3564/5294/3454 3560/5290/3453 3559/5289/3453
f 3559/5289/3453 3563/5293/3454 3564/5294/3454
f 3568/5298/3455 3565/5295/3455 3566/5296/3456
f 3566/5296/3456 3567/5297/3456 3568/5298/3455
f 3572/5302/3458 3569/5299/3457 3570/5300/3457
f 3570/5300/3457 3571/5301/3458 3572/5302/3458
f 3574/5304/3459 3572/5302/3458 3571/5301/3458
f 3571/5301/3458 3573/5303/3459 3574/5304/3459
f 3576/5306/3460 3574/5304/3459 3573/5303/3459
f 3573/5303/3459 3575/5305/3460 3576/5306/3460
f 3578/5308/3461 3576/5306/3460 3575/5305/3460
f 3575/5305/3460 3577/5307/3461 3578/5308/3461
f 3581/5313/3462 3578/5309/3461 3577/5310/3461
f 3581/5313/3462 3577/5310/3461 3579/5311/3462
f 3579/5311/3462 3580/5312/3462 3581/5313/3462
f 3585/5317/3463 3581/5313/3462 3580/5312/3462
f 3585/5317/3463 3580/5312/3462 3579/5311/3462
f 3585/5317/3463 3579/5311/3462 3582/5314/3463
f 3585/5317/3463 3582/5314/3463 3583/5315/3463
f 3583/5315/3463 3584/5316/3463 3585/5317/3463
f 3585/5317/3463 3584/5316/3463 3583/5315/3463
f 3585/5317/3463 3583/5315/3463 3582/5314/3463
f 3585/5317/3463 3582/5314/3463 3586/5318/3464
f 3585/5317/3463 3586/5318/3464 3587/5319/3464
f 3585/5317/3463 3587/5319/3464 3588/5320/3464
f 3588/5320/3464 3589/5321/3464 3585/5317/3463
f 3589/5321/3464 3588/5320/3464 3587/5319/3464
f 3589/5321/3464 3587/5319/3464 3586/5318/3464
f 3589/5321/3464 3586/5318/3464 3590/5322/3465
f 3589/5321/3464 3590/5322/3465 3591/5323/3465
f 3589/5321/3464 3591/5323/3465 3592/5324/3465
f 3592/5324/3465 3593/5325/3465 3589/5321/3464
f 3593/5333/3465 3592/5326/3465 3591/5327/3465
f 3593/5333/3465 3591/5327/3465 3590/5328/3465
f 3593/5333/3465 3590/5328/3465 3594/5329/3466
f 3593/5333/3465 3594/5329/3466 3595/5330/3466
f 3593/5333/3465 3595/5330/3466 3596/5331/3466
f 3596/5331/3466 3597/5332/3466 3593/5333/3465
f 3597/5332/3466 3596/5331/3466 3595/5330/3466
f 3597/5332/3466 3595/5330/3466 3594/5329/3466
f 3597/5332/3466 3594/5329/3466 3598/5334/3467
f 3597/5332/3466 3598/5334/3467 3599/5335/3467
f 3597/5332/3466 3599/5335/3467 3600/5336/3467
f 3600/5336/3467 3601/5337/3467 3597/5332/3466
f 3601/5337/3467 3600/5336/3467 3599/5335/3467
f 3601/5337/3467 3599/5335/3467 3598/5334/3467
f 3601/5337/3467 3598/5334/3467 3602/5338/3468
f 3601/5337/3467 3602/5338/3468 3603/5339/3468
f 3601/5337/3467 3603/5339/3468 3604/5340/3468
f 3604/5340/3468 3605/5341/3468 3601/5337/3467
f 3605/5341/3468 3604/5340/3468 3603/5339/3468
f 3605/5341/3468 3603/5339/3468 3602/5338/3468
f 3605/5341/3468 3602/5338/3468 3542/5268/3447
f 3605/5341/3468 3542/5268/3447 3541/5267/3447
f 3605/5341/3468 3541/5267/3447 3540/5266/3447
f 3540/5266/3447 3547/5273/3447 3605/5341/3468
f 3608/5346/3469 3606/5342/3469 3607/5343/3469
f 3608/5346/3469 3607/5343/3469 3566/5344/3469
f 3566/5344/3469 3565/5345/3469 3608/5346/3469
f 3571/5347/3470 3570/5348/3470 3609/5349/3470
f 3612/5353/3471 3610/5350/3470 3611/5351/3470
f 3611/5351/3470 3568/5352/3470 3612/5353/3471
f 3568/5352/3470 3567/5354/3472 3612/5353/3471
f 3616/5358/3475 3613/5355/3473 3614/5356/3474
f 3614/5356/3474 3615/5357/3474 3616/5358/3475
f 3620/5362/3476 3617/5359/3476 3618/5360/3477
f 3618/5360/3477 3619/5361/3477 3620/5362/3476
f 3619/5361/3477 3618/5360/3477 3613/5355/3473
f 3613/5355/3473 3616/5358/3475 3619/5361/3477
f 3624/5366/3478 3621/5363/3478 3622/5364/3479
f 3622/5364/3479 3623/5365/3479 3624/5366/3478
f 3623/5365/3479 3622/5364/3479 3625/5367/3480
f 3625/5367/3480 3626/5368/3480 3623/5365/3479
f 3628/5370/3481 3627/5369/3481 3617/5359/3476
f 3617/5359/3476 3620/5362/3476 3628/5370/3481
f 3632/5374/3482 3629/5371/3482 3630/5372/3483
f 3630/5372/3483 3631/5373/3483 3632/5374/3482
f 3631/5373/3483 3630/5372/3483 3633/5375/3484
f 3633/5375/3484 3634/5376/3484 3631/5373/3483
f 3634/5378/3484 3633/5377/3484 3627/5369/3481
f 3627/5369/3481 3628/5370/3481 3634/5378/3484
f 3615/5357/3474 3614/5356/3474 3621/5379/3478
f 3621/5379/3478 3624/5380/3478 3615/5357/3474
f 3626/5368/3480 3625/5367/3480 3635/5381/3485
f 3635/5381/3485 3636/5382/3485 3626/5368/3480
f 3636/5382/3485 3635/5381/3485 3637/5383/3486
f 3637/5383/3486 3638/5384/3486 3636/5382/3485
f 3638/5388/3486 3637/5385/3486 3639/5386/3487
f 3639/5386/3487 3640/5387/3487 3638/5388/3486
f 3640/5387/3487 3639/5386/3487 3641/5389/3488
f 3641/5389/3488 3642/5390/3488 3640/5387/3487
f 3642/5390/3488 3641/5389/3488 3643/5391/3489
f 3643/5391/3489 3644/5392/3489 3642/5390/3488
f 3606/5397/3490 3645/5393/3490 3646/5394/3491
f 3606/5397/3490 3646/5394/3491 3647/5395/3492
f 3647/5395/3492 3607/5396/3493 3606/5397/3490
f 3607/5396/3493 3647/5395/3492 3648/5398/3494
f 3648/5398/3494 3649/5399/3494 3607/5396/3493
f 3650/5401/3495 3565/5295/3455 3568/5298/3455
f 3568/5298/3455 3611/5400/3495 3650/5401/3495
f 3652/5405/3469 3651/5402/3469 3650/5403/3469
f 3650/5403/3469 3569/5404/3469 3652/5405/3469
f 3601/5409/3469 3616/5406/3469 3615/5407/3469
f 3615/5407/3469 3597/5408/3469 3601/5409/3469
f 3597/5408/3469 3615/5407/3469 3624/5410/3469
f 3624/5410/3469 3593/5411/3469 3597/5408/3469
f 3593/5411/3469 3624/5410/3469 3623/5412/3469
f 3623/5412/3469 3589/5413/3469 3593/5411/3469
f 3589/5413/3469 3623/5412/3469 3626/5414/3469
f 3626/5414/3469 3585/5415/3469 3589/5413/3469
f 3585/5415/3496 3626/5414/3496 3636/5416/3496
f 3636/5416/3496 3581/5417/3497 3585/5415/3496
f 3581/5417/3469 3636/5416/3469 3638/5418/3469
f 3638/5418/3469 3578/5419/3469 3581/5417/3469
f 3578/5419/3469 3638/5418/3469 3640/5420/3469
f 3640/5420/3469 3576/5421/3469 3578/5419/3469
f 3576/5421/3469 3640/5420/3469 3642/5422/3469
f 3642/5422/3469 3574/5423/3469 3576/5421/3469
f 3574/5423/3469 3642/5422/3469 3644/5424/3469
f 3644/5424/3469 3572/5425/3469 3574/5423/3469
f 3566/5344/3469 3607/5343/3469 3649/5426/3469
f 3649/5426/3469 3653/5427/3469 3566/5344/3469
f 3557/5431/3498 3632/5428/3498 3631/5429/3498
f 3631/5429/3498 3555/5430/3498 3557/5431/3498
f 3555/5430/3469 3631/5429/3469 3634/5432/3469
f 3634/5432/3469 3551/5433/3469 3555/5430/3469
f 3551/5433/3469 3634/5432/3469 3628/5434/3469
f 3628/5434/3469 3546/5435/3469 3551/5433/3469
f 3546/5435/3469 3628/5434/3469 3620/5436/3469
f 3620/5436/3469 3547/5437/3469 3546/5435/3469
f 3547/5437/3469 3620/5436/3469 3619/5438/3469
f 3619/5438/3469 3605/5439/3469 3547/5437/3469
f 3605/5439/3469 3619/5438/3469 3616/5406/3469
f 3616/5406/3469 3601/5409/3469 3605/5439/3469
f 3654/5440/3470 3613/5441/3470 3618/5442/3470
f 3654/5440/3470 3618/5442/3470 3655/5443/3470
f 3654/5440/3470 3655/5443/3470 3602/5444/3470
f 3654/5440/3470 3602/5444/3470 3598/5445/3470
f 3602/5444/3470 3655/5443/3470 3618/5442/3470
f 3602/5444/3470 3618/5442/3470 3617/5446/3470
f 3602/5444/3470 3617/5446/3470 3656/5447/3470
f 3656/5447/3470 3542/5448/3470 3602/5444/3470
f 3656/5447/3470 3617/5446/3470 3627/5449/3470
f 3656/5447/3470 3627/5449/3470 3657/5450/3470
f 3656/5447/3470 3657/5450/3470 3543/5451/3470
f 3656/5447/3470 3543/5451/3470 3542/5448/3470
f 3543/5451/3470 3657/5450/3470 3627/5449/3470
f 3543/5451/3470 3627/5449/3470 3633/5452/3470
f 3543/5451/3470 3633/5452/3470 3658/5453/3470
f 3658/5453/3470 3548/5454/3470 3543/5451/3470
f 3658/5453/3470 3633/5452/3470 3630/5455/3470
f 3658/5453/3470 3630/5455/3470 3552/5456/3470
f 3658/5453/3470 3552/5456/3470 3548/5454/3470
f 3552/5456/3470 3630/5455/3470 3629/5457/3470
f 3629/5457/3470 3556/5458/3470 3552/5456/3470
f 3659/5460/3470 3556/5458/3470 3629/5457/3470
f 3629/5457/3470 3648/5459/3470 3659/5460/3470
f 3647/5461/3470 3567/5354/3470 3659/5460/3470
f 3659/5460/3470 3648/5459/3470 3647/5461/3470
f 3646/5462/3499 3612/5353/3471 3567/5354/3472
f 3567/5354/3472 3647/5461/3499 3646/5462/3499
f 3643/5464/3470 3571/5347/3470 3609/5349/3470
f 3609/5349/3470 3660/5463/3470 3643/5464/3470
f 3571/5347/3470 3643/5464/3470 3641/5465/3470
f 3571/5347/3470 3641/5465/3470 3661/5466/3470
f 3661/5466/3470 3573/5467/3470 3571/5347/3470
f 3661/5466/3470 3641/5465/3470 3639/5468/3470
f 3661/5466/3470 3639/5468/3470 3662/5469/3470
f 3661/5466/3470 3662/5469/3470 3575/5470/3470
f 3661/5466/3470 3575/5470/3470 3573/5467/3470
f 3662/5469/3470 3639/5468/3470 3637/5471/3470
f 3662/5469/3470 3637/5471/3470 3663/5472/3470
f 3662/5469/3470 3663/5472/3470 3577/5473/3470
f 3662/5469/3470 3577/5473/3470 3575/5470/3470
f 3663/5472/3470 3637/5471/3470 3635/5474/3470
f 3663/5472/3470 3635/5474/3470 3664/5475/3470
f 3663/5472/3470 3664/5475/3470 3579/5476/3470
f 3663/5472/3470 3579/5476/3470 3577/5473/3470
f 3664/5475/3470 3635/5474/3470 3625/5477/3470
f 3664/5475/3470 3625/5477/3470 3665/5478/3470
f 3664/5475/3470 3665/5478/3470 3582/5479/3470
f 3664/5475/3470 3582/5479/3470 3579/5476/3470
f 3665/5478/3500 3625/5477/3500 3622/5480/3500
f 3665/5478/3500 3622/5480/3500 3666/5481/3501
f 3665/5478/3500 3666/5481/3501 3586/5482/3502
f 3665/5478/3500 3586/5482/3502 3582/5479/3500
f 3586/5482/3470 3666/5481/3470 3622/5480/3470
f 3586/5482/3470 3622/5480/3470 3621/5483/3470
f 3586/5482/3470 3621/5483/3470 3667/5484/3470
f 3667/5484/3470 3590/5485/3470 3586/5482/3470
f 3667/5484/3470 3621/5483/3470 3614/5486/3470
f 3667/5484/3470 3614/5486/3470 3668/5487/3470
f 3667/5484/3470 3668/5487/3470 3594/5488/3470
f 3667/5484/3470 3594/5488/3470 3590/5485/3470
f 3594/5488/3470 3668/5487/3470 3614/5486/3470
f 3594/5488/3470 3614/5486/3470 3613/5441/3470
f 3594/5488/3470 3613/5441/3470 3654/5440/3470
f 3654/5440/3470 3598/5445/3470 3594/5488/3470
f 3671/5494/3503 3660/5489/3503 3609/5490/3503
f 3671/5494/3503 3609/5490/3503 3669/5491/3503
f 3671/5494/3503 3669/5491/3503 3670/5492/3503
f 3670/5492/3503 3652/5493/3504 3671/5494/3503
f 3612/5497/3505 3646/5394/3505 3645/5393/3506
f 3612/5497/3505 3645/5393/3506 3672/5495/3507
f 3672/5495/3507 3673/5496/3508 3612/5497/3505
f 3674/5501/3512 3610/5498/3509 3612/5499/3510
f 3612/5499/3510 3673/5500/3511 3674/5501/3512
f 3559/5503/3470 3558/5502/3470 3556/5458/3470
f 3556/5458/3470 3659/5460/3470 3559/5503/3470
f 3557/5507/3513 3556/5504/3513 3558/5505/3513
f 3558/5505/3513 3561/5506/3514 3557/5507/3513
f 3567/5354/3470 3563/5508/3470 3559/5503/3470
f 3559/5503/3470 3659/5460/3470 3567/5354/3470
f 3564/5510/3515 3563/5509/3515 3567/5297/3515
f 3567/5297/3515 3566/5296/3515 3564/5510/3515
f 3564/5513/3469 3566/5344/3469 3653/5427/3469
f 3564/5513/3469 3653/5427/3469 3560/5511/3469
f 3560/5511/3469 3562/5512/3469 3564/5513/3469
f 3572/5425/3469 3644/5424/3469 3671/5514/3469
f 3572/5425/3469 3671/5514/3469 3652/5405/3469
f 3652/5405/3469 3569/5404/3469 3572/5425/3469
f 3644/5392/3489 3643/5391/3489 3660/5515/3516
f 3660/5515/3516 3671/5516/3516 3644/5392/3489
f 3608/5518/3517 3675/5517/3517 3673/5496/3508
f 3672/5495/3507 3645/5393/3506 3606/5397/3517
f 3672/5495/3507 3606/5397/3517 3608/5518/3517
f 3673/5496/3508 3672/5495/3507 3608/5518/3517
f 3673/5500/3511 3675/5519/3518 3676/5520/3519
f 3676/5520/3519 3674/5501/3512 3673/5500/3511
f 3649/5399/3494 3648/5398/3494 3629/5371/3482
f 3629/5371/3482 3632/5374/3482 3649/5399/3494
f 3569/5299/3457 3650/5401/3495 3611/5400/3495
f 3611/5400/3495 3570/5300/3457 3569/5299/3457
f 3676/5520/3519 3670/5521/3520 3669/5522/3521
f 3669/5522/3521 3674/5501/3512 3676/5520/3519
f 3609/5523/3522 3610/5498/3509 3674/5501/3512
f 3674/5501/3512 3669/5522/3521 3609/5523/3522
f 3651/5525/3524 3676/5520/3519 3675/5519/3518
f 3675/5519/3518 3608/5524/3523 3651/5525/3524
f 3652/5526/3525 3670/5521/3520 3676/5520/3519
f 3676/5520/3519 3651/5525/3524 3652/5526/3525
f 3561/5527/3469 3560/5511/3469 3653/5427/3469
f 3653/5427/3469 3557/5431/3498 3561/5527/3469
f 3557/5431/3498 3653/5427/3469 3649/5426/3469
f 3649/5426/3469 3632/5428/3469 3557/5431/3498
f 3611/5351/3470 3610/5350/3470 3609/5349/3470
f 3609/5349/3470 3570/5348/3470 3611/5351/3470
f 3650/5403/3469 3651/5402/3469 3608/5346/3469
f 3608/5346/3469 3565/5345/3469 3650/5403/3469

# Mesh
g LowPoly_Top_main
usemtl lambert1
f 3680/5531/3529 3677/5528/3526 3678/5529/3527
f 3678/5529/3527 3679/5530/3528 3680/5531/3529
f 3682/5533/3531 3681/5532/3530 3677/5528/3526
f 3677/5528/3526 3680/5531/3529 3682/5533/3531
f 3686/5537/3535 3683/5534/3532 3684/5535/3533
f 3684/5535/3533 3685/5536/3534 3686/5537/3535
f 3690/5541/3539 3687/5538/3536 3688/5539/3537
f 3688/5539/3537 3689/5540/3538 3690/5541/3539
f 3692/5543/3541 3691/5542/3540 3687/5538/3536
f 3687/5538/3536 3690/5541/3539 3692/5543/3541
f 3694/5547/3543 3683/5544/3532 3686/5545/3535
f 3686/5545/3535 3693/5546/3542 3694/5547/3543
f 3696/5549/3545 3694/5547/3543 3693/5546/3542
f 3693/5546/3542 3695/5548/3544 3696/5549/3545
f 3692/5543/3541 3697/5550/3546 3698/5551/3547
f 3698/5551/3547 3691/5542/3540 3692/5543/3541
f 3700/5553/3549 3696/5549/3545 3695/5548/3544
f 3695/5548/3544 3699/5552/3548 3700/5553/3549
f 3702/5557/3551 3696/5554/3545 3700/5555/3549
f 3700/5555/3549 3701/5556/3550 3702/5557/3551
f 3704/5561/3553 3683/5558/3532 3694/5559/3543
f 3694/5559/3543 3703/5560/3552 3704/5561/3553
f 3694/5559/3543 3696/5554/3545 3702/5557/3551
f 3702/5557/3551 3703/5560/3552 3694/5559/3543
f 3708/5565/3557 3705/5562/3554 3706/5563/3555
f 3706/5563/3555 3707/5564/3556 3708/5565/3557
f 3712/5569/3561 3709/5566/3558 3710/5567/3559
f 3710/5567/3559 3711/5568/3560 3712/5569/3561
f 3714/5571/3563 3712/5569/3561 3711/5568/3560
f 3711/5568/3560 3713/5570/3562 3714/5571/3563
f 3718/5575/3567 3715/5572/3564 3716/5573/3565
f 3716/5573/3565 3717/5574/3566 3718/5575/3567
f 3720/5577/3569 3719/5576/3568 3715/5572/3564
f 3715/5572/3564 3718/5575/3567 3720/5577/3569
f 3720/5577/3569 3721/5578/3570 3722/5579/3571
f 3722/5579/3571 3719/5576/3568 3720/5577/3569
f 3724/5581/3573 3723/5580/3572 3714/5571/3563
f 3714/5571/3563 3713/5570/3562 3724/5581/3573
f 3728/5585/3577 3725/5582/3574 3726/5583/3575
f 3726/5583/3575 3727/5584/3576 3728/5585/3577
f 3680/5589/3580 3679/5586/129 3729/5587/3578
f 3729/5587/3578 3730/5588/3579 3680/5589/3580
f 3734/5594/3585 3731/5590/3581 3682/5591/3582
f 3734/5594/3585 3682/5591/3582 3732/5592/3583
f 3732/5592/3583 3733/5593/3584 3734/5594/3585
f 3738/5598/438 3735/5595/3586 3736/5596/3587
f 3736/5596/3587 3737/5597/3588 3738/5598/438
f 3682/5591/3582 3680/5589/3580 3730/5588/3579
f 3730/5588/3579 3733/5593/3584 3732/5592/3583
f 3730/5588/3579 3732/5592/3583 3682/5591/3582
f 3725/5582/3592 3738/5598/3589 3737/5597/3590
f 3737/5597/3590 3726/5583/3591 3725/5582/3592
f 3709/5566/3558 3712/5569/3561 3690/5541/3539
f 3690/5541/3539 3689/5540/3538 3709/5566/3558
f 3742/5602/3596 3739/5599/3593 3740/5600/3594
f 3740/5600/3594 3741/5601/3595 3742/5602/3596
f 3743/5603/3597 3744/5604/3598 3685/5605/3534
f 3743/5603/3597 3685/5605/3534 3721/5578/3570
f 3743/5603/3597 3721/5578/3570 3720/5577/3569
f 3714/5571/3563 3723/5580/3572 3697/5550/3546
f 3697/5550/3546 3692/5543/3541 3714/5571/3563
f 3739/5599/3593 3744/5604/3598 3743/5603/3597
f 3743/5603/3597 3740/5600/3594 3739/5599/3593
f 3712/5569/3561 3714/5571/3563 3692/5543/3541
f 3692/5543/3541 3690/5541/3539 3712/5569/3561
f 3745/5607/3599 3721/5606/3570 3685/5536/3534
f 3685/5536/3534 3684/5535/3533 3745/5607/3599
f 3746/5611/3600 3704/5608/3553 3698/5609/3547
f 3698/5609/3547 3697/5610/3546 3746/5611/3600
f 3683/5534/3532 3704/5608/3553 3746/5611/3600
f 3746/5611/3600 3684/5535/3533 3683/5534/3532
f 3747/5612/3601 3745/5607/3599 3684/5535/3533
f 3684/5535/3533 3746/5611/3600 3747/5612/3601
f 3723/5613/3572 3747/5612/3601 3746/5611/3600
f 3746/5611/3600 3697/5610/3546 3723/5613/3572
f 3751/5617/3605 3748/5614/3602 3749/5615/3603
f 3749/5615/3603 3750/5616/3604 3751/5617/3605
f 3748/5614/3602 3708/5565/3557 3707/5564/3556
f 3707/5564/3556 3749/5615/3603 3748/5614/3602
f 3752/5618/3606 3721/5606/3570 3745/5607/3599
f 3752/5618/3606 3745/5607/3599 3753/5619/3607
f 3752/5618/3606 3753/5619/3607 3754/5620/3608
f 3756/5624/3611 3755/5621/3609 3722/5579/3571
f 3756/5624/3611 3722/5579/3571 3721/5578/3570
f 3756/5624/3611 3721/5578/3570 3752/5622/3610
f 3752/5622/3610 3754/5623/3610 3756/5624/3611
f 3705/5626/3613 3731/5590/3581 3734/5594/3585
f 3734/5594/3585 3706/5625/3612 3705/5626/3613
f 3758/5628/3615 3747/5612/3601 3723/5613/3572
f 3723/5613/3572 3757/5627/3614 3758/5628/3615
f 3757/5630/3614 3723/5580/3572 3724/5581/3573
f 3724/5581/3573 3759/5629/3616 3757/5630/3614
f 3750/5632/3618 3736/5596/3587 3735/5595/3586
f 3735/5595/3586 3751/5631/3617 3750/5632/3618
f 3753/5619/3607 3745/5607/3599 3747/5612/3601
f 3747/5612/3601 3758/5628/3615 3753/5619/3607
f 3706/5563/3555 3756/5633/3619 3754/5620/3620
f 3706/5563/3555 3754/5620/3620 3753/5619/3621
f 3753/5619/3621 3707/5564/3556 3706/5563/3555
f 3707/5564/3556 3753/5619/3621 3758/5628/3622
f 3758/5628/3622 3749/5615/3603 3707/5564/3556
f 3749/5615/3603 3758/5628/3622 3757/5627/3623
f 3749/5615/3603 3757/5627/3623 3759/5634/3624
f 3759/5634/3624 3750/5616/3604 3749/5615/3603
f 3698/5551/3547 3704/5635/3553 3703/5636/3552
f 3703/5636/3552 3691/5542/3540 3698/5551/3547
f 3703/5636/3552 3702/5637/3551 3687/5538/3536
f 3687/5538/3536 3691/5542/3540 3703/5636/3552
f 3702/5637/3551 3701/5638/3550 3688/5539/3537
f 3688/5539/3537 3687/5538/3536 3702/5637/3551
f 3686/5545/3535 3685/5605/3534 3744/5604/3598
f 3744/5604/3598 3693/5546/3542 3686/5545/3535
f 3739/5599/3593 3695/5548/3544 3693/5546/3542
f 3693/5546/3542 3744/5604/3598 3739/5599/3593
f 3742/5602/3596 3699/5552/3548 3695/5548/3544
f 3695/5548/3544 3739/5599/3593 3742/5602/3596
f 3735/5642/3628 3738/5639/3625 3760/5640/3626
f 3760/5640/3626 3761/5641/3627 3735/5642/3628
f 3738/5639/3625 3725/5643/3629 3762/5644/3630
f 3762/5644/3630 3760/5640/3626 3738/5639/3625
f 3725/5643/3629 3728/5645/3631 3763/5646/3632
f 3763/5646/3632 3762/5644/3630 3725/5643/3629
f 3681/5532/3530 3760/5640/3626 3762/5644/3630
f 3762/5644/3630 3677/5528/3526 3681/5532/3530
f 3677/5528/3526 3762/5644/3630 3763/5646/3632
f 3763/5646/3632 3678/5529/3527 3677/5528/3526
f 3767/5650/3636 3764/5647/3633 3765/5648/3634
f 3765/5648/3634 3766/5649/3635 3767/5650/3636
f 3771/5654/3640 3768/5651/3637 3769/5652/3638
f 3769/5652/3638 3770/5653/3639 3771/5654/3640
f 3764/5647/3633 3771/5654/3640 3770/5653/3639
f 3770/5653/3639 3765/5648/3634 3764/5647/3633
f 3775/5658/3644 3772/5655/3641 3773/5656/3642
f 3773/5656/3642 3774/5657/3643 3775/5658/3644
f 3779/5662/3648 3776/5659/3645 3777/5660/3646
f 3777/5660/3646 3778/5661/3647 3779/5662/3648
f 3776/5659/3645 3780/5663/3649 3781/5664/3650
f 3781/5664/3650 3777/5660/3646 3776/5659/3645
f 3783/5668/3652 3773/5665/3642 3772/5666/3641
f 3772/5666/3641 3782/5667/3651 3783/5668/3652
f 3783/5668/3652 3782/5667/3651 3784/5669/3653
f 3784/5669/3653 3785/5670/3654 3783/5668/3652
f 3780/5663/3649 3786/5671/3655 3787/5672/3656
f 3787/5672/3656 3781/5664/3650 3780/5663/3649
f 3785/5670/3654 3784/5669/3653 3788/5673/3657
f 3788/5673/3657 3789/5674/3658 3785/5670/3654
f 3788/5678/3657 3784/5675/3653 3790/5676/3659
f 3790/5676/3659 3791/5677/3660 3788/5678/3657
f 3772/5682/3641 3792/5679/3661 3793/5680/3662
f 3793/5680/3662 3782/5681/3651 3772/5682/3641
f 3790/5676/3659 3784/5675/3653 3782/5681/3651
f 3782/5681/3651 3793/5680/3662 3790/5676/3659
f 3797/5686/3666 3794/5683/3663 3795/5684/3664
f 3795/5684/3664 3796/5685/3665 3797/5686/3666
f 3801/5690/3670 3798/5687/3667 3799/5688/3668
f 3799/5688/3668 3800/5689/3669 3801/5690/3670
f 3800/5689/3673 3799/5688/3668 3802/5691/3671
f 3802/5691/3671 3803/5692/3672 3800/5689/3673
f 3807/5696/3677 3804/5693/3674 3805/5694/3675
f 3805/5694/3675 3806/5695/3676 3807/5696/3677
f 3806/5695/3676 3805/5694/3675 3808/5697/3678
f 3808/5697/3678 3809/5698/3679 3806/5695/3676
f 3808/5697/3678 3810/5699/3680 3811/5700/3681
f 3811/5700/3681 3809/5698/3679 3808/5697/3678
f 3802/5691/3671 3812/5701/3682 3813/5702/3683
f 3813/5702/3683 3803/5692/3684 3802/5691/3671
f 3801/5690/3670 3800/5689/3669 3814/5703/3685
f 3814/5703/3685 3815/5704/3686 3801/5690/3670
f 3766/5706/129 3765/5705/3687 3805/5694/3675
f 3805/5694/3675 3804/5693/3674 3766/5706/129
f 3770/5708/3689 3769/5707/3688 3810/5699/3680
f 3810/5699/3680 3808/5697/3678 3770/5708/3689
f 3817/5710/3691 3816/5709/3690 3803/5692/3684
f 3803/5692/3684 3813/5702/3683 3817/5710/3691
f 3765/5705/3687 3770/5708/3689 3808/5697/3678
f 3808/5697/3678 3805/5694/3675 3765/5705/3687
f 3800/5689/3673 3803/5692/3672 3816/5709/3692
f 3816/5709/3692 3814/5703/3693 3800/5689/3673
f 3777/5660/3646 3818/5711/3694 3819/5712/3695
f 3777/5660/3646 3819/5712/3695 3820/5713/3696
f 3820/5713/3696 3778/5661/3647 3777/5660/3646
f 3824/5717/3700 3821/5714/3697 3822/5715/3698
f 3822/5715/3698 3823/5716/3699 3824/5717/3700
f 3827/5721/3703 3825/5718/3701 3826/5719/3702
f 3826/5719/3702 3774/5720/3643 3827/5721/3703
f 3787/5672/3656 3828/5722/3704 3829/5723/3705
f 3829/5723/3705 3781/5664/3650 3787/5672/3656
f 3823/5716/3699 3822/5715/3698 3825/5718/3701
f 3825/5718/3701 3827/5721/3703 3823/5716/3699
f 3781/5664/3650 3829/5723/3705 3818/5711/3694
f 3818/5711/3694 3777/5660/3646 3781/5664/3650
f 3774/5657/3643 3826/5724/3702 3830/5725/3706
f 3830/5725/3706 3775/5658/3644 3774/5657/3643
f 3786/5729/3655 3792/5726/3661 3831/5727/3707
f 3831/5727/3707 3787/5728/3656 3786/5729/3655
f 3831/5727/3707 3792/5726/3661 3772/5655/3641
f 3772/5655/3641 3775/5658/3644 3831/5727/3707
f 3775/5658/3644 3830/5725/3706 3832/5730/3708
f 3832/5730/3708 3831/5727/3707 3775/5658/3644
f 3831/5727/3707 3832/5730/3708 3828/5731/3704
f 3828/5731/3704 3787/5728/3656 3831/5727/3707
f 3836/5735/3712 3833/5732/3709 3834/5733/3710
f 3834/5733/3710 3835/5734/3711 3836/5735/3712
f 3794/5683/3663 3836/5735/3712 3835/5734/3711
f 3835/5734/3711 3795/5684/3664 3794/5683/3663
f 3838/5737/3714 3830/5725/3706 3826/5724/3702
f 3826/5724/3702 3837/5736/3713 3838/5737/3714
f 3839/5739/3716 3811/5700/3681 3810/5699/3680
f 3810/5699/3680 3796/5738/3715 3839/5739/3716
f 3796/5738/3715 3810/5699/3680 3769/5707/3688
f 3769/5707/3688 3797/5740/3717 3796/5738/3715
f 3841/5742/3719 3828/5731/3704 3832/5730/3708
f 3832/5730/3708 3840/5741/3718 3841/5742/3719
f 3834/5744/3721 3813/5702/3683 3812/5701/3682
f 3812/5701/3682 3842/5743/3720 3834/5744/3721
f 3833/5745/3722 3817/5710/3691 3813/5702/3683
f 3813/5702/3683 3834/5744/3721 3833/5745/3722
f 3840/5741/3718 3832/5730/3708 3830/5725/3706
f 3830/5725/3706 3838/5737/3714 3840/5741/3718
f 3839/5747/3724 3796/5685/3665 3795/5684/3664
f 3795/5684/3664 3843/5746/3723 3839/5747/3724
f 3795/5684/3664 3835/5734/3711 3844/5748/3725
f 3844/5748/3725 3843/5746/3723 3795/5684/3664
f 3835/5734/3711 3834/5733/3710 3842/5749/3726
f 3842/5749/3726 3844/5748/3725 3835/5734/3711
f 3792/5751/3661 3786/5671/3655 3780/5663/3649
f 3780/5663/3649 3793/5750/3662 3792/5751/3661
f 3776/5659/3645 3790/5752/3659 3793/5750/3662
f 3793/5750/3662 3780/5663/3649 3776/5659/3645
f 3779/5662/3648 3791/5753/3660 3790/5752/3659
f 3790/5752/3659 3776/5659/3645 3779/5662/3648
f 3774/5720/3643 3773/5665/3642 3783/5668/3652
f 3783/5668/3652 3827/5721/3703 3774/5720/3643
f 3783/5668/3652 3785/5670/3654 3823/5716/3699
f 3823/5716/3699 3827/5721/3703 3783/5668/3652
f 3785/5670/3654 3789/5674/3658 3824/5717/3700
f 3824/5717/3700 3823/5716/3699 3785/5670/3654
f 3846/5755/3728 3845/5754/3727 3768/5651/3637
f 3768/5651/3637 3771/5654/3640 3846/5755/3728
f 3817/5757/3730 3845/5754/3727 3846/5755/3728
f 3846/5755/3728 3816/5756/3729 3817/5757/3730
f 3847/5759/3732 3814/5758/3731 3816/5756/3729
f 3816/5756/3729 3846/5755/3728 3847/5759/3732
f 3848/5761/3734 3815/5760/3733 3814/5758/3731
f 3814/5758/3731 3847/5759/3732 3848/5761/3734
f 3847/5759/3732 3846/5755/3728 3771/5654/3640
f 3771/5654/3640 3764/5647/3633 3847/5759/3732
f 3848/5761/3734 3847/5759/3732 3764/5647/3633
f 3764/5647/3633 3767/5650/3636 3848/5761/3734
f 3798/5687/3667 3819/5712/3695 3818/5711/3694
f 3818/5711/3694 3799/5688/3668 3798/5687/3667
f 3799/5688/3668 3818/5711/3694 3829/5723/3705
f 3829/5723/3705 3802/5691/3671 3799/5688/3668
f 3829/5723/3705 3828/5722/3704 3812/5701/3682
f 3812/5701/3682 3802/5691/3671 3829/5723/3705
f 3842/5743/3720 3812/5701/3682 3828/5722/3704
f 3828/5722/3704 3841/5762/3719 3842/5743/3720
f 3840/5741/3736 3844/5748/3725 3842/5749/3726
f 3842/5749/3726 3841/5742/3735 3840/5741/3736
f 3838/5737/3737 3843/5746/3723 3844/5748/3725
f 3844/5748/3725 3840/5741/3736 3838/5737/3737
f 3837/5736/3738 3839/5747/3724 3843/5746/3723
f 3843/5746/3723 3838/5737/3737 3837/5736/3738
f 3837/5763/3739 3826/5719/3702 3811/5700/3681
f 3811/5700/3681 3839/5739/3716 3837/5763/3739
f 3809/5698/3679 3811/5700/3681 3826/5719/3702
f 3826/5719/3702 3825/5718/3701 3809/5698/3679
f 3822/5715/3698 3806/5695/3676 3809/5698/3679
f 3809/5698/3679 3825/5718/3701 3822/5715/3698
f 3821/5714/3697 3807/5696/3677 3806/5695/3676
f 3806/5695/3676 3822/5715/3698 3821/5714/3697
f 3726/5583/3575 3711/5568/3560 3710/5567/3559
f 3710/5567/3559 3727/5584/3576 3726/5583/3575
f 3737/5597/3590 3713/5570/3562 3711/5568/3560
f 3711/5568/3560 3726/5583/3591 3737/5597/3590
f 3737/5597/3588 3736/5596/3587 3724/5581/3573
f 3724/5581/3573 3713/5570/3562 3737/5597/3588
f 3759/5629/3616 3724/5581/3573 3736/5596/3587
f 3736/5596/3587 3750/5632/3618 3759/5629/3616
f 3706/5625/3612 3734/5594/3585 3722/5579/3571
f 3706/5625/3612 3722/5579/3571 3755/5621/3609
f 3755/5621/3609 3756/5624/3611 3706/5625/3612
f 3722/5579/3571 3734/5594/3585 3733/5593/3584
f 3733/5593/3584 3719/5576/3568 3722/5579/3571
f 3733/5593/3584 3730/5588/3579 3715/5572/3564
f 3715/5572/3564 3719/5576/3568 3733/5593/3584
f 3730/5588/3579 3729/5587/3578 3716/5573/3565
f 3716/5573/3565 3715/5572/3564 3730/5588/3579
f 3682/5533/3531 3731/5764/3740 3849/5765/3741
f 3849/5765/3741 3681/5532/3530 3682/5533/3531
f 3681/5532/3530 3849/5765/3741 3761/5641/3627
f 3761/5641/3627 3760/5640/3626 3681/5532/3530
f 3708/5767/3743 3849/5765/3741 3731/5764/3740
f 3731/5764/3740 3705/5766/3742 3708/5767/3743
f 3748/5768/3744 3761/5641/3627 3849/5765/3741
f 3849/5765/3741 3708/5767/3743 3748/5768/3744
f 3751/5769/3745 3735/5642/3628 3761/5641/3627
f 3761/5641/3627 3748/5768/3744 3751/5769/3745
f 3718/5575/3567 3740/5600/3594 3743/5603/3597
f 3743/5603/3597 3720/5577/3569 3718/5575/3567
f 3717/5574/3566 3741/5601/3595 3740/5600/3594
f 3740/5600/3594 3718/5575/3567 3717/5574/3566
f 3836/5771/3747 3845/5754/3727 3817/5757/3730
f 3817/5757/3730 3833/5770/3746 3836/5771/3747
f 3794/5772/3748 3768/5651/3637 3845/5754/3727
f 3845/5754/3727 3836/5771/3747 3794/5772/3748
f 3797/5773/3749 3769/5652/3638 3768/5651/3637
f 3768/5651/3637 3794/5772/3748 3797/5773/3749

# Mesh
g LowPoly_Top_Cover
usemtl lambert1
f 3853/5777/3753 3850/5774/3750 3851/5775/3751
f 3851/5775/3751 3852/5776/3752 3853/5777/3753
f 3857/5781/3757 3854/5778/3754 3855/5779/3755
f 3855/5779/3755 3856/5780/3756 3857/5781/3757
f 3861/5785/3761 3858/5782/3758 3859/5783/3759
f 3859/5783/3759 3860/5784/3760 3861/5785/3761
f 3865/5789/3765 3862/5786/3762 3863/5787/3763
f 3863/5787/3763 3864/5788/3764 3865/5789/3765
f 3864/5788/3764 3863/5787/3763 3866/5790/3766
f 3866/5790/3766 3867/5791/3767 3864/5788/3764
f 3867/5791/3767 3866/5790/3766 3868/5792/3768
f 3868/5792/3768 3869/5793/3769 3867/5791/3767
f 3869/5793/3769 3868/5792/3768 3870/5794/3770
f 3870/5794/3770 3871/5795/3771 3869/5793/3769
f 3871/5795/3771 3870/5794/3770 3872/5796/3772
f 3872/5796/3772 3873/5797/3773 3871/5795/3771
f 3873/5797/3773 3872/5796/3772 3874/5798/3774
f 3874/5798/3774 3875/5799/3775 3873/5797/3773
f 3875/5799/3775 3874/5798/3774 3876/5800/3776
f 3876/5800/3776 3877/5801/3777 3875/5799/3775
f 3877/5801/3777 3876/5800/3776 3878/5802/3778
f 3878/5802/3778 3879/5803/3779 3877/5801/3777
f 3879/5807/3779 3878/5804/3778 3880/5805/3780
f 3880/5805/3780 3881/5806/3781 3879/5807/3779
f 3881/5806/3781 3880/5805/3780 3882/5808/3782
f 3882/5808/3782 3883/5809/3783 3881/5806/3781
f 3883/5809/3783 3882/5808/3782 3850/5774/3750
f 3850/5774/3750 3853/5777/3753 3883/5809/3783
f 3852/5776/3752 3851/5775/3751 3884/5810/3784
f 3884/5810/3784 3885/5811/3785 3852/5776/3752
f 3885/5811/3785 3884/5810/3784 3886/5812/3786
f 3886/5812/3786 3887/5813/3787 3885/5811/3785
f 3887/5813/3787 3886/5812/3786 3888/5814/3788
f 3888/5814/3788 3889/5815/3789 3887/5813/3787
f 3889/5819/3789 3888/5816/3788 3890/5817/3790
f 3890/5817/3790 3891/5818/3791 3889/5819/3789
f 3891/5818/3791 3890/5817/3790 3892/5820/3792
f 3892/5820/3792 3893/5821/3793 3891/5818/3791
f 3893/5821/3793 3892/5820/3792 3894/5822/3794
f 3894/5822/3794 3895/5823/3795 3893/5821/3793
f 3895/5823/3795 3894/5822/3794 3896/5824/3796
f 3896/5824/3796 3897/5825/3797 3895/5823/3795
f 3897/5825/3797 3896/5824/3796 3898/5826/3798
f 3898/5826/3798 3899/5827/3799 3897/5825/3797
f 3899/5827/3799 3898/5826/3798 3900/5828/3800
f 3900/5828/3800 3901/5829/3801 3899/5827/3799
f 3901/5829/3801 3900/5828/3800 3858/5782/3758
f 3858/5782/3758 3861/5785/3761 3901/5829/3801
f 3903/5831/3803 3902/5830/3802 3862/5786/3762
f 3862/5786/3762 3865/5789/3765 3903/5831/3803
f 3905/5833/3805 3904/5832/3804 3902/5830/3802
f 3902/5830/3802 3903/5831/3803 3905/5833/3805
f 3907/5835/3807 3906/5834/3806 3904/5832/3804
f 3904/5832/3804 3905/5833/3805 3907/5835/3807
f 3909/5837/3809 3908/5836/3808 3906/5834/3806
f 3906/5834/3806 3907/5835/3807 3909/5837/3809
f 3911/5839/3811 3910/5838/3810 3908/5836/3808
f 3908/5836/3808 3909/5837/3809 3911/5839/3811
f 3913/5841/3813 3912/5840/3812 3910/5838/3810
f 3910/5838/3810 3911/5839/3811 3913/5841/3813
f 3915/5843/3815 3914/5842/3814 3912/5840/3812
f 3912/5840/3812 3913/5841/3813 3915/5843/3815
f 3917/5847/3817 3916/5844/3816 3914/5845/3814
f 3914/5845/3814 3915/5846/3815 3917/5847/3817
f 3919/5849/3819 3918/5848/3818 3916/5844/3816
f 3916/5844/3816 3917/5847/3817 3919/5849/3819
f 3856/5780/3756 3855/5779/3755 3918/5848/3818
f 3918/5848/3818 3919/5849/3819 3856/5780/3756
f 3921/5851/3821 3920/5850/3820 3854/5778/3754
f 3854/5778/3754 3857/5781/3757 3921/5851/3821
f 3923/5853/3823 3922/5852/3822 3920/5850/3820
f 3920/5850/3820 3921/5851/3821 3923/5853/3823
f 3925/5855/3825 3924/5854/3824 3922/5852/3822
f 3922/5852/3822 3923/5853/3823 3925/5855/3825
f 3927/5859/3827 3926/5856/3826 3924/5857/3824
f 3924/5857/3824 3925/5858/3825 3927/5859/3827
f 3929/5861/3829 3928/5860/3828 3926/5856/3826
f 3926/5856/3826 3927/5859/3827 3929/5861/3829
f 3931/5863/3831 3930/5862/3830 3928/5860/3828
f 3928/5860/3828 3929/5861/3829 3931/5863/3831
f 3933/5865/3833 3932/5864/3832 3930/5862/3830
f 3930/5862/3830 3931/5863/3831 3933/5865/3833
f 3935/5867/3835 3934/5866/3834 3932/5864/3832
f 3932/5864/3832 3933/5865/3833 3935/5867/3835
f 3937/5869/3837 3936/5868/3836 3934/5866/3834
f 3934/5866/3834 3935/5867/3835 3937/5869/3837
f 3860/5784/3760 3859/5783/3759 3936/5868/3836
f 3936/5868/3836 3937/5869/3837 3860/5784/3760
f 3939/5871/3839 3937/5869/3837 3935/5867/3835
f 3935/5867/3835 3938/5870/3838 3939/5871/3839
f 3938/5870/3838 3935/5867/3835 3933/5865/3833
f 3933/5865/3833 3940/5872/3840 3938/5870/3838
f 3940/5872/3840 3933/5865/3833 3931/5863/3831
f 3931/5863/3831 3941/5873/3841 3940/5872/3840
f 3941/5873/3841 3931/5863/3831 3929/5861/3829
f 3929/5861/3829 3942/5874/3842 3941/5873/3841
f 3942/5874/3842 3929/5861/3829 3927/5859/3827
f 3927/5859/3827 3943/5875/3843 3942/5874/3842
f 3943/5875/3843 3927/5859/3827 3925/5858/3825
f 3925/5858/3825 3944/5876/3844 3943/5875/3843
f 3944/5878/3844 3925/5855/3825 3923/5853/3823
f 3923/5853/3823 3945/5877/3845 3944/5878/3844
f 3945/5877/3845 3923/5853/3823 3921/5851/3821
f 3921/5851/3821 3946/5879/3846 3945/5877/3845
f 3946/5879/3846 3921/5851/3821 3857/5781/3757
f 3857/5781/3757 3947/5880/3847 3946/5879/3846
f 3947/5880/3847 3857/5781/3757 3856/5780/3756
f 3856/5780/3756 3948/5881/3848 3947/5880/3847
f 3948/5881/3848 3856/5780/3756 3919/5849/3819
f 3919/5849/3819 3949/5882/3849 3948/5881/3848
f 3949/5882/3849 3919/5849/3819 3917/5847/3817
f 3917/5847/3817 3950/5883/3850 3949/5882/3849
f 3950/5883/3850 3917/5847/3817 3915/5846/3815
f 3915/5846/3815 3951/5884/3851 3950/5883/3850
f 3951/5886/3851 3915/5843/3815 3913/5841/3813
f 3913/5841/3813 3952/5885/3852 3951/5886/3851
f 3952/5885/3852 3913/5841/3813 3911/5839/3811
f 3911/5839/3811 3953/5887/3853 3952/5885/3852
f 3953/5887/3853 3911/5839/3811 3909/5837/3809
f 3909/5837/3809 3954/5888/3854 3953/5887/3853
f 3954/5888/3854 3909/5837/3809 3907/5835/3807
f 3907/5835/3807 3955/5889/3855 3954/5888/3854
f 3955/5889/3855 3907/5835/3807 3905/5833/3805
f 3905/5833/3805 3956/5890/3856 3955/5889/3855
f 3956/5890/3856 3905/5833/3805 3903/5831/3803
f 3903/5831/3803 3957/5891/3857 3956/5890/3856
f 3957/5891/3857 3903/5831/3803 3865/5789/3765
f 3865/5789/3765 3958/5892/3858 3957/5891/3857
f 3958/5892/3858 3865/5789/3765 3864/5788/3764
f 3864/5788/3764 3959/5893/3859 3958/5892/3858
f 3959/5893/3859 3864/5788/3764 3867/5791/3767
f 3867/5791/3767 3960/5894/3860 3959/5893/3859
f 3960/5894/3860 3867/5791/3767 3869/5793/3769
f 3869/5793/3769 3961/5895/3861 3960/5894/3860
f 3961/5895/3861 3869/5793/3769 3871/5795/3771
f 3871/5795/3771 3962/5896/3862 3961/5895/3861
f 3962/5896/3862 3871/5795/3771 3873/5797/3773
f 3873/5797/3773 3963/5897/3863 3962/5896/3862
f 3963/5897/3863 3873/5797/3773 3875/5799/3775
f 3875/5799/3775 3964/5898/3864 3963/5897/3863
f 3964/5898/3864 3875/5799/3775 3877/5801/3777
f 3877/5801/3777 3965/5899/3865 3964/5898/3864
f 3965/5899/3865 3877/5801/3777 3879/5803/3779
f 3879/5803/3779 3966/5900/3866 3965/5899/3865
f 3966/5902/3866 3879/5807/3779 3881/5806/3781
f 3881/5806/3781 3967/5901/3867 3966/5902/3866
f 3967/5901/3867 3881/5806/3781 3883/5809/3783
f 3883/5809/3783 3968/5903/3868 3967/5901/3867
f 3968/5903/3868 3883/5809/3783 3853/5777/3753
f 3853/5777/3753 3969/5904/3869 3968/5903/3868
f 3969/5904/3869 3853/5777/3753 3852/5776/3752
f 3852/5776/3752 3970/5905/3870 3969/5904/3869
f 3970/5905/3870 3852/5776/3752 3885/5811/3785
f 3885/5811/3785 3971/5906/3871 3970/5905/3870
f 3971/5906/3871 3885/5811/3785 3887/5813/3787
f 3887/5813/3787 3972/5907/3872 3971/5906/3871
f 3972/5907/3872 3887/5813/3787 3889/5815/3789
f 3889/5815/3789 3973/5908/3873 3972/5907/3872
f 3973/5910/3873 3889/5819/3789 3891/5818/3791
f 3891/5818/3791 3974/5909/3874 3973/5910/3873
f 3974/5909/3874 3891/5818/3791 3893/5821/3793
f 3893/5821/3793 3975/5911/3875 3974/5909/3874
f 3975/5911/3875 3893/5821/3793 3895/5823/3795
f 3895/5823/3795 3976/5912/3876 3975/5911/3875
f 3976/5912/3876 3895/5823/3795 3897/5825/3797
f 3897/5825/3797 3977/5913/3877 3976/5912/3876
f 3977/5913/3877 3897/5825/3797 3899/5827/3799
f 3899/5827/3799 3978/5914/3878 3977/5913/3877
f 3978/5914/3878 3899/5827/3799 3901/5829/3801
f 3901/5829/3801 3979/5915/3879 3978/5914/3878
f 3979/5915/3879 3901/5829/3801 3861/5785/3761
f 3861/5785/3761 3980/5916/3880 3979/5915/3879
f 3980/5916/3880 3861/5785/3761 3860/5784/3760
f 3860/5784/3760 3981/5917/3881 3980/5916/3880
f 3981/5917/3881 3860/5784/3760 3937/5869/3837
f 3937/5869/3837 3939/5871/3839 3981/5917/3881
f 3851/5921/3882 3854/5918/3882 3920/5919/3882
f 3920/5919/3882 3884/5920/3882 3851/5921/3882
f 3880/5925/3883 3916/5922/3883 3918/5923/3884
f 3918/5923/3884 3882/5924/3884 3880/5925/3883
f 3882/5924/3884 3918/5923/3884 3855/5926/3882
f 3855/5926/3882 3850/5927/3882 3882/5924/3884
f 3876/5931/3885 3912/5928/3885 3914/5929/3886
f 3914/5929/3886 3878/5930/3886 3876/5931/3885
f 3878/5930/3886 3914/5929/3886 3916/5922/3883
f 3916/5922/3883 3880/5925/3883 3878/5930/3886
f 3872/5935/3882 3908/5932/3882 3910/5933/3887
f 3910/5933/3887 3874/5934/3887 3872/5935/3882
f 3874/5934/3887 3910/5933/3887 3912/5928/3885
f 3912/5928/3885 3876/5931/3885 3874/5934/3887
f 3868/5939/3888 3904/5936/3888 3906/5937/3889
f 3906/5937/3889 3870/5938/3889 3868/5939/3888
f 3870/5938/3889 3906/5937/3889 3908/5932/3882
f 3908/5932/3882 3872/5935/3882 3870/5938/3889
f 3866/5941/3882 3902/5940/3882 3904/5936/3888
f 3904/5936/3888 3868/5939/3888 3866/5941/3882
f 3863/5943/3882 3862/5942/3882 3902/5940/3882
f 3902/5940/3882 3866/5941/3882 3863/5943/3882
f 3855/5926/3882 3854/5918/3882 3851/5921/3882
f 3851/5921/3882 3850/5927/3882 3855/5926/3882
f 3886/5947/3882 3922/5944/3882 3924/5945/3890
f 3924/5945/3890 3888/5946/3890 3886/5947/3882
f 3884/5920/3882 3920/5919/3882 3922/5944/3882
f 3922/5944/3882 3886/5947/3882 3884/5920/3882
f 3890/5951/3891 3926/5948/3891 3928/5949/3892
f 3928/5949/3892 3892/5950/3892 3890/5951/3891
f 3888/5946/3890 3924/5945/3890 3926/5948/3891
f 3926/5948/3891 3890/5951/3891 3888/5946/3890
f 3894/5955/3882 3930/5952/3882 3932/5953/3893
f 3932/5953/3893 3896/5954/3893 3894/5955/3882
f 3892/5950/3892 3928/5949/3892 3930/5952/3882
f 3930/5952/3882 3894/5955/3882 3892/5950/3892
f 3898/5959/3894 3934/5956/3894 3936/5957/3882
f 3936/5957/3882 3900/5958/3882 3898/5959/3894
f 3896/5954/3893 3932/5953/3893 3934/5956/3894
f 3934/5956/3894 3898/5959/3894 3896/5954/3893
f 3900/5958/3882 3936/5957/3882 3859/5960/3882
f 3859/5960/3882 3858/5961/3882 3900/5958/3882

# Mesh
g LowPoly_Top_inner
usemtl lambert1
f 3985/5965/438 3982/5962/438 3983/5963/3895
f 3983/5963/3895 3984/5964/3896 3985/5965/438
f 3989/5969/3898 3986/5966/129 3987/5967/129
f 3987/5967/129 3988/5968/3897 3989/5969/3898
f 3986/5973/3899 3982/5970/3899 3985/5971/3899
f 3985/5971/3899 3987/5972/3899 3986/5973/3899
f 3993/5977/3902 3990/5974/3900 3991/5975/3900
f 3991/5975/3900 3992/5976/3901 3993/5977/3902
f 3984/5964/3896 3983/5963/3895 3993/5977/3903
f 3993/5977/3903 3992/5976/3904 3984/5964/3896
f 3995/5979/3906 3989/5969/3898 3988/5968/3897
f 3988/5968/3897 3994/5978/3905 3995/5979/3906
f 3997/5981/3909 3995/5979/3907 3994/5978/3908
f 3994/5978/3908 3996/5980/3909 3997/5981/3909

# Mesh
g LowPoly_innert_tube_B1
usemtl lambert1
f 4001/5985/3913 3998/5982/3910 3999/5983/3911
f 3999/5983/3911 4000/5984/3912 4001/5985/3913
f 4000/5984/3912 3999/5983/3911 4002/5986/3914
f 4002/5986/3914 4003/5987/3915 4000/5984/3912
f 4003/5987/3915 4002/5986/3914 4004/5988/3916
f 4004/5988/3916 4005/5989/3917 4003/5987/3915
f 4005/5993/3917 4004/5990/3916 4006/5991/3918
f 4006/5991/3918 4007/5992/3919 4005/5993/3917
f 4007/5992/3919 4006/5991/3918 4008/5994/3920
f 4008/5994/3920 4009/5995/3921 4007/5992/3919
f 4009/5995/3921 4008/5994/3920 4010/5996/3922
f 4010/5996/3922 4011/5997/3923 4009/5995/3921
f 4011/5997/3923 4010/5996/3922 4012/5998/3924
f 4012/5998/3924 4013/5999/3925 4011/5997/3923
f 4013/6003/3925 4012/6000/3924 4014/6001/3926
f 4014/6001/3926 4015/6002/3927 4013/6003/3925
f 4015/6002/3927 4014/6001/3926 4016/6004/3928
f 4016/6004/3928 4017/6005/3929 4015/6002/3927
f 4017/6005/3929 4016/6004/3928 4018/6006/3930
f 4018/6006/3930 4019/6007/3931 4017/6005/3929
f 4019/6007/3931 4018/6006/3930 4020/6008/3932
f 4020/6008/3932 4021/6009/3933 4019/6007/3931
f 4024/6012/3936 4021/6009/3933 4022/6010/3934
f 4022/6010/3934 4023/6011/3935 4024/6012/3936
f 4022/6010/3934 4025/6013/3937 4026/6014/3938
f 4026/6014/3938 4027/6015/3939 4022/6010/3934
f 4027/6015/3939 4026/6014/3938 4028/6016/3940
f 4028/6016/3940 4029/6017/3941 4027/6015/3939
f 4029/6021/3941 4028/6018/3940 4030/6019/3942
f 4030/6019/3942 4031/6020/3943 4029/6021/3941
f 4031/6020/3943 4030/6019/3942 4032/6022/3944
f 4032/6022/3944 4033/6023/3945 4031/6020/3943
f 4033/6023/3945 4032/6022/3944 4034/6024/3946
f 4034/6024/3946 4035/6025/3947 4033/6023/3945
f 4035/6025/3947 4034/6024/3946 4036/6026/3948
f 4036/6026/3948 4037/6027/3949 4035/6025/3947
f 4037/6031/3949 4036/6028/3948 4038/6029/3950
f 4038/6029/3950 4039/6030/3951 4037/6031/3949
f 4039/6030/3951 4038/6029/3950 4040/6032/3952
f 4040/6032/3952 4041/6033/3953 4039/6030/3951
f 4041/6033/3953 4040/6032/3952 3998/5982/3910
f 3998/5982/3910 4001/5985/3913 4041/6033/3953
f 4045/6037/3957 4042/6034/3954 4043/6035/3955
f 4043/6035/3955 4044/6036/3956 4045/6037/3957
f 4047/6039/3959 4045/6037/3957 4044/6036/3956
f 4044/6036/3956 4046/6038/3958 4047/6039/3959
f 4042/6034/3954 4048/6040/3960 4049/6041/3961
f 4049/6041/3961 4043/6035/3955 4042/6034/3954
f 4048/6045/3960 4050/6042/3962 4051/6043/3963
f 4051/6043/3963 4049/6044/3961 4048/6045/3960
f 4050/6042/3962 4052/6046/3964 4053/6047/3965
f 4053/6047/3965 4051/6043/3963 4050/6042/3962
f 4052/6046/3964 4054/6048/3966 4055/6049/3967
f 4055/6049/3967 4053/6047/3965 4052/6046/3964
f 4054/6048/3966 4056/6050/3968 4057/6051/3969
f 4057/6051/3969 4055/6049/3967 4054/6048/3966
f 4056/6055/3968 4058/6052/3970 4059/6053/3971
f 4059/6053/3971 4057/6054/3969 4056/6055/3968
f 4058/6052/3970 4060/6056/3972 4061/6057/3973
f 4061/6057/3973 4059/6053/3971 4058/6052/3970
f 4060/6056/3972 4062/6058/3974 4063/6059/3975
f 4063/6059/3975 4061/6057/3973 4060/6056/3972
f 4062/6058/3974 4024/6012/3936 4064/6060/3976
f 4064/6060/3976 4063/6059/3975 4062/6058/3974
f 4068/6064/3980 4065/6061/3977 4066/6062/3978
f 4066/6062/3978 4067/6063/3979 4068/6064/3980
f 4065/6068/3977 4069/6065/3981 4070/6066/3982
f 4070/6066/3982 4066/6067/3978 4065/6068/3977
f 4069/6065/3981 4071/6069/3983 4072/6070/3984
f 4072/6070/3984 4070/6066/3982 4069/6065/3981
f 4071/6069/3983 4073/6071/3985 4074/6072/3986
f 4074/6072/3986 4072/6070/3984 4071/6069/3983
f 4073/6071/3985 4075/6073/3987 4076/6074/3988
f 4076/6074/3988 4074/6072/3986 4073/6071/3985
f 4075/6078/3987 4077/6075/3989 4078/6076/3990
f 4078/6076/3990 4076/6077/3988 4075/6078/3987
f 4077/6075/3989 4079/6079/3991 4080/6080/3992
f 4080/6080/3992 4078/6076/3990 4077/6075/3989
f 4079/6079/3991 4047/6039/3959 4046/6038/3958
f 4046/6038/3958 4080/6080/3992 4079/6079/3991
f 4045/6037/3957 4000/5984/3912 4003/5987/3915
f 4003/5987/3915 4042/6034/3954 4045/6037/3957
f 4042/6034/3954 4003/5987/3915 4005/5989/3917
f 4005/5989/3917 4048/6040/3960 4042/6034/3954
f 4048/6084/3960 4005/6081/3917 4007/6082/3919
f 4007/6082/3919 4050/6083/3962 4048/6084/3960
f 4050/6083/3962 4007/6082/3919 4009/6085/3921
f 4009/6085/3921 4052/6086/3964 4050/6083/3962
f 4052/6086/3964 4009/6085/3921 4011/6087/3923
f 4011/6087/3923 4054/6088/3966 4052/6086/3964
f 4054/6088/3966 4011/6087/3923 4013/6089/3925
f 4013/6089/3925 4056/6090/3968 4054/6088/3966
f 4056/6055/3968 4013/6003/3925 4015/6002/3927
f 4015/6002/3927 4058/6052/3970 4056/6055/3968
f 4058/6052/3970 4015/6002/3927 4017/6005/3929
f 4017/6005/3929 4060/6056/3972 4058/6052/3970
f 4060/6056/3972 4017/6005/3929 4019/6007/3931
f 4019/6007/3931 4062/6058/3974 4060/6056/3972
f 4062/6058/3974 4019/6007/3931 4021/6009/3933
f 4021/6009/3933 4024/6012/3936 4062/6058/3974
f 4023/6011/3935 4022/6010/3934 4027/6015/3939
f 4027/6015/3939 4068/6064/3980 4023/6011/3935
f 4068/6064/3980 4027/6015/3939 4029/6017/3941
f 4029/6017/3941 4065/6061/3977 4068/6064/3980
f 4065/6094/3977 4029/6091/3941 4031/6092/3943
f 4031/6092/3943 4069/6093/3981 4065/6094/3977
f 4069/6093/3981 4031/6092/3943 4033/6095/3945
f 4033/6095/3945 4071/6096/3983 4069/6093/3981
f 4071/6096/3983 4033/6095/3945 4035/6097/3947
f 4035/6097/3947 4073/6098/3985 4071/6096/3983
f 4073/6098/3985 4035/6097/3947 4037/6099/3949
f 4037/6099/3949 4075/6100/3987 4073/6098/3985
f 4075/6078/3987 4037/6031/3949 4039/6030/3951
f 4039/6030/3951 4077/6075/3989 4075/6078/3987
f 4077/6075/3989 4039/6030/3951 4041/6033/3953
f 4041/6033/3953 4079/6079/3991 4077/6075/3989
f 4079/6079/3991 4041/6033/3953 4001/5985/3913
f 4001/5985/3913 4047/6039/3959 4079/6079/3991
f 4047/6039/3959 4001/5985/3913 4000/5984/3912
f 4000/5984/3912 4045/6037/3957 4047/6039/3959
f 4043/6101/163 4049/6044/163 4081/6102/3993
f 4081/6102/3993 4053/6047/3994 4055/6049/163
f 4081/6102/3993 4051/6043/3995 4053/6047/3994
f 4081/6102/3993 4049/6044/163 4051/6043/3995
f 4044/6103/163 4081/6102/3993 4046/6104/163
f 4081/6102/3993 4055/6049/163 4057/6051/163
f 4061/6105/163 4081/6102/3993 4059/6106/163
f 4081/6102/3993 4057/6051/163 4059/6106/163
f 4081/6102/3993 4063/6107/163 4064/6108/163
f 4066/6067/163 4081/6102/3993 4067/6109/163
f 4070/6066/163 4081/6102/3993 4066/6067/163
f 4072/6070/163 4081/6102/3993 4070/6066/163
f 4074/6072/163 4081/6102/3993 4072/6070/163
f 4076/6074/163 4081/6102/3993 4074/6072/163
f 4081/6102/3993 4076/6074/163 4078/6110/163
f 4080/6111/163 4081/6102/3993 4078/6110/163
f 4004/5990/3996 4082/6112/3997 4006/5991/175
f 4010/5996/175 4082/6112/3997 4012/5998/3998
f 4006/5991/175 4082/6112/3997 4008/5994/175
f 4002/6113/3999 3999/6114/4000 4082/6112/3997
f 4002/6113/3999 4082/6112/3997 4004/5990/3996
f 4082/6112/3997 3998/6115/175 4040/6116/4001
f 4082/6112/3997 4038/6117/4002 4036/6026/4003
f 4082/6112/3997 4036/6026/4003 4034/6024/4004
f 4082/6112/3997 4034/6024/4004 4032/6022/4005
f 4028/6018/4006 4082/6112/3997 4030/6019/175
f 4026/6118/4007 4025/6119/4008 4082/6112/3997
f 4016/6120/4009 4082/6112/3997 4018/6121/4010
f 4026/6118/4007 4082/6112/3997 4028/6018/4006
f 4012/5998/3998 4082/6112/3997 4014/6122/4011
f 4008/5994/175 4082/6112/3997 4010/5996/175
f 4030/6019/175 4082/6112/3997 4032/6022/4005
f 4023/6011/3935 4068/6064/3980 4067/6063/3979
f 4067/6063/3979 4083/6123/4012 4023/6011/3935
f 4024/6012/3936 4023/6011/3935 4083/6123/4012
f 4083/6123/4012 4064/6060/3976 4024/6012/3936
f 4021/6009/3933 4020/6008/3932 4025/6013/3937
f 4025/6013/3937 4022/6010/3934 4021/6009/3933
f 4063/6107/163 4081/6102/3993 4061/6105/163
f 4081/6102/3993 4064/6108/163 4083/6124/163
f 4081/6102/3993 4083/6124/163 4067/6109/163
f 4046/6104/163 4081/6102/3993 4080/6111/163
f 4043/6101/163 4081/6102/3993 4044/6103/163
f 4082/6112/3997 3999/6114/4000 3998/6115/175
f 4082/6112/3997 4040/6116/4001 4038/6117/4002
f 4014/6122/4011 4082/6112/3997 4016/6120/4009
f 4082/6112/3997 4020/6125/175 4018/6121/4010
f 4082/6112/3997 4025/6119/4008 4020/6125/175

# Mesh
g LowPoly_innert_tube_B2
usemtl lambert1
f 4087/6129/4016 4084/6126/4013 4085/6127/4014
f 4085/6127/4014 4086/6128/4015 4087/6129/4016
f 4089/6131/4018 4087/6129/4016 4086/6128/4015
f 4086/6128/4015 4088/6130/4017 4089/6131/4018
f 4091/6133/3917 4089/6131/4018 4088/6130/4017
f 4088/6130/4017 4090/6132/4019 4091/6133/3917
f 4093/6137/4021 4091/6134/3917 4090/6135/4019
f 4090/6135/4019 4092/6136/4020 4093/6137/4021
f 4095/6139/4023 4093/6137/4021 4092/6136/4020
f 4092/6136/4020 4094/6138/4022 4095/6139/4023
f 4097/6141/3923 4095/6139/4023 4094/6138/4022
f 4094/6138/4022 4096/6140/4024 4097/6141/3923
f 4099/6143/4026 4097/6141/3923 4096/6140/4024
f 4096/6140/4024 4098/6142/4025 4099/6143/4026
f 4101/6147/4028 4099/6144/4026 4098/6145/4025
f 4098/6145/4025 4100/6146/4027 4101/6147/4028
f 4103/6149/4030 4101/6147/4028 4100/6146/4027
f 4100/6146/4027 4102/6148/4029 4103/6149/4030
f 4105/6151/3931 4103/6149/4030 4102/6148/4029
f 4102/6148/4029 4104/6150/4031 4105/6151/3931
f 4107/6153/4033 4105/6151/3931 4104/6150/4031
f 4104/6150/4031 4106/6152/4032 4107/6153/4033
f 4110/6156/3936 4107/6153/4033 4108/6154/4034
f 4108/6154/4034 4109/6155/4035 4110/6156/3936
f 4113/6159/4037 4108/6154/4034 4111/6157/4036
f 4111/6157/4036 4112/6158/3938 4113/6159/4037
f 4115/6161/4039 4113/6159/4037 4112/6158/3938
f 4112/6158/3938 4114/6160/4038 4115/6161/4039
f 4117/6165/4041 4115/6162/4039 4114/6163/4038
f 4114/6163/4038 4116/6164/4040 4117/6165/4041
f 4119/6167/3945 4117/6165/4041 4116/6164/4040
f 4116/6164/4040 4118/6166/4042 4119/6167/3945
f 4121/6169/3947 4119/6167/3945 4118/6166/4042
f 4118/6166/4042 4120/6168/4043 4121/6169/3947
f 4123/6171/3949 4121/6169/3947 4120/6168/4043
f 4120/6168/4043 4122/6170/4044 4123/6171/3949
f 4125/6175/4046 4123/6172/3949 4122/6173/4044
f 4122/6173/4044 4124/6174/4045 4125/6175/4046
f 4127/6177/4048 4125/6175/4046 4124/6174/4045
f 4124/6174/4045 4126/6176/4047 4127/6177/4048
f 4084/6126/4013 4127/6177/4048 4126/6176/4047
f 4126/6176/4047 4085/6127/4014 4084/6126/4013
f 4131/6181/3954 4128/6178/4049 4129/6179/4050
f 4129/6179/4050 4130/6180/4051 4131/6181/3954
f 4130/6180/4051 4129/6179/4050 4132/6182/4052
f 4132/6182/4052 4133/6183/4053 4130/6180/4051
f 4135/6185/4055 4134/6184/4054 4128/6178/4049
f 4128/6178/4049 4131/6181/3954 4135/6185/4055
f 4137/6189/4057 4136/6186/4056 4134/6187/4054
f 4134/6187/4054 4135/6188/4055 4137/6189/4057
f 4139/6191/4059 4138/6190/4058 4136/6186/4056
f 4136/6186/4056 4137/6189/4057 4139/6191/4059
f 4141/6193/3966 4140/6192/3967 4138/6190/4058
f 4138/6190/4058 4139/6191/4059 4141/6193/3966
f 4143/6195/4061 4142/6194/4060 4140/6192/3967
f 4140/6192/3967 4141/6193/3966 4143/6195/4061
f 4145/6199/4063 4144/6196/4062 4142/6197/4060
f 4142/6197/4060 4143/6198/4061 4145/6199/4063
f 4147/6201/4065 4146/6200/4064 4144/6196/4062
f 4144/6196/4062 4145/6199/4063 4147/6201/4065
f 4149/6203/4067 4148/6202/4066 4146/6200/4064
f 4146/6200/4064 4147/6201/4065 4149/6203/4067
f 4110/6156/3936 4150/6204/4068 4148/6202/4066
f 4148/6202/4066 4149/6203/4067 4110/6156/3936
f 4154/6208/4072 4151/6205/4069 4152/6206/4070
f 4152/6206/4070 4153/6207/4071 4154/6208/4072
f 4156/6212/3981 4155/6209/4073 4151/6210/4069
f 4151/6210/4069 4154/6211/4072 4156/6212/3981
f 4158/6214/3983 4157/6213/4074 4155/6209/4073
f 4155/6209/4073 4156/6212/3981 4158/6214/3983
f 4160/6216/4076 4159/6215/4075 4157/6213/4074
f 4157/6213/4074 4158/6214/3983 4160/6216/4076
f 4162/6218/3987 4161/6217/4077 4159/6215/4075
f 4159/6215/4075 4160/6216/4076 4162/6218/3987
f 4164/6222/3989 4163/6219/4078 4161/6220/4077
f 4161/6220/4077 4162/6221/3987 4164/6222/3989
f 4166/6224/3991 4165/6223/4079 4163/6219/4078
f 4163/6219/4078 4164/6222/3989 4166/6224/3991
f 4133/6183/4053 4132/6182/4052 4165/6223/4079
f 4165/6223/4079 4166/6224/3991 4133/6183/4053
f 4130/6180/4051 4087/6129/4016 4089/6131/4018
f 4089/6131/4018 4131/6181/3954 4130/6180/4051
f 4131/6181/3954 4089/6131/4018 4091/6133/3917
f 4131/6181/3954 4091/6133/3917 4167/6225/716
f 4167/6225/716 4135/6185/4055 4131/6181/3954
f 4167/6230/716 4091/6226/3917 4093/6227/4021
f 4167/6230/716 4093/6227/4021 4137/6228/4057
f 4137/6228/4057 4135/6229/4055 4167/6230/716
f 4137/6228/4057 4093/6227/4021 4095/6231/4023
f 4095/6231/4023 4139/6232/4059 4137/6228/4057
f 4139/6232/4059 4095/6231/4023 4097/6233/3923
f 4097/6233/3923 4141/6234/3966 4139/6232/4059
f 4141/6234/3966 4097/6233/3923 4099/6235/4026
f 4099/6235/4026 4143/6236/4061 4141/6234/3966
f 4143/6198/4061 4099/6144/4026 4101/6147/4028
f 4101/6147/4028 4145/6199/4063 4143/6198/4061
f 4145/6199/4063 4101/6147/4028 4103/6149/4030
f 4103/6149/4030 4147/6201/4065 4145/6199/4063
f 4147/6201/4065 4103/6149/4030 4105/6151/3931
f 4105/6151/3931 4149/6203/4067 4147/6201/4065
f 4149/6203/4067 4105/6151/3931 4107/6153/4033
f 4107/6153/4033 4110/6156/3936 4149/6203/4067
f 4109/6155/4035 4108/6154/4034 4113/6159/4037
f 4113/6159/4037 4153/6207/4071 4109/6155/4035
f 4153/6207/4071 4113/6159/4037 4115/6161/4039
f 4115/6161/4039 4154/6208/4072 4153/6207/4071
f 4154/6240/4072 4115/6237/4039 4117/6238/4041
f 4117/6238/4041 4156/6239/3981 4154/6240/4072
f 4156/6239/3981 4117/6238/4041 4119/6241/3945
f 4119/6241/3945 4158/6242/3983 4156/6239/3981
f 4158/6242/3983 4119/6241/3945 4121/6243/3947
f 4121/6243/3947 4160/6244/4076 4158/6242/3983
f 4160/6244/4076 4121/6243/3947 4123/6245/3949
f 4123/6245/3949 4162/6246/3987 4160/6244/4076
f 4162/6221/3987 4123/6172/3949 4125/6175/4046
f 4125/6175/4046 4164/6222/3989 4162/6221/3987
f 4164/6222/3989 4125/6175/4046 4127/6177/4048
f 4127/6177/4048 4166/6224/3991 4164/6222/3989
f 4166/6224/3991 4127/6177/4048 4084/6126/4013
f 4084/6126/4013 4133/6183/4053 4166/6224/3991
f 4133/6183/4053 4084/6126/4013 4087/6129/4016
f 4087/6129/4016 4130/6180/4051 4133/6183/4053
f 4128/6247/163 4134/6187/163 4168/6248/4080
f 4168/6248/4080 4138/6190/4081 4140/6192/163
f 4168/6248/4080 4136/6186/4082 4138/6190/4081
f 4168/6248/4080 4134/6187/163 4136/6186/4082
f 4129/6249/163 4168/6248/4080 4132/6250/163
f 4168/6248/4080 4140/6192/163 4142/6194/163
f 4146/6251/163 4168/6248/4080 4144/6252/163
f 4168/6248/4080 4142/6194/163 4144/6252/163
f 4168/6248/4080 4148/6253/163 4150/6254/163
f 4151/6210/163 4168/6248/4080 4152/6255/163
f 4155/6209/163 4168/6248/4080 4151/6210/163
f 4157/6213/163 4168/6248/4080 4155/6209/163
f 4159/6215/163 4168/6248/4080 4157/6213/163
f 4161/6217/163 4168/6248/4080 4159/6215/163
f 4168/6248/4080 4161/6217/163 4163/6256/163
f 4165/6257/163 4168/6248/4080 4163/6256/163
f 4090/6135/3996 4169/6258/4083 4092/6136/175
f 4096/6140/175 4169/6258/4083 4098/6142/3998
f 4092/6136/175 4169/6258/4083 4094/6138/175
f 4088/6259/3999 4086/6260/4000 4169/6258/4083
f 4088/6259/3999 4169/6258/4083 4090/6135/3996
f 4169/6258/4083 4085/6261/175 4126/6262/4001
f 4169/6258/4083 4124/6263/4002 4122/6170/4003
f 4169/6258/4083 4122/6170/4003 4120/6168/4084
f 4169/6258/4083 4120/6168/4084 4118/6166/4085
f 4114/6163/4006 4169/6258/4083 4116/6164/175
f 4169/6258/4083 4112/6264/4086 4111/6265/4087
f 4102/6266/4009 4169/6258/4083 4104/6267/4010
f 4112/6264/4086 4169/6258/4083 4114/6163/4006
f 4098/6142/3998 4169/6258/4083 4100/6268/4011
f 4094/6138/175 4169/6258/4083 4096/6140/175
f 4116/6164/175 4169/6258/4083 4118/6166/4085
f 4153/6207/4071 4152/6206/4070 4170/6269/4088
f 4170/6269/4088 4109/6155/4035 4153/6207/4071
f 4109/6155/4035 4170/6269/4088 4150/6204/4068
f 4150/6204/4068 4110/6156/3936 4109/6155/4035
f 4108/6154/4034 4107/6153/4033 4106/6152/4032
f 4106/6152/4032 4111/6157/4036 4108/6154/4034
f 4132/6250/163 4168/6248/4080 4165/6257/163
f 4128/6247/163 4168/6248/4080 4129/6249/163
f 4148/6253/163 4168/6248/4080 4146/6251/163
f 4168/6248/4080 4150/6254/163 4170/6270/163
f 4168/6248/4080 4170/6270/163 4152/6255/163
f 4169/6258/4083 4111/6265/4087 4106/6271/175
f 4169/6258/4083 4106/6271/175 4104/6267/4010
f 4169/6258/4083 4086/6260/4000 4085/6261/175
f 4169/6258/4083 4126/6262/4001 4124/6263/4002
f 4100/6268/4011 4169/6258/4083 4102/6266/4009

# Mesh
g LowPoly_Button1
usemtl lambert1
f 4178/6279/4090 4171/6272/4089 4172/6273/4090
f 4178/6279/4090 4172/6273/4090 4173/6274/3279
f 4178/6279/4090 4173/6274/3279 4174/6275/4091
f 4178/6279/4090 4174/6275/4091 4175/6276/3279
f 4178/6279/4090 4175/6276/3279 4176/6277/3279
f 4176/6277/3279 4177/6278/4090 4178/6279/4090
f 4175/6276/3279 4174/6275/4091 4173/6274/3279
f 4175/6276/3279 4173/6274/3279 4179/6280/4092
f 4175/6276/3279 4179/6280/4092 4180/6281/4092
f 4175/6276/3279 4180/6281/4092 4181/6282/4092
f 4175/6276/3279 4181/6282/4092 4182/6283/4092
f 4182/6283/4092 4176/6277/3279 4175/6276/3279
f 4181/6291/4092 4180/6284/4092 4179/6285/4092
f 4181/6291/4092 4179/6285/4092 4183/6286/4093
f 4181/6291/4092 4183/6286/4093 4184/6287/4094
f 4181/6291/4092 4184/6287/4094 4185/6288/4093
f 4181/6291/4092 4185/6288/4093 4186/6289/4093
f 4186/6289/4093 4182/6290/4092 4181/6291/4092
f 4185/6288/4093 4184/6287/4094 4183/6286/4093
f 4185/6288/4093 4183/6286/4093 4187/6292/3282
f 4185/6288/4093 4187/6292/3282 4188/6293/4095
f 4185/6288/4093 4188/6293/4095 4189/6294/3282
f 4185/6288/4093 4189/6294/3282 4190/6295/3282
f 4190/6295/3282 4186/6289/4093 4185/6288/4093
f 4189/6294/3282 4188/6293/4095 4187/6292/3282
f 4189/6294/3282 4187/6292/3282 4191/6296/3283
f 4189/6294/3282 4191/6296/3283 4192/6297/3283
f 4189/6294/3282 4192/6297/3283 4193/6298/3283
f 4189/6294/3282 4193/6298/3283 4194/6299/3283
f 4194/6299/3283 4190/6295/3282 4189/6294/3282
f 4193/6298/3283 4192/6297/3283 4191/6296/3283
f 4193/6298/3283 4191/6296/3283 4195/6300/3284
f 4193/6298/3283 4195/6300/3284 4196/6301/4096
f 4193/6298/3283 4196/6301/4096 4197/6302/3284
f 4193/6298/3283 4197/6302/3284 4198/6303/3284
f 4198/6303/3284 4194/6299/3283 4193/6298/3283
f 4197/6311/3284 4196/6304/4096 4195/6305/3284
f 4197/6311/3284 4195/6305/3284 4199/6306/4097
f 4197/6311/3284 4199/6306/4097 4200/6307/4097
f 4197/6311/3284 4200/6307/4097 4201/6308/4097
f 4197/6311/3284 4201/6308/4097 4202/6309/4097
f 4202/6309/4097 4198/6310/3284 4197/6311/3284
f 4201/6308/4097 4200/6307/4097 4199/6306/4097
f 4201/6308/4097 4199/6306/4097 4203/6312/3286
f 4201/6308/4097 4203/6312/3286 4204/6313/4098
f 4201/6308/4097 4204/6313/4098 4205/6314/3286
f 4201/6308/4097 4205/6314/3286 4206/6315/3286
f 4206/6315/3286 4202/6309/4097 4201/6308/4097
f 4205/6314/3286 4204/6313/4098 4203/6312/3286
f 4205/6314/3286 4203/6312/3286 4207/6316/4099
f 4205/6314/3286 4207/6316/4099 4208/6317/4100
f 4205/6314/3286 4208/6317/4100 4209/6318/4099
f 4205/6314/3286 4209/6318/4099 4210/6319/4099
f 4210/6319/4099 4206/6315/3286 4205/6314/3286
f 4209/6318/4099 4208/6317/4100 4207/6316/4099
f 4209/6318/4099 4207/6316/4099 4211/6320/4101
f 4209/6318/4099 4211/6320/4101 4212/6321/4102
f 4209/6318/4099 4212/6321/4102 4213/6322/4101
f 4209/6318/4099 4213/6322/4101 4214/6323/4101
f 4214/6323/4101 4210/6319/4099 4209/6318/4099
f 4213/6322/4101 4212/6321/4102 4211/6320/4101
f 4213/6322/4101 4211/6320/4101 4215/6324/2126
f 4213/6322/4101 4215/6324/2126 4216/6325/2126
f 4213/6322/4101 4216/6325/2126 4217/6326/2126
f 4213/6322/4101 4217/6326/2126 4218/6327/2126
f 4218/6327/2126 4214/6323/4101 4213/6322/4101
f 4217/6326/2126 4216/6325/2126 4215/6324/2126
f 4217/6326/2126 4215/6324/2126 4219/6328/4103
f 4217/6326/2126 4219/6328/4103 4220/6329/4103
f 4217/6326/2126 4220/6329/4103 4221/6330/4103
f 4217/6326/2126 4221/6330/4103 4222/6331/4103
f 4222/6331/4103 4218/6327/2126 4217/6326/2126
f 4221/6339/4103 4220/6332/4103 4219/6333/4103
f 4221/6339/4103 4219/6333/4103 4223/6334/4104
f 4221/6339/4103 4223/6334/4104 4224/6335/4105
f 4221/6339/4103 4224/6335/4105 4225/6336/4104
f 4221/6339/4103 4225/6336/4104 4226/6337/4104
f 4226/6337/4104 4222/6338/4103 4221/6339/4103
f 4225/6336/4104 4224/6335/4105 4223/6334/4104
f 4225/6336/4104 4223/6334/4104 4227/6340/3292
f 4225/6336/4104 4227/6340/3292 4228/6341/4106
f 4225/6336/4104 4228/6341/4106 4229/6342/3292
f 4225/6336/4104 4229/6342/3292 4230/6343/3292
f 4230/6343/3292 4226/6337/4104 4225/6336/4104
f 4229/6342/3292 4228/6341/4106 4227/6340/3292
f 4229/6342/3292 4227/6340/3292 4231/6344/3293
f 4229/6342/3292 4231/6344/3293 4232/6345/4107
f 4229/6342/3292 4232/6345/4107 4233/6346/3293
f 4229/6342/3292 4233/6346/3293 4234/6347/3293
f 4234/6347/3293 4230/6343/3292 4229/6342/3292
f 4233/6346/3293 4232/6345/4107 4231/6344/3293
f 4233/6346/3293 4231/6344/3293 4235/6348/2436
f 4233/6346/3293 4235/6348/2436 4236/6349/4108
f 4233/6346/3293 4236/6349/4108 4237/6350/2436
f 4233/6346/3293 4237/6350/2436 4238/6351/2436
f 4238/6351/2436 4234/6347/3293 4233/6346/3293
f 4237/6359/2436 4236/6352/4108 4235/6353/2436
f 4237/6359/2436 4235/6353/2436 4239/6354/4109
f 4237/6359/2436 4239/6354/4109 4240/6355/4110
f 4237/6359/2436 4240/6355/4110 4241/6356/4111
f 4237/6359/2436 4241/6356/4111 4242/6357/4111
f 4242/6357/4111 4238/6358/2436 4237/6359/2436
f 4241/6356/4111 4240/6355/4110 4239/6354/4109
f 4241/6356/4111 4239/6354/4109 4243/6360/4112
f 4241/6356/4111 4243/6360/4112 4244/6361/4113
f 4241/6356/4111 4244/6361/4113 4245/6362/4112
f 4241/6356/4111 4245/6362/4112 4246/6363/4112
f 4246/6363/4112 4242/6357/4111 4241/6356/4111
f 4245/6362/4112 4244/6361/4113 4243/6360/4112
f 4245/6362/4112 4243/6360/4112 4247/6364/4114
f 4245/6362/4112 4247/6364/4114 4248/6365/4115
f 4245/6362/4112 4248/6365/4115 4249/6366/4114
f 4245/6362/4112 4249/6366/4114 4250/6367/4114
f 4250/6367/4114 4246/6363/4112 4245/6362/4112
f 4249/6366/4114 4248/6365/4115 4247/6364/4114
f 4249/6366/4114 4247/6364/4114 4172/6273/4090
f 4249/6366/4114 4172/6273/4090 4171/6272/4089
f 4249/6366/4114 4171/6272/4089 4178/6279/4090
f 4249/6366/4114 4178/6279/4090 4177/6278/4090
f 4177/6278/4090 4250/6367/4114 4249/6366/4114
f 4246/6371/163 4250/6368/163 4251/6369/163
f 4251/6369/163 4252/6370/163 4246/6371/163
f 4176/6375/163 4182/6372/163 4253/6373/163
f 4253/6373/163 4254/6374/163 4176/6375/163
f 4230/6379/163 4234/6376/163 4238/6377/163
f 4238/6377/163 4255/6378/163 4230/6379/163
f 4250/6368/163 4177/6380/163 4256/6381/163
f 4256/6381/163 4251/6369/163 4250/6368/163
f 4177/6380/163 4176/6375/163 4254/6374/163
f 4254/6374/163 4256/6381/163 4177/6380/163
f 4186/6383/163 4190/6382/163 4253/6373/163
f 4253/6373/163 4182/6372/163 4186/6383/163
f 4190/6382/163 4194/6384/163 4198/6385/163
f 4198/6385/163 4253/6373/163 4190/6382/163
f 4198/6385/163 4202/6386/163 4254/6374/163
f 4254/6374/163 4253/6373/163 4198/6385/163
f 4202/6386/163 4206/6387/163 4256/6381/163
f 4256/6381/163 4254/6374/163 4202/6386/163
f 4206/6387/163 4210/6388/163 4251/6369/163
f 4251/6369/163 4256/6381/163 4206/6387/163
f 4210/6388/163 4214/6389/163 4252/6370/163
f 4252/6370/163 4251/6369/163 4210/6388/163
f 4226/6391/163 4230/6379/163 4255/6378/163
f 4255/6378/163 4222/6390/163 4226/6391/163
f 4242/6393/163 4246/6371/163 4252/6370/163
f 4252/6370/163 4257/6392/163 4242/6393/163
f 4214/6389/163 4218/6394/163 4257/6392/163
f 4257/6392/163 4252/6370/163 4214/6389/163
f 4218/6394/163 4222/6390/163 4255/6378/163
f 4255/6378/163 4257/6392/163 4218/6394/163
f 4238/6377/163 4242/6393/163 4257/6392/163
f 4257/6392/163 4255/6378/163 4238/6377/163
f 4259/6398/175 4243/6395/175 4239/6396/175
f 4239/6396/175 4258/6397/175 4259/6398/175
f 4261/6402/175 4172/6399/175 4247/6400/175
f 4247/6400/175 4260/6401/175 4261/6402/175
f 4260/6401/175 4247/6400/175 4243/6395/175
f 4243/6395/175 4259/6398/175 4260/6401/175
f 4235/6406/175 4231/6403/175 4227/6404/175
f 4227/6404/175 4262/6405/175 4235/6406/175
f 4263/6408/175 4173/6407/175 4172/6399/175
f 4172/6399/175 4261/6402/175 4263/6408/175
f 4264/6412/175 4187/6409/175 4183/6410/175
f 4183/6410/175 4179/6411/175 4264/6412/175
f 4264/6412/175 4179/6411/175 4173/6407/175
f 4173/6407/175 4263/6408/175 4264/6412/175
f 4258/6397/175 4239/6396/175 4235/6406/175
f 4235/6406/175 4262/6405/175 4258/6397/175
f 4262/6405/175 4227/6404/175 4223/6413/175
f 4223/6413/175 4219/6414/175 4262/6405/175
f 4262/6405/175 4219/6414/175 4215/6415/175
f 4215/6415/175 4258/6397/175 4262/6405/175
f 4258/6397/175 4215/6415/175 4211/6416/175
f 4211/6416/175 4259/6398/175 4258/6397/175
f 4259/6398/175 4211/6416/175 4207/6417/175
f 4207/6417/175 4260/6401/175 4259/6398/175
f 4260/6401/175 4207/6417/175 4203/6418/175
f 4203/6418/175 4261/6402/175 4260/6401/175
f 4261/6402/175 4203/6418/175 4199/6419/175
f 4199/6419/175 4263/6408/175 4261/6402/175
f 4263/6408/175 4199/6419/175 4195/6420/175
f 4195/6420/175 4264/6412/175 4263/6408/175
f 4195/6420/175 4191/6421/175 4187/6409/175
f 4187/6409/175 4264/6412/175 4195/6420/175

# Mesh
g LowPoly_Button3
usemtl lambert1
f 4268/6425/3278 4265/6422/3278 4266/6423/3279
f 4266/6423/3279 4267/6424/3279 4268/6425/3278
f 4267/6424/3279 4266/6423/3279 4269/6426/3280
f 4269/6426/3280 4270/6427/3280 4267/6424/3279
f 4270/6431/3280 4269/6428/3280 4271/6429/3281
f 4271/6429/3281 4272/6430/3281 4270/6431/3280
f 4272/6430/3281 4271/6429/3281 4273/6432/3282
f 4273/6432/3282 4274/6433/3282 4272/6430/3281
f 4274/6433/3282 4273/6432/3282 4275/6434/3283
f 4275/6434/3283 4276/6435/3283 4274/6433/3282
f 4276/6435/3283 4275/6434/3283 4277/6436/3284
f 4277/6436/3284 4278/6437/3284 4276/6435/3283
f 4278/6442/3284 4277/6438/3284 4279/6439/3285
f 4278/6442/3284 4279/6439/3285 4280/6440/3285
f 4280/6440/3285 4281/6441/3285 4278/6442/3284
f 4280/6440/3285 4279/6439/3285 4282/6443/3286
f 4280/6440/3285 4282/6443/3286 4283/6444/3286
f 4283/6444/3286 4281/6441/3285 4280/6440/3285
f 4283/6444/3286 4282/6443/3286 4284/6445/2855
f 4284/6445/2855 4285/6446/2855 4283/6444/3286
f 4285/6446/2855 4284/6445/2855 4286/6447/3297
f 4286/6447/3297 4287/6448/3297 4285/6446/2855
f 4287/6448/3297 4286/6447/3297 4288/6449/3289
f 4288/6449/3289 4289/6450/3289 4287/6448/3297
f 4289/6450/3289 4288/6449/3289 4290/6451/3290
f 4290/6451/3290 4291/6452/3290 4289/6450/3289
f 4291/6456/3290 4290/6453/3290 4292/6454/3291
f 4292/6454/3291 4293/6455/3291 4291/6456/3290
f 4293/6455/3291 4292/6454/3291 4294/6457/3292
f 4294/6457/3292 4295/6458/3292 4293/6455/3291
f 4295/6458/3292 4294/6457/3292 4296/6459/3293
f 4296/6459/3293 4297/6460/3293 4295/6458/3292
f 4297/6460/3293 4296/6459/3293 4298/6461/3294
f 4298/6461/3294 4299/6462/3294 4297/6460/3293
f 4299/6466/3294 4298/6463/3294 4300/6464/711
f 4300/6464/711 4301/6465/711 4299/6466/3294
f 4301/6465/711 4300/6464/711 4302/6467/3295
f 4302/6467/3295 4303/6468/3295 4301/6465/711
f 4303/6468/3295 4302/6467/3295 4304/6469/3296
f 4304/6469/3296 4305/6470/3296 4303/6468/3295
f 4305/6470/3296 4304/6469/3296 4265/6422/3278
f 4265/6422/3278 4268/6425/3278 4305/6470/3296
f 4303/6474/163 4305/6471/163 4306/6472/163
f 4306/6472/163 4307/6473/163 4303/6474/163
f 4267/6478/163 4270/6475/163 4308/6476/163
f 4308/6476/163 4309/6477/163 4267/6478/163
f 4295/6482/163 4297/6479/163 4299/6480/163
f 4299/6480/163 4310/6481/163 4295/6482/163
f 4305/6471/163 4268/6483/163 4311/6484/163
f 4311/6484/163 4306/6472/163 4305/6471/163
f 4268/6483/163 4267/6478/163 4309/6477/163
f 4309/6477/163 4311/6484/163 4268/6483/163
f 4272/6486/163 4274/6485/163 4308/6476/163
f 4308/6476/163 4270/6475/163 4272/6486/163
f 4274/6485/163 4276/6487/163 4278/6488/163
f 4278/6488/163 4308/6476/163 4274/6485/163
f 4281/6490/163 4312/6489/163 4309/6477/163
f 4281/6490/163 4309/6477/163 4308/6476/163
f 4308/6476/163 4278/6488/163 4281/6490/163
f 4283/6491/163 4311/6484/163 4309/6477/163
f 4283/6491/163 4309/6477/163 4312/6489/163
f 4283/6491/163 4312/6489/163 4281/6490/163
f 4283/6491/163 4285/6492/163 4306/6472/163
f 4306/6472/163 4311/6484/163 4283/6491/163
f 4285/6492/163 4287/6493/163 4307/6473/163
f 4307/6473/163 4306/6472/163 4285/6492/163
f 4293/6495/163 4295/6482/163 4310/6481/163
f 4310/6481/163 4291/6494/163 4293/6495/163
f 4301/6497/163 4303/6474/163 4307/6473/163
f 4307/6473/163 4313/6496/163 4301/6497/163
f 4287/6493/163 4289/6498/163 4313/6496/163
f 4313/6496/163 4307/6473/163 4287/6493/163
f 4289/6498/163 4291/6494/163 4310/6481/163
f 4310/6481/163 4313/6496/163 4289/6498/163
f 4299/6480/163 4301/6497/163 4313/6496/163
f 4313/6496/163 4310/6481/163 4299/6480/163
f 4315/6502/175 4302/6499/175 4300/6500/175
f 4300/6500/175 4314/6501/175 4315/6502/175
f 4317/6506/175 4265/6503/175 4304/6504/175
f 4304/6504/175 4316/6505/175 4317/6506/175
f 4316/6505/175 4304/6504/175 4302/6499/175
f 4302/6499/175 4315/6502/175 4316/6505/175
f 4298/6510/175 4296/6507/175 4294/6508/175
f 4294/6508/175 4318/6509/175 4298/6510/175
f 4319/6512/175 4266/6511/175 4265/6503/175
f 4265/6503/175 4317/6506/175 4319/6512/175
f 4320/6516/175 4273/6513/175 4271/6514/175
f 4271/6514/175 4269/6515/175 4320/6516/175
f 4320/6516/175 4269/6515/175 4266/6511/175
f 4266/6511/175 4319/6512/175 4320/6516/175
f 4314/6501/175 4300/6500/175 4298/6510/175
f 4298/6510/175 4318/6509/175 4314/6501/175
f 4318/6509/175 4294/6508/175 4292/6517/175
f 4292/6517/175 4290/6518/175 4318/6509/175
f 4318/6509/175 4290/6518/175 4288/6519/175
f 4288/6519/175 4314/6501/175 4318/6509/175
f 4314/6501/175 4288/6519/175 4286/6520/175
f 4286/6520/175 4315/6502/175 4314/6501/175
f 4315/6502/175 4286/6520/175 4284/6521/175
f 4284/6521/175 4316/6505/175 4315/6502/175
f 4316/6505/175 4284/6521/175 4282/6522/175
f 4282/6522/175 4317/6506/175 4316/6505/175
f 4317/6506/175 4282/6522/175 4279/6523/175
f 4279/6523/175 4319/6512/175 4317/6506/175
f 4319/6512/175 4279/6523/175 4277/6524/175
f 4277/6524/175 4320/6516/175 4319/6512/175
f 4277/6524/175 4275/6525/175 4273/6513/175
f 4273/6513/175 4320/6516/175 4277/6524/175

# Mesh
g LowPoly_Circle_With_Bump_B1
usemtl lambert1
f 4328/6533/3020 4321/6526/3020 4322/6527/3020
f 4328/6533/3020 4322/6527/3020 4323/6528/3021
f 4328/6533/3020 4323/6528/3021 4324/6529/3021
f 4328/6533/3020 4324/6529/3021 4325/6530/3021
f 4328/6533/3020 4325/6530/3021 4326/6531/3021
f 4326/6531/3021 4327/6532/3020 4328/6533/3020
f 4325/6530/3021 4324/6529/3021 4323/6528/3021
f 4325/6530/3021 4323/6528/3021 4329/6534/3022
f 4325/6530/3021 4329/6534/3022 4330/6535/3022
f 4325/6530/3021 4330/6535/3022 4331/6536/3022
f 4325/6530/3021 4331/6536/3022 4332/6537/3022
f 4332/6537/3022 4326/6531/3021 4325/6530/3021
f 4331/6545/3022 4330/6538/3022 4329/6539/3022
f 4331/6545/3022 4329/6539/3022 4333/6540/3023
f 4331/6545/3022 4333/6540/3023 4334/6541/3023
f 4331/6545/3022 4334/6541/3023 4335/6542/3023
f 4331/6545/3022 4335/6542/3023 4336/6543/3023
f 4336/6543/3023 4332/6544/3022 4331/6545/3022
f 4335/6542/3023 4334/6541/3023 4333/6540/3023
f 4335/6542/3023 4333/6540/3023 4337/6546/3024
f 4335/6542/3023 4337/6546/3024 4338/6547/3025
f 4335/6542/3023 4338/6547/3025 4339/6548/3025
f 4335/6542/3023 4339/6548/3025 4340/6549/3024
f 4340/6549/3024 4336/6543/3023 4335/6542/3023
f 4341/6550/3026 4342/6551/3027 4343/6552/3026
f 4341/6550/3026 4343/6552/3026 4344/6553/3028
f 4341/6550/3026 4344/6553/3028 4345/6554/3029
f 4341/6550/3026 4345/6554/3029 4346/6555/3029
f 4341/6550/3026 4346/6555/3029 4347/6556/3030
f 4341/6550/3026 4347/6556/3030 4348/6557/3026
f 4341/6550/3026 4348/6557/3026 4349/6558/3026
f 4341/6550/3026 4349/6558/3026 4350/6559/3026
f 4347/6556/3030 4346/6555/3029 4345/6554/3029
f 4347/6556/3030 4345/6554/3029 4344/6553/3028
f 4347/6556/3030 4344/6553/3028 4351/6560/3031
f 4347/6556/3030 4351/6560/3031 4352/6561/3031
f 4347/6556/3030 4352/6561/3031 4353/6562/3031
f 4347/6556/3030 4353/6562/3031 4354/6563/3031
f 4347/6556/3030 4354/6563/3031 4355/6564/3031
f 4355/6564/3031 4356/6565/3031 4347/6556/3030
f 4366/6575/3032 4357/6566/3032 4358/6567/3032
f 4366/6575/3032 4358/6567/3032 4359/6568/3032
f 4366/6575/3032 4359/6568/3032 4360/6569/3032
f 4366/6575/3032 4360/6569/3032 4361/6570/3033
f 4366/6575/3032 4361/6570/3033 4362/6571/3033
f 4366/6575/3032 4362/6571/3033 4363/6572/3033
f 4366/6575/3032 4363/6572/3033 4364/6573/3033
f 4364/6573/3033 4365/6574/3032 4366/6575/3032
f 4374/6583/3034 4367/6576/3034 4368/6577/3035
f 4374/6583/3034 4368/6577/3035 4369/6578/3036
f 4374/6583/3034 4369/6578/3036 4370/6579/3036
f 4374/6583/3034 4370/6579/3036 4371/6580/3036
f 4374/6583/3034 4371/6580/3036 4372/6581/3036
f 4372/6581/3036 4373/6582/3034 4374/6583/3034
f 4380/6589/2855 4375/6584/3037 4372/6581/3036
f 4380/6589/2855 4372/6581/3036 4371/6580/3036
f 4380/6589/2855 4371/6580/3036 4370/6579/3036
f 4380/6589/2855 4370/6579/3036 4369/6578/3036
f 4380/6589/2855 4369/6578/3036 4376/6585/3037
f 4380/6589/2855 4376/6585/3037 4377/6586/2855
f 4380/6589/2855 4377/6586/2855 4378/6587/2855
f 4378/6587/2855 4379/6588/2855 4380/6589/2855
f 4379/6588/2855 4378/6587/2855 4377/6586/2855
f 4379/6588/2855 4377/6586/2855 4381/6590/3038
f 4379/6588/2855 4381/6590/3038 4382/6591/3038
f 4379/6588/2855 4382/6591/3038 4383/6592/3038
f 4379/6588/2855 4383/6592/3038 4384/6593/3038
f 4384/6593/3038 4380/6589/2855 4379/6588/2855
f 4383/6592/3038 4382/6591/3038 4381/6590/3038
f 4383/6592/3038 4381/6590/3038 4385/6594/3039
f 4383/6592/3038 4385/6594/3039 4386/6595/3039
f 4383/6592/3038 4386/6595/3039 4387/6596/3039
f 4383/6592/3038 4387/6596/3039 4388/6597/3039
f 4388/6597/3039 4384/6593/3038 4383/6592/3038
f 4387/6596/3039 4386/6595/3039 4385/6594/3039
f 4387/6596/3039 4385/6594/3039 4389/6598/3040
f 4387/6596/3039 4389/6598/3040 4390/6599/3040
f 4387/6596/3039 4390/6599/3040 4391/6600/3040
f 4387/6596/3039 4391/6600/3040 4392/6601/3040
f 4392/6601/3040 4388/6597/3039 4387/6596/3039
f 4391/6609/3040 4390/6602/3040 4389/6603/3040
f 4391/6609/3040 4389/6603/3040 4393/6604/3041
f 4391/6609/3040 4393/6604/3041 4394/6605/3041
f 4391/6609/3040 4394/6605/3041 4395/6606/3041
f 4391/6609/3040 4395/6606/3041 4396/6607/3041
f 4396/6607/3041 4392/6608/3040 4391/6609/3040
f 4395/6606/3041 4394/6605/3041 4393/6604/3041
f 4395/6606/3041 4393/6604/3041 4397/6610/3042
f 4395/6606/3041 4397/6610/3042 4398/6611/3042
f 4395/6606/3041 4398/6611/3042 4399/6612/3042
f 4395/6606/3041 4399/6612/3042 4400/6613/3042
f 4400/6613/3042 4396/6607/3041 4395/6606/3041
f 4399/6612/3042 4398/6611/3042 4397/6610/3042
f 4399/6612/3042 4397/6610/3042 4401/6614/3043
f 4399/6612/3042 4401/6614/3043 4402/6615/3043
f 4399/6612/3042 4402/6615/3043 4403/6616/3043
f 4399/6612/3042 4403/6616/3043 4404/6617/3043
f 4404/6617/3043 4400/6613/3042 4399/6612/3042
f 4403/6616/3043 4402/6615/3043 4401/6614/3043
f 4403/6616/3043 4401/6614/3043 4405/6618/3044
f 4403/6616/3043 4405/6618/3044 4406/6619/3044
f 4403/6616/3043 4406/6619/3044 4407/6620/3044
f 4403/6616/3043 4407/6620/3044 4408/6621/3044
f 4408/6621/3044 4404/6617/3043 4403/6616/3043
f 4407/6629/3044 4406/6622/3044 4405/6623/3044
f 4407/6629/3044 4405/6623/3044 4409/6624/3045
f 4407/6629/3044 4409/6624/3045 4410/6625/3045
f 4407/6629/3044 4410/6625/3045 4411/6626/3045
f 4407/6629/3044 4411/6626/3045 4412/6627/3045
f 4412/6627/3045 4408/6628/3044 4407/6629/3044
f 4411/6626/3045 4410/6625/3045 4409/6624/3045
f 4411/6626/3045 4409/6624/3045 4413/6630/3046
f 4411/6626/3045 4413/6630/3046 4414/6631/3046
f 4411/6626/3045 4414/6631/3046 4415/6632/3046
f 4411/6626/3045 4415/6632/3046 4416/6633/3046
f 4416/6633/3046 4412/6627/3045 4411/6626/3045
f 4415/6632/3046 4414/6631/3046 4413/6630/3046
f 4415/6632/3046 4413/6630/3046 4417/6634/3047
f 4415/6632/3046 4417/6634/3047 4418/6635/3047
f 4415/6632/3046 4418/6635/3047 4419/6636/3047
f 4415/6632/3046 4419/6636/3047 4420/6637/3047
f 4420/6637/3047 4416/6633/3046 4415/6632/3046
f 4419/6636/3047 4418/6635/3047 4417/6634/3047
f 4419/6636/3047 4417/6634/3047 4322/6527/3020
f 4419/6636/3047 4322/6527/3020 4321/6526/3020
f 4419/6636/3047 4321/6526/3020 4328/6533/3020
f 4419/6636/3047 4328/6533/3020 4327/6532/3020
f 4327/6532/3020 4420/6637/3047 4419/6636/3047
f 4421/6638/3048 4416/6639/3048 4420/6640/3048
f 4421/6638/3048 4420/6640/3048 4422/6641/3048
f 4421/6638/3048 4422/6641/3048 4423/6642/3048
f 4421/6638/3048 4423/6642/3048 4424/6643/3048
f 4424/6643/3048 4425/6644/3048 4426/6645/3048
f 4421/6638/3048 4424/6643/3048 4426/6645/3048
f 4432/6653/3048 4427/6646/3048 4326/6647/3048
f 4432/6653/3048 4326/6647/3048 4332/6648/3048
f 4432/6653/3048 4332/6648/3048 4428/6649/3048
f 4432/6653/3048 4428/6649/3048 4429/6650/3048
f 4432/6653/3048 4429/6650/3048 4430/6651/3048
f 4430/6651/3048 4431/6652/3048 4432/6653/3048
f 4433/6654/3048 4400/6655/3048 4404/6656/3048
f 4433/6654/3048 4404/6656/3048 4434/6657/3048
f 4433/6654/3048 4434/6657/3048 4435/6658/3048
f 4433/6654/3048 4435/6658/3048 4436/6659/3048
f 4436/6659/3048 4437/6660/3048 4438/6661/3048
f 4433/6654/3048 4436/6659/3048 4438/6661/3048
f 4435/6658/3048 4434/6657/3048 4404/6656/3048
f 4435/6658/3048 4404/6656/3048 4408/6662/3048
f 4435/6658/3048 4408/6662/3048 4439/6663/3048
f 4435/6658/3048 4439/6663/3048 4440/6664/3048
f 4435/6658/3048 4440/6664/3048 4441/6665/3048
f 4441/6665/3048 4436/6659/3048 4435/6658/3048
f 4422/6641/3048 4420/6640/3048 4327/6666/3048
f 4422/6641/3048 4327/6666/3048 4442/6667/3048
f 4422/6641/3048 4442/6667/3048 4443/6668/3048
f 4422/6641/3048 4443/6668/3048 4444/6669/3048
f 4422/6641/3048 4444/6669/3048 4424/6643/3048
f 4422/6641/3048 4424/6643/3048 4423/6642/3048
f 4442/6667/3048 4327/6666/3048 4326/6647/3048
f 4442/6667/3048 4326/6647/3048 4427/6646/3048
f 4442/6667/3048 4427/6646/3048 4432/6653/3048
f 4442/6667/3048 4432/6653/3048 4431/6652/3048
f 4442/6667/3048 4431/6652/3048 4444/6669/3048
f 4442/6667/3048 4444/6669/3048 4443/6668/3048
f 4428/6649/3048 4332/6648/3048 4336/6670/3048
f 4428/6649/3048 4336/6670/3048 4445/6671/3048
f 4428/6649/3048 4445/6671/3048 4446/6672/3048
f 4428/6649/3048 4446/6672/3048 4447/6673/3049
f 4428/6649/3048 4447/6673/3049 4430/6651/3048
f 4428/6649/3048 4430/6651/3048 4429/6650/3048
f 4445/6671/3048 4336/6670/3048 4340/6674/3048
f 4445/6671/3048 4340/6674/3048 4448/6675/3048
f 4445/6671/3048 4448/6675/3048 4449/6676/3048
f 4445/6671/3048 4449/6676/3048 4450/6677/3050
f 4450/6677/3050 4447/6673/4116 4446/6672/3048
f 4445/6671/3048 4450/6677/3050 4446/6672/3048
f 4448/6675/3051 4340/6674/3052 4451/6678/3053
f 4448/6675/3051 4451/6678/3053 4452/6679/3054
f 4448/6675/3051 4452/6679/3054 4453/6680/3051
f 4448/6675/3051 4453/6680/3051 4454/6681/3051
f 4448/6675/3051 4454/6681/3051 4455/6682/3055
f 4448/6675/3051 4455/6682/3055 4456/6683/3056
f 4448/6675/3051 4456/6683/3056 4450/6677/3057
f 4448/6675/3051 4450/6677/3057 4449/6676/3051
f 4454/6681/3048 4453/6680/3048 4452/6679/3054
f 4454/6681/3048 4452/6679/3054 4457/6684/3048
f 4454/6681/3048 4457/6684/3048 4366/6685/3048
f 4454/6681/3048 4366/6685/3048 4458/6686/3048
f 4454/6681/3048 4458/6686/3048 4459/6687/3048
f 4454/6681/3048 4459/6687/3048 4460/6688/3048
f 4454/6681/3048 4460/6688/3048 4461/6689/3048
f 4461/6689/3048 4455/6682/3048 4454/6681/3048
f 4465/6695/3048 4462/6690/3048 4460/6688/3048
f 4465/6695/3048 4460/6688/3048 4459/6687/3048
f 4465/6695/3048 4459/6687/3048 4458/6686/3048
f 4465/6695/3048 4458/6686/3048 4366/6685/3048
f 4465/6695/3048 4366/6685/3048 4365/6691/3048
f 4465/6695/3048 4365/6691/3048 4364/6692/3048
f 4465/6695/3048 4364/6692/3048 4463/6693/3048
f 4463/6693/3048 4464/6694/3048 4465/6695/3048
f 4466/6696/3048 4373/6697/3048 4372/6698/3048
f 4466/6696/3048 4372/6698/3048 4467/6699/3048
f 4466/6696/3048 4467/6699/3048 4468/6700/3048
f 4466/6696/3048 4468/6700/3048 4469/6701/3048
f 4466/6696/3048 4469/6701/3048 4470/6702/3048
f 4466/6696/3048 4470/6702/3048 4471/6703/3048
f 4467/6699/3048 4372/6698/3048 4375/6704/3048
f 4467/6699/3048 4375/6704/3048 4472/6705/3048
f 4467/6699/3048 4472/6705/3048 4473/6706/3048
f 4467/6699/3048 4473/6706/3048 4474/6707/3048
f 4467/6699/3048 4474/6707/3048 4469/6701/3048
f 4467/6699/3048 4469/6701/3048 4468/6700/3048
f 4475/6708/3048 4380/6709/3048 4384/6710/3048
f 4475/6708/3048 4384/6710/3048 4476/6711/3048
f 4475/6708/3048 4476/6711/3048 4477/6712/3048
f 4475/6708/3048 4477/6712/3048 4478/6713/3048
f 4475/6708/3048 4478/6713/3048 4479/6714/3048
f 4475/6708/3048 4479/6714/3048 4480/6715/3048
f 4481/6716/3048 4396/6717/3048 4400/6655/3048
f 4481/6716/3048 4400/6655/3048 4433/6654/3048
f 4481/6716/3048 4433/6654/3048 4438/6661/3048
f 4481/6716/3048 4438/6661/3048 4437/6660/4117
f 4437/6660/4117 4482/6718/3058 4483/6719/3048
f 4481/6716/3048 4437/6660/4117 4483/6719/3048
f 4484/6720/3048 4392/6721/3048 4396/6717/3048
f 4484/6720/3048 4396/6717/3048 4481/6716/3048
f 4484/6720/3048 4481/6716/3048 4483/6719/3048
f 4484/6720/3048 4483/6719/3048 4482/6718/3048
f 4482/6718/3048 4485/6722/3048 4486/6723/3048
f 4484/6720/3048 4482/6718/3048 4486/6723/3048
f 4487/6724/3048 4412/6725/3048 4416/6639/3048
f 4487/6724/3048 4416/6639/3048 4421/6638/3048
f 4487/6724/3048 4421/6638/3048 4426/6645/3048
f 4487/6724/3048 4426/6645/3048 4425/6644/3048
f 4425/6644/3048 4488/6726/3048 4489/6727/3048
f 4487/6724/3048 4425/6644/3048 4489/6727/3048
f 4477/6712/3048 4476/6711/3048 4384/6710/3048
f 4477/6712/3048 4384/6710/3048 4388/6728/3048
f 4477/6712/3048 4388/6728/3048 4490/6729/3048
f 4477/6712/3048 4490/6729/3048 4491/6730/3048
f 4477/6712/3048 4491/6730/3048 4492/6731/3048
f 4492/6731/3048 4478/6713/3048 4477/6712/3048
f 4491/6730/3048 4490/6729/3048 4388/6728/3048
f 4491/6730/3048 4388/6728/3048 4392/6721/3048
f 4491/6730/3048 4392/6721/3048 4484/6720/3048
f 4491/6730/3048 4484/6720/3048 4486/6723/3048
f 4491/6730/3048 4486/6723/3048 4485/6722/3048
f 4485/6722/3048 4492/6731/3048 4491/6730/3048
f 4440/6664/3048 4439/6663/3048 4408/6662/3048
f 4440/6664/3048 4408/6662/3048 4412/6725/3048
f 4440/6664/3048 4412/6725/3048 4487/6724/3048
f 4440/6664/3048 4487/6724/3048 4489/6727/3048
f 4440/6664/3048 4489/6727/3048 4488/6726/3048
f 4488/6726/3048 4441/6665/3048 4440/6664/3048
f 4494/6735/3059 4413/6732/3059 4409/6733/3059
f 4409/6733/3059 4493/6734/3059 4494/6735/3059
f 4496/6739/3059 4322/6736/3059 4417/6737/3059
f 4417/6737/3059 4495/6738/3059 4496/6739/3059
f 4495/6738/3059 4417/6737/3059 4413/6732/3059
f 4413/6732/3059 4494/6735/3059 4495/6738/3059
f 4498/6743/3059 4405/6740/3059 4401/6741/3059
f 4401/6741/3059 4497/6742/3059 4498/6743/3059
f 4497/6742/3061 4401/6741/3059 4397/6744/3059
f 4397/6744/3059 4499/6745/3060 4497/6742/3061
f 4500/6747/3059 4323/6746/3059 4322/6736/3059
f 4322/6736/3059 4496/6739/3059 4500/6747/3059
f 4502/6751/3064 4337/6748/3062 4333/6749/3062
f 4333/6749/3062 4501/6750/3063 4502/6751/3064
f 4501/6750/3059 4333/6749/3062 4329/6752/3059
f 4329/6752/3059 4503/6753/3059 4501/6750/3059
f 4503/6753/3059 4329/6752/3059 4323/6746/3059
f 4323/6746/3059 4500/6747/3059 4503/6753/3059
f 4493/6734/3059 4409/6733/3059 4405/6740/3059
f 4405/6740/3059 4498/6743/3059 4493/6734/3059
f 4499/6745/3060 4397/6744/3059 4393/6754/3059
f 4393/6754/3059 4504/6755/3059 4499/6745/3060
f 4504/6755/3059 4393/6754/3059 4389/6756/3059
f 4389/6756/3059 4505/6757/3059 4504/6755/3059
f 4505/6757/3059 4389/6756/3059 4385/6758/3059
f 4385/6758/3059 4506/6759/3059 4505/6757/3059
f 4506/6759/3059 4385/6758/3059 4381/6760/3059
f 4381/6760/3059 4507/6761/3059 4506/6759/3059
f 4507/6761/3059 4381/6760/3059 4377/6762/3059
f 4377/6762/3059 4508/6763/3059 4507/6761/3059
f 4377/6762/3059 4376/6764/3059 4369/6765/3059
f 4377/6762/3059 4369/6765/3059 4509/6766/3059
f 4377/6762/3059 4509/6766/3059 4510/6767/3059
f 4510/6767/3059 4508/6763/3059 4377/6762/3059
f 4509/6766/3059 4369/6765/3059 4368/6768/3059
f 4368/6768/3059 4511/6769/3059 4509/6766/3059
f 4360/6770/3059 4359/6771/3059 4512/6772/3065
f 4360/6770/3059 4512/6772/3065 4513/6773/3066
f 4360/6770/3059 4513/6773/3066 4514/6774/3067
f 4360/6770/3059 4514/6774/3067 4361/6775/3059
f 4515/6776/3059 4516/6777/3068 4517/6778/3059
f 4515/6776/3059 4517/6778/3059 4518/6779/3059
f 4515/6776/3059 4518/6779/3059 4512/6772/3059
f 4515/6776/3059 4512/6772/3059 4359/6771/3059
f 4516/6777/3068 4519/6780/3069 4337/6748/3070
f 4516/6777/3068 4337/6748/3070 4502/6751/3071
f 4516/6777/3068 4502/6751/3071 4520/6781/3072
f 4520/6781/3072 4517/6778/3073 4516/6777/3068
f 4528/6789/3074 4521/6782/3074 4522/6783/3074
f 4528/6789/3074 4522/6783/3074 4523/6784/3075
f 4528/6789/3074 4523/6784/3075 4524/6785/3075
f 4528/6789/3074 4524/6785/3075 4525/6786/3075
f 4528/6789/3074 4525/6786/3075 4526/6787/3075
f 4526/6787/3075 4527/6788/3074 4528/6789/3074
f 4536/6797/3076 4529/6790/3076 4530/6791/3076
f 4536/6797/3076 4530/6791/3076 4531/6792/3077
f 4536/6797/3076 4531/6792/3077 4532/6793/3077
f 4536/6797/3076 4532/6793/3077 4533/6794/3077
f 4536/6797/3076 4533/6794/3077 4534/6795/3077
f 4534/6795/3077 4535/6796/3076 4536/6797/3076
f 4533/6794/3077 4532/6793/3077 4531/6792/3077
f 4533/6794/3077 4531/6792/3077 4522/6783/3074
f 4533/6794/3077 4522/6783/3074 4521/6782/3074
f 4533/6794/3077 4521/6782/3074 4528/6789/3074
f 4533/6794/3077 4528/6789/3074 4527/6788/3074
f 4527/6788/3074 4534/6795/3077 4533/6794/3077
f 4544/6805/3078 4537/6798/3078 4538/6799/3078
f 4544/6805/3078 4538/6799/3078 4539/6800/3079
f 4544/6805/3078 4539/6800/3079 4540/6801/3079
f 4544/6805/3078 4540/6801/3079 4541/6802/3079
f 4544/6805/3078 4541/6802/3079 4542/6803/3079
f 4542/6803/3079 4543/6804/3078 4544/6805/3078
f 4541/6802/3079 4540/6801/3079 4539/6800/3079
f 4541/6802/3079 4539/6800/3079 4545/6806/3080
f 4541/6802/3079 4545/6806/3080 4546/6807/3080
f 4541/6802/3079 4546/6807/3080 4547/6808/3080
f 4541/6802/3079 4547/6808/3080 4548/6809/3080
f 4548/6809/3080 4542/6803/3079 4541/6802/3079
f 4552/6813/3081 4549/6810/3081 4550/6811/3081
f 4552/6813/3081 4550/6811/3081 4530/6791/3076
f 4552/6813/3081 4530/6791/3076 4529/6790/3076
f 4552/6813/3081 4529/6790/3076 4536/6797/3076
f 4552/6813/3081 4536/6797/3076 4535/6796/3076
f 4535/6796/3076 4551/6812/3081 4552/6813/3081
f 4560/6821/3082 4553/6814/3082 4554/6815/3082
f 4560/6821/3082 4554/6815/3082 4555/6816/3083
f 4560/6821/3082 4555/6816/3083 4556/6817/3084
f 4560/6821/3082 4556/6817/3084 4557/6818/3084
f 4560/6821/3082 4557/6818/3084 4558/6819/3084
f 4558/6819/3084 4559/6820/3082 4560/6821/3082
f 4557/6818/3084 4556/6817/3084 4555/6816/3083
f 4557/6818/3084 4555/6816/3083 4561/6822/3085
f 4557/6818/3084 4561/6822/3085 4562/6823/3086
f 4557/6818/3084 4562/6823/3086 4563/6824/3086
f 4557/6818/3084 4563/6824/3086 4564/6825/3086
f 4564/6825/3086 4558/6819/3084 4557/6818/3084
f 4563/6829/3086 4562/6826/3086 4561/6827/3085
f 4563/6829/3086 4561/6827/3085 4550/6811/3081
f 4563/6829/3086 4550/6811/3081 4549/6810/3081
f 4563/6829/3086 4549/6810/3081 4552/6813/3081
f 4563/6829/3086 4552/6813/3081 4551/6812/3081
f 4551/6812/3081 4564/6828/3086 4563/6829/3086
f 4525/6786/3075 4524/6785/3075 4523/6784/3075
f 4525/6786/3075 4523/6784/3075 4538/6830/3078
f 4525/6786/3075 4538/6830/3078 4537/6831/3078
f 4525/6786/3075 4537/6831/3078 4544/6832/3078
f 4525/6786/3075 4544/6832/3078 4543/6833/3078
f 4543/6833/3078 4526/6787/3075 4525/6786/3075
f 4547/6808/3080 4546/6807/3080 4545/6806/3080
f 4547/6808/3080 4545/6806/3080 4565/6834/3087
f 4547/6808/3080 4565/6834/3087 4566/6835/3087
f 4547/6808/3080 4566/6835/3087 4567/6836/3087
f 4547/6808/3080 4567/6836/3087 4568/6837/3087
f 4568/6837/3087 4548/6809/3080 4547/6808/3080
f 4567/6836/3087 4566/6835/3087 4565/6834/3087
f 4567/6836/3087 4565/6834/3087 4569/6838/3088
f 4567/6836/3087 4569/6838/3088 4570/6839/3088
f 4567/6836/3087 4570/6839/3088 4571/6840/3088
f 4567/6836/3087 4571/6840/3088 4572/6841/3088
f 4572/6841/3088 4568/6837/3087 4567/6836/3087
f 4571/6849/3088 4570/6842/3088 4569/6843/3088
f 4571/6849/3088 4569/6843/3088 4573/6844/3089
f 4571/6849/3088 4573/6844/3089 4574/6845/3089
f 4571/6849/3088 4574/6845/3089 4575/6846/3089
f 4571/6849/3088 4575/6846/3089 4576/6847/3089
f 4576/6847/3089 4572/6848/3088 4571/6849/3088
f 4575/6846/3089 4574/6845/3089 4573/6844/3089
f 4575/6846/3089 4573/6844/3089 4577/6850/3090
f 4575/6846/3089 4577/6850/3090 4578/6851/3090
f 4575/6846/3089 4578/6851/3090 4579/6852/3090
f 4575/6846/3089 4579/6852/3090 4580/6853/3090
f 4580/6853/3090 4576/6847/3089 4575/6846/3089
f 4579/6852/3090 4578/6851/3090 4577/6850/3090
f 4579/6852/3090 4577/6850/3090 4581/6854/3091
f 4579/6852/3090 4581/6854/3091 4582/6855/3091
f 4579/6852/3090 4582/6855/3091 4583/6856/3091
f 4579/6852/3090 4583/6856/3091 4584/6857/3091
f 4584/6857/3091 4580/6853/3090 4579/6852/3090
f 4581/6854/3091 4585/6858/3092 4586/6859/3093
f 4581/6854/3091 4586/6859/3093 4587/6860/3092
f 4581/6854/3091 4587/6860/3092 4588/6861/3092
f 4581/6854/3091 4588/6861/3092 4589/6862/3092
f 4581/6854/3091 4589/6862/3092 4590/6863/3092
f 4581/6854/3091 4590/6863/3092 4584/6857/3091
f 4581/6854/3091 4584/6857/3091 4583/6856/3091
f 4583/6856/3091 4582/6855/3091 4581/6854/3091
f 4600/6873/3095 4591/6864/3094 4592/6865/3095
f 4592/6865/3095 4593/6866/3096 4594/6867/3094
f 4592/6865/3095 4594/6867/3094 4595/6868/3097
f 4592/6865/3095 4595/6868/3097 4596/6869/3098
f 4592/6865/3095 4596/6869/3098 4597/6870/3098
f 4592/6865/3095 4597/6870/3098 4598/6871/3098
f 4592/6865/3095 4598/6871/3098 4599/6872/3095
f 4592/6865/3095 4599/6872/3095 4600/6873/3095
f 4597/6870/3098 4596/6869/3098 4595/6868/3097
f 4597/6870/3098 4595/6868/3097 4601/6874/3099
f 4597/6870/3098 4601/6874/3099 4602/6875/3100
f 4597/6870/3098 4602/6875/3100 4603/6876/3100
f 4597/6870/3098 4603/6876/3100 4604/6877/3100
f 4597/6870/3098 4604/6877/3100 4605/6878/3100
f 4597/6870/3098 4605/6878/3100 4606/6879/3099
f 4606/6879/3099 4598/6871/3098 4597/6870/3098
f 4610/6883/3101 4607/6880/3101 4608/6881/3102
f 4610/6883/3101 4608/6881/3102 4554/6815/3082
f 4610/6883/3101 4554/6815/3082 4553/6814/3082
f 4610/6883/3101 4553/6814/3082 4560/6821/3082
f 4610/6883/3101 4560/6821/3082 4559/6820/3082
f 4559/6820/3082 4609/6882/3101 4610/6883/3101
f 4363/6572/3033 4362/6571/3033 4361/6570/3033
f 4363/6572/3033 4361/6570/3033 4368/6577/3035
f 4363/6572/3033 4368/6577/3035 4367/6576/3034
f 4363/6572/3033 4367/6576/3034 4374/6583/3034
f 4363/6572/3033 4374/6583/3034 4373/6582/3034
f 4373/6582/3034 4364/6573/3033 4363/6572/3033
f 4463/6693/3048 4364/6692/3048 4373/6697/3048
f 4463/6693/3048 4373/6697/3048 4466/6696/3048
f 4463/6693/3048 4466/6696/3048 4471/6703/3048
f 4463/6693/3048 4471/6703/3048 4470/6702/3048
f 4470/6702/3048 4465/6695/3048 4464/6694/3048
f 4463/6693/3048 4470/6702/3048 4464/6694/3048
f 4511/6769/3059 4368/6768/3059 4361/6775/3059
f 4361/6775/3059 4514/6774/3067 4511/6769/3059
f 4425/6644/3048 4611/6884/3048 4527/6885/3048
f 4425/6644/3048 4527/6885/3048 4526/6886/3048
f 4425/6644/3048 4526/6886/3048 4612/6887/3048
f 4612/6887/3048 4488/6726/3048 4425/6644/3048
f 4488/6726/3048 4612/6887/3048 4526/6886/3048
f 4488/6726/3048 4526/6886/3048 4543/6888/3048
f 4488/6726/3048 4543/6888/3048 4613/6889/3048
f 4613/6889/3048 4441/6665/3048 4488/6726/3048
f 4613/6889/3048 4543/6888/3048 4542/6890/3048
f 4613/6889/3048 4542/6890/3048 4614/6891/3048
f 4613/6889/3048 4614/6891/3048 4436/6659/3048
f 4613/6889/3048 4436/6659/3048 4441/6665/3048
f 4614/6891/3048 4542/6890/3048 4548/6892/3048
f 4614/6891/3048 4548/6892/3048 4615/6893/3048
f 4614/6891/3048 4615/6893/3048 4437/6660/3048
f 4614/6891/3048 4437/6660/3048 4436/6659/3048
f 4615/6893/3048 4548/6892/3104 4568/6894/3104
f 4615/6893/3048 4568/6894/3104 4616/6895/3103
f 4615/6893/3048 4616/6895/3103 4482/6718/3058
f 4615/6893/3048 4482/6718/3058 4437/6660/4117
f 4482/6718/3048 4616/6895/3048 4568/6894/3048
f 4568/6894/3048 4572/6896/3048 4617/6897/3048
f 4568/6894/3048 4617/6897/3048 4485/6722/3048
f 4568/6894/3048 4485/6722/3048 4482/6718/3048
f 4485/6722/3048 4617/6897/3048 4572/6896/3048
f 4485/6722/3048 4572/6896/3048 4576/6898/3048
f 4485/6722/3048 4576/6898/3048 4618/6899/3048
f 4618/6899/3048 4492/6731/3048 4485/6722/3048
f 4618/6899/3048 4576/6898/3048 4580/6900/3048
f 4618/6899/3048 4580/6900/3048 4619/6901/3048
f 4618/6899/3048 4619/6901/3048 4478/6713/3048
f 4618/6899/3048 4478/6713/3048 4492/6731/3048
f 4478/6713/3048 4619/6901/3048 4580/6900/3048
f 4478/6713/3048 4580/6900/3048 4584/6902/3048
f 4478/6713/3048 4584/6902/3048 4620/6903/3048
f 4620/6903/3048 4479/6714/3048 4478/6713/3048
f 4474/6707/3048 4621/6904/3048 4590/6905/3048
f 4474/6707/3048 4590/6905/3048 4589/6906/3048
f 4474/6707/3048 4589/6906/3048 4622/6907/3048
f 4622/6907/3048 4469/6701/3048 4474/6707/3048
f 4599/6908/3048 4598/6909/3048 4623/6910/3048
f 4599/6908/3048 4623/6910/3048 4460/6688/3048
f 4599/6908/3048 4460/6688/3048 4462/6690/3048
f 4599/6908/3048 4462/6690/3048 4465/6695/3048
f 4599/6908/3048 4465/6695/3048 4624/6911/3048
f 4599/6908/3048 4624/6911/3048 4600/6912/3048
f 4598/6909/3048 4606/6913/3048 4605/6914/3048
f 4598/6909/3048 4605/6914/3048 4625/6915/3048
f 4598/6909/3048 4625/6915/3048 4455/6682/3048
f 4598/6909/3048 4455/6682/3048 4461/6689/3048
f 4461/6689/3048 4460/6688/3048 4623/6910/3048
f 4461/6689/3048 4623/6910/3048 4598/6909/3048
f 4609/6916/3105 4559/6917/3105 4626/6918/3105
f 4609/6916/3105 4626/6918/3105 4450/6677/3057
f 4609/6916/3105 4450/6677/3057 4456/6683/3056
f 4609/6916/3105 4456/6683/3056 4455/6682/3055
f 4609/6916/3105 4455/6682/3055 4625/6915/3105
f 4609/6916/3105 4625/6915/3105 4605/6914/3048
f 4450/6677/3050 4626/6918/3106 4559/6917/3107
f 4559/6917/3107 4558/6919/3106 4627/6920/3106
f 4559/6917/3107 4627/6920/3106 4447/6673/4116
f 4559/6917/3107 4447/6673/4116 4450/6677/3050
f 4627/6920/3108 4558/6919/3108 4564/6921/3109
f 4627/6920/3108 4564/6921/3109 4628/6922/3108
f 4627/6920/3108 4628/6922/3108 4430/6651/3048
f 4627/6920/3108 4430/6651/3048 4447/6673/3049
f 4628/6922/3048 4564/6921/3048 4551/6923/3048
f 4628/6922/3048 4551/6923/3048 4629/6924/3048
f 4628/6922/3048 4629/6924/3048 4431/6652/3048
f 4628/6922/3048 4431/6652/3048 4430/6651/3048
f 4629/6924/3048 4551/6923/3048 4535/6925/3048
f 4629/6924/3048 4535/6925/3048 4630/6926/3048
f 4629/6924/3048 4630/6926/3048 4444/6669/3048
f 4629/6924/3048 4444/6669/3048 4431/6652/3048
f 4444/6669/3048 4630/6926/3048 4535/6925/3048
f 4444/6669/3048 4535/6925/3048 4534/6927/3048
f 4444/6669/3048 4534/6927/3048 4631/6928/3048
f 4631/6928/3048 4424/6643/3048 4444/6669/3048
f 4424/6643/3048 4631/6928/3048 4534/6927/3048
f 4424/6643/3048 4534/6927/3048 4527/6885/3048
f 4424/6643/3048 4527/6885/3048 4611/6884/3048
f 4611/6884/3048 4425/6644/3048 4424/6643/3048
f 4494/6735/3059 4632/6929/3059 4522/6930/3059
f 4494/6735/3059 4522/6930/3059 4531/6931/3059
f 4494/6735/3059 4531/6931/3059 4633/6932/3059
f 4633/6932/3059 4495/6738/3059 4494/6735/3059
f 4633/6932/3059 4531/6931/3059 4530/6933/3059
f 4633/6932/3059 4530/6933/3059 4634/6934/3059
f 4633/6932/3059 4634/6934/3059 4496/6739/3059
f 4633/6932/3059 4496/6739/3059 4495/6738/3059
f 4634/6934/3059 4530/6933/3059 4550/6935/3059
f 4634/6934/3059 4550/6935/3059 4635/6936/3059
f 4634/6934/3059 4635/6936/3059 4500/6747/3059
f 4634/6934/3059 4500/6747/3059 4496/6739/3059
f 4500/6747/3059 4635/6936/3059 4550/6935/3059
f 4500/6747/3059 4550/6935/3059 4561/6937/3059
f 4500/6747/3059 4561/6937/3059 4636/6938/3059
f 4636/6938/3059 4503/6753/3059 4500/6747/3059
f 4503/6753/3059 4636/6938/3059 4561/6937/3059
f 4503/6753/3059 4561/6937/3059 4555/6939/3059
f 4503/6753/3059 4555/6939/3059 4637/6940/3059
f 4637/6940/3059 4501/6750/3059 4503/6753/3059
f 4501/6750/3063 4637/6940/3059 4555/6939/3059
f 4501/6750/3063 4555/6939/3059 4554/6941/3059
f 4501/6750/3063 4554/6941/3059 4638/6942/3059
f 4638/6942/3059 4502/6751/3064 4501/6750/3063
f 4517/6778/3073 4520/6781/3072 4502/6751/3071
f 4517/6778/3073 4502/6751/3071 4638/6942/3110
f 4517/6778/3073 4638/6942/3110 4554/6941/3111
f 4517/6778/3073 4554/6941/3111 4608/6943/3110
f 4517/6778/3073 4608/6943/3110 4602/6944/3111
f 4602/6944/3111 4639/6945/3110 4517/6778/3073
f 4512/6772/3059 4518/6779/3059 4517/6778/3059
f 4512/6772/3059 4517/6778/3059 4639/6945/3059
f 4512/6772/3059 4639/6945/3059 4602/6944/3059
f 4512/6772/3059 4602/6944/3059 4601/6946/3059
f 4512/6772/3059 4601/6946/3059 4595/6947/3059
f 4595/6947/3059 4640/6948/3059 4512/6772/3059
f 4513/6773/3066 4512/6772/3065 4640/6948/3112
f 4513/6773/3066 4640/6948/3112 4595/6947/3112
f 4513/6773/3066 4595/6947/3112 4594/6949/3113
f 4513/6773/3066 4594/6949/3113 4593/6950/3112
f 4513/6773/3066 4593/6950/3112 4641/6951/3112
f 4513/6773/3066 4641/6951/3112 4514/6774/3067
f 4510/6767/3059 4509/6766/3059 4642/6952/3059
f 4510/6767/3059 4642/6952/3059 4586/6953/3059
f 4510/6767/3059 4586/6953/3059 4585/6954/3059
f 4510/6767/3059 4585/6954/3059 4581/6955/3059
f 4510/6767/3059 4581/6955/3059 4643/6956/3059
f 4510/6767/3059 4643/6956/3059 4508/6763/3059
f 4508/6763/3059 4643/6956/3059 4581/6955/3059
f 4581/6955/3059 4577/6957/3059 4644/6958/3059
f 4581/6955/3059 4644/6958/3059 4507/6761/3059
f 4581/6955/3059 4507/6761/3059 4508/6763/3059
f 4644/6958/3059 4577/6957/3059 4573/6959/3059
f 4644/6958/3059 4573/6959/3059 4645/6960/3059
f 4644/6958/3059 4645/6960/3059 4506/6759/3059
f 4644/6958/3059 4506/6759/3059 4507/6761/3059
f 4506/6759/3059 4645/6960/3059 4573/6959/3059
f 4506/6759/3059 4573/6959/3059 4569/6961/3059
f 4506/6759/3059 4569/6961/3059 4646/6962/3059
f 4646/6962/3059 4505/6757/3059 4506/6759/3059
f 4646/6962/3059 4569/6961/3059 4565/6963/3059
f 4646/6962/3059 4565/6963/3059 4647/6964/3059
f 4646/6962/3059 4647/6964/3059 4504/6755/3059
f 4646/6962/3059 4504/6755/3059 4505/6757/3059
f 4647/6964/3059 4565/6963/3059 4545/6965/3059
f 4647/6964/3059 4545/6965/3059 4648/6966/3059
f 4647/6964/3059 4648/6966/3059 4499/6745/3060
f 4647/6964/3059 4499/6745/3060 4504/6755/3059
f 4499/6745/3060 4648/6966/3114 4545/6965/3115
f 4545/6965/3115 4539/6967/3115 4649/6968/3115
f 4545/6965/3115 4649/6968/3115 4497/6742/3061
f 4545/6965/3115 4497/6742/3061 4499/6745/3060
f 4497/6742/3059 4649/6968/3059 4539/6967/3059
f 4497/6742/3059 4539/6967/3059 4538/6969/3059
f 4497/6742/3059 4538/6969/3059 4650/6970/3059
f 4650/6970/3059 4498/6743/3059 4497/6742/3059
f 4498/6743/3059 4650/6970/3059 4538/6969/3059
f 4498/6743/3059 4538/6969/3059 4523/6971/3059
f 4498/6743/3059 4523/6971/3059 4651/6972/3059
f 4651/6972/3059 4493/6734/3059 4498/6743/3059
f 4651/6972/3059 4523/6971/3059 4522/6930/3059
f 4651/6972/3059 4522/6930/3059 4632/6929/3059
f 4651/6972/3059 4632/6929/3059 4494/6735/3059
f 4651/6972/3059 4494/6735/3059 4493/6734/3059
f 4469/6980/3116 4652/6973/3116 4653/6974/3116
f 4653/6974/3116 4509/6975/3116 4511/6976/3117
f 4653/6974/3116 4511/6976/3117 4654/6977/3117
f 4653/6974/3116 4654/6977/3117 4655/6978/3117
f 4653/6974/3116 4655/6978/3117 4470/6979/3117
f 4653/6974/3116 4470/6979/3117 4469/6980/3116
f 4588/6990/3118 4587/6981/3118 4586/6982/3119
f 4588/6990/3118 4586/6982/3119 4642/6983/3118
f 4588/6990/3118 4642/6983/3118 4509/6984/3118
f 4588/6990/3118 4509/6984/3118 4653/6985/3118
f 4588/6990/3118 4653/6985/3118 4652/6986/3118
f 4588/6990/3118 4652/6986/3118 4469/6987/3120
f 4588/6990/3118 4469/6987/3120 4622/6988/3118
f 4622/6988/3118 4589/6989/3118 4588/6990/3118
f 4656/6991/3121 4657/6992/3121 4514/6993/3122
f 4656/6991/3121 4514/6993/3122 4641/6994/3121
f 4656/6991/3121 4641/6994/3121 4593/6866/3122
f 4656/6991/3121 4593/6866/3122 4592/6865/3121
f 4656/6991/3121 4592/6865/3121 4591/6864/3123
f 4656/6991/3121 4591/6864/3123 4600/6873/3121
f 4656/6991/3121 4600/6873/3121 4624/6995/3121
f 4656/6991/3121 4624/6995/3121 4465/6996/3121
f 4470/6979/3117 4655/6978/3117 4654/6977/3117
f 4654/6977/3117 4511/6976/3117 4514/6997/3124
f 4654/6977/3117 4514/6997/3124 4657/6998/3124
f 4654/6977/3117 4657/6998/3124 4656/6999/3124
f 4654/6977/3117 4656/6999/3124 4465/7000/3124
f 4654/6977/3117 4465/7000/3124 4470/6979/3117
f 4658/7001/3125 4337/6748/3070 4519/6780/3069
f 4658/7001/3125 4519/6780/3069 4516/6777/3068
f 4658/7001/3125 4516/6777/3068 4659/7002/3126
f 4658/7001/3125 4659/7002/3126 4344/7003/3127
f 4658/7001/3125 4344/7003/3127 4343/7004/3125
f 4658/7001/3125 4343/7004/3125 4342/7005/3125
f 4451/6678/3053 4340/6674/3052 4660/7006/3048
f 4451/6678/3053 4660/7006/3048 4661/7007/3048
f 4451/6678/3053 4661/7007/3048 4662/7008/3048
f 4451/6678/3053 4662/7008/3048 4452/6679/3054
f 4349/7018/3130 4660/7009/3128 4340/7010/3129
f 4349/7018/3130 4340/7010/3129 4339/7011/3128
f 4349/7018/3130 4339/7011/3128 4338/7012/3128
f 4349/7018/3130 4338/7012/3128 4337/7013/3129
f 4349/7018/3130 4337/7013/3129 4658/7014/3128
f 4349/7018/3130 4658/7014/3128 4342/7015/3129
f 4349/7018/3130 4342/7015/3129 4341/7016/3128
f 4341/7016/3128 4350/7017/3128 4349/7018/3130
f 4344/7003/3127 4659/7002/3126 4516/6777/3068
f 4344/7003/3127 4516/6777/3068 4515/6776/3059
f 4344/7003/3127 4515/6776/3059 4359/6771/3059
f 4344/7003/3127 4359/6771/3059 4663/7019/3059
f 4344/7003/3127 4663/7019/3059 4352/7020/3059
f 4352/7020/3059 4351/7021/3059 4344/7003/3127
f 4352/7027/3131 4663/7022/3131 4359/6568/3131
f 4352/7027/3131 4359/6568/3131 4358/6567/3131
f 4352/7027/3131 4358/6567/3131 4357/6566/3131
f 4352/7027/3131 4357/6566/3131 4366/6575/3131
f 4352/7027/3131 4366/6575/3131 4664/7023/3131
f 4352/7027/3131 4664/7023/3131 4355/7024/3131
f 4355/7024/3131 4354/7025/3131 4353/7026/3131
f 4355/7024/3131 4353/7026/3131 4352/7027/3131
f 4366/6685/3048 4457/6684/3048 4452/6679/3054
f 4366/6685/3048 4452/6679/3054 4662/7008/3048
f 4366/6685/3048 4662/7008/3048 4665/7028/3048
f 4665/7028/3048 4664/7029/3048 4366/6685/3048
f 4472/6705/3048 4375/6704/3048 4380/6709/3048
f 4472/6705/3048 4380/6709/3048 4475/6708/3048
f 4472/6705/3048 4475/6708/3048 4480/6715/3048
f 4472/6705/3048 4480/6715/3048 4479/6714/3048
f 4472/6705/3048 4479/6714/3048 4474/6707/3048
f 4472/6705/3048 4474/6707/3048 4473/6706/3048
f 4620/6903/3048 4584/6902/3048 4590/6905/3048
f 4620/6903/3048 4590/6905/3048 4621/6904/3048
f 4620/6903/3048 4621/6904/3048 4474/6707/3048
f 4620/6903/3048 4474/6707/3048 4479/6714/3048
f 4662/7008/3048 4661/7007/3048 4660/7006/3048
f 4662/7008/3048 4660/7006/3048 4349/7030/3048
f 4662/7008/3048 4349/7030/3048 4348/7031/3048
f 4348/7031/3048 4347/7032/3048 4662/7008/3048
f 4664/7029/3048 4665/7028/3048 4662/7008/3048
f 4664/7029/3048 4662/7008/3048 4347/7032/3048
f 4664/7029/3048 4347/7032/3048 4356/7033/3048
f 4356/7033/3048 4355/7034/3048 4664/7029/3048
f 4604/6877/3100 4603/6876/3100 4602/6875/3100
f 4604/6877/3100 4602/6875/3100 4608/6881/3102
f 4604/6877/3100 4608/6881/3102 4607/6880/3101
f 4604/6877/3100 4607/6880/3101 4610/6883/3101
f 4604/6877/3100 4610/6883/3101 4609/6882/3101
f 4609/6882/3101 4605/6878/3100 4604/6877/3100

# Mesh
g LowPoly_Circle_With_Bimp_B2
usemtl lambert1
f 4673/7042/4118 4666/7035/4118 4667/7036/4118
f 4673/7042/4118 4667/7036/4118 4668/7037/4118
f 4673/7042/4118 4668/7037/4118 4669/7038/4119
f 4673/7042/4118 4669/7038/4119 4670/7039/4119
f 4673/7042/4118 4670/7039/4119 4671/7040/4119
f 4671/7040/4119 4672/7041/4119 4673/7042/4118
f 4672/7041/4119 4671/7040/4119 4670/7039/4119
f 4672/7041/4119 4670/7039/4119 4669/7038/4119
f 4672/7041/4119 4669/7038/4119 4674/7043/4120
f 4672/7041/4119 4674/7043/4120 4675/7044/4120
f 4672/7041/4119 4675/7044/4120 4676/7045/4120
f 4676/7045/4120 4677/7046/4120 4672/7041/4119
f 4677/7054/4120 4676/7047/4120 4675/7048/4120
f 4677/7054/4120 4675/7048/4120 4674/7049/4120
f 4677/7054/4120 4674/7049/4120 4678/7050/4121
f 4677/7054/4120 4678/7050/4121 4679/7051/4121
f 4677/7054/4120 4679/7051/4121 4680/7052/4121
f 4680/7052/4121 4681/7053/4121 4677/7054/4120
f 4681/7053/4121 4680/7052/4121 4679/7051/4121
f 4681/7053/4121 4679/7051/4121 4678/7050/4121
f 4681/7053/4121 4678/7050/4121 4682/7055/4122
f 4681/7053/4121 4682/7055/4122 4683/7056/4123
f 4681/7053/4121 4683/7056/4123 4684/7057/4123
f 4684/7057/4123 4685/7058/4122 4681/7053/4121
f 4695/7068/4129 4686/7059/4124 4687/7060/4125
f 4689/7062/4124 4690/7063/4126 4691/7064/4124
f 4689/7062/4124 4691/7064/4124 4692/7065/4127
f 4689/7062/4124 4692/7065/4127 4693/7066/4128
f 4689/7062/4124 4693/7066/4128 4694/7067/4128
f 4689/7062/4124 4694/7067/4128 4695/7068/4129
f 4688/7061/4124 4689/7062/4124 4695/7068/4129
f 4687/7060/4125 4688/7061/4124 4695/7068/4129
f 4694/7067/4128 4693/7066/4128 4692/7065/4127
f 4694/7067/4128 4692/7065/4127 4696/7069/4130
f 4694/7067/4128 4696/7069/4130 4697/7070/4130
f 4694/7067/4128 4697/7070/4130 4698/7071/4130
f 4694/7067/4128 4698/7071/4130 4699/7072/4130
f 4694/7067/4128 4699/7072/4130 4700/7073/4130
f 4694/7067/4128 4700/7073/4130 4701/7074/4130
f 4701/7074/4130 4695/7068/4129 4694/7067/4128
f 4711/7084/4131 4702/7075/4131 4703/7076/4131
f 4711/7084/4131 4703/7076/4131 4704/7077/4131
f 4711/7084/4131 4704/7077/4131 4705/7078/4132
f 4711/7084/4131 4705/7078/4132 4706/7079/4132
f 4711/7084/4131 4706/7079/4132 4707/7080/4132
f 4711/7084/4131 4707/7080/4132 4708/7081/4132
f 4711/7084/4131 4708/7081/4132 4709/7082/4131
f 4709/7082/4131 4710/7083/4131 4711/7084/4131
f 4719/7092/4133 4712/7085/4133 4713/7086/4134
f 4719/7092/4133 4713/7086/4134 4714/7087/4135
f 4719/7092/4133 4714/7087/4135 4715/7088/4135
f 4719/7092/4133 4715/7088/4135 4716/7089/4135
f 4719/7092/4133 4716/7089/4135 4717/7090/4135
f 4717/7090/4135 4718/7091/4133 4719/7092/4133
f 4716/7089/4135 4715/7088/4135 4714/7087/4135
f 4716/7089/4135 4714/7087/4135 4720/7093/4136
f 4716/7089/4135 4720/7093/4136 4721/7094/4137
f 4716/7089/4135 4721/7094/4137 4722/7095/4137
f 4716/7089/4135 4722/7095/4137 4723/7096/4137
f 4716/7089/4135 4723/7096/4137 4724/7097/4137
f 4716/7089/4135 4724/7097/4137 4725/7098/4136
f 4725/7098/4136 4717/7090/4135 4716/7089/4135
f 4724/7097/4137 4723/7096/4137 4722/7095/4137
f 4724/7097/4137 4722/7095/4137 4721/7094/4137
f 4724/7097/4137 4721/7094/4137 4726/7099/4138
f 4724/7097/4137 4726/7099/4138 4727/7100/4138
f 4724/7097/4137 4727/7100/4138 4728/7101/4138
f 4728/7101/4138 4729/7102/4138 4724/7097/4137
f 4729/7102/4138 4728/7101/4138 4727/7100/4138
f 4729/7102/4138 4727/7100/4138 4726/7099/4138
f 4729/7102/4138 4726/7099/4138 4730/7103/4139
f 4729/7102/4138 4730/7103/4139 4731/7104/4140
f 4729/7102/4138 4731/7104/4140 4732/7105/4140
f 4732/7105/4140 4733/7106/4140 4729/7102/4138
f 4733/7106/4140 4732/7105/4140 4731/7104/4140
f 4733/7106/4140 4731/7104/4140 4730/7103/4139
f 4733/7106/4140 4730/7103/4139 4734/7107/4141
f 4733/7106/4140 4734/7107/4141 4735/7108/4141
f 4733/7106/4140 4735/7108/4141 4736/7109/4141
f 4736/7109/4141 4737/7110/4141 4733/7106/4140
f 4737/7118/4141 4736/7111/4141 4735/7112/4141
f 4737/7118/4141 4735/7112/4141 4734/7113/4141
f 4737/7118/4141 4734/7113/4141 4738/7114/4142
f 4737/7118/4141 4738/7114/4142 4739/7115/4142
f 4737/7118/4141 4739/7115/4142 4740/7116/4142
f 4740/7116/4142 4741/7117/4142 4737/7118/4141
f 4741/7117/4142 4740/7116/4142 4739/7115/4142
f 4741/7117/4142 4739/7115/4142 4738/7114/4142
f 4741/7117/4142 4738/7114/4142 4742/7119/4143
f 4741/7117/4142 4742/7119/4143 4743/7120/4143
f 4741/7117/4142 4743/7120/4143 4744/7121/4143
f 4744/7121/4143 4745/7122/4143 4741/7117/4142
f 4745/7122/4143 4744/7121/4143 4743/7120/4143
f 4745/7122/4143 4743/7120/4143 4742/7119/4143
f 4745/7122/4143 4742/7119/4143 4746/7123/4144
f 4745/7122/4143 4746/7123/4144 4747/7124/4144
f 4745/7122/4143 4747/7124/4144 4748/7125/4144
f 4748/7125/4144 4749/7126/4144 4745/7122/4143
f 4749/7126/4144 4748/7125/4144 4747/7124/4144
f 4749/7126/4144 4747/7124/4144 4746/7123/4144
f 4749/7126/4144 4746/7123/4144 4750/7127/4145
f 4749/7126/4144 4750/7127/4145 4751/7128/4145
f 4749/7126/4144 4751/7128/4145 4752/7129/4145
f 4752/7129/4145 4753/7130/4145 4749/7126/4144
f 4753/7138/4145 4752/7131/4145 4751/7132/4145
f 4753/7138/4145 4751/7132/4145 4750/7133/4145
f 4753/7138/4145 4750/7133/4145 4754/7134/4146
f 4753/7138/4145 4754/7134/4146 4755/7135/4146
f 4753/7138/4145 4755/7135/4146 4756/7136/4146
f 4756/7136/4146 4757/7137/4146 4753/7138/4145
f 4757/7137/4146 4756/7136/4146 4755/7135/4146
f 4757/7137/4146 4755/7135/4146 4754/7134/4146
f 4757/7137/4146 4754/7134/4146 4758/7139/4147
f 4757/7137/4146 4758/7139/4147 4759/7140/4147
f 4757/7137/4146 4759/7140/4147 4760/7141/4147
f 4760/7141/4147 4761/7142/4147 4757/7137/4146
f 4761/7142/4147 4760/7141/4147 4759/7140/4147
f 4761/7142/4147 4759/7140/4147 4758/7139/4147
f 4761/7142/4147 4758/7139/4147 4762/7143/4148
f 4761/7142/4147 4762/7143/4148 4763/7144/4148
f 4761/7142/4147 4763/7144/4148 4764/7145/4148
f 4764/7145/4148 4765/7146/4148 4761/7142/4147
f 4765/7146/4148 4764/7145/4148 4763/7144/4148
f 4765/7146/4148 4763/7144/4148 4762/7143/4148
f 4765/7146/4148 4762/7143/4148 4668/7037/4118
f 4765/7146/4148 4668/7037/4118 4667/7036/4118
f 4765/7146/4148 4667/7036/4118 4666/7035/4118
f 4666/7035/4118 4673/7042/4118 4765/7146/4148
f 4766/7147/3267 4761/7148/3267 4765/7149/3267
f 4766/7147/3267 4765/7149/3267 4767/7150/3267
f 4766/7147/3267 4767/7150/3267 4768/7151/3267
f 4766/7147/3267 4768/7151/3267 4769/7152/3267
f 4769/7152/3267 4770/7153/3267 4771/7154/3267
f 4766/7147/3267 4769/7152/3267 4771/7154/3267
f 4772/7155/3267 4672/7156/3267 4677/7157/3267
f 4772/7155/3267 4677/7157/3267 4773/7158/3267
f 4772/7155/3267 4773/7158/3267 4774/7159/3267
f 4772/7155/3267 4774/7159/3267 4775/7160/3267
f 4772/7155/3267 4775/7160/3267 4776/7161/3267
f 4772/7155/3267 4776/7161/3267 4777/7162/3267
f 4778/7163/3267 4745/7164/3267 4749/7165/3267
f 4778/7163/3267 4749/7165/3267 4779/7166/3267
f 4778/7163/3267 4779/7166/3267 4780/7167/3267
f 4778/7163/3267 4780/7167/3267 4781/7168/3267
f 4781/7168/3267 4782/7169/3267 4783/7170/3267
f 4778/7163/3267 4781/7168/3267 4783/7170/3267
f 4779/7166/3267 4749/7165/3267 4753/7171/3267
f 4779/7166/3267 4753/7171/3267 4784/7172/3267
f 4779/7166/3267 4784/7172/3267 4785/7173/3267
f 4779/7166/3267 4785/7173/3267 4786/7174/3267
f 4779/7166/3267 4786/7174/3267 4781/7168/3267
f 4779/7166/3267 4781/7168/3267 4780/7167/3267
f 4767/7150/3267 4765/7149/3267 4673/7175/3267
f 4767/7150/3267 4673/7175/3267 4787/7176/3267
f 4767/7150/3267 4787/7176/3267 4788/7177/3267
f 4767/7150/3267 4788/7177/3267 4789/7178/3267
f 4789/7178/3267 4769/7152/3267 4768/7151/3267
f 4767/7150/3267 4789/7178/3267 4768/7151/3267
f 4787/7176/3267 4673/7175/3267 4672/7156/3267
f 4787/7176/3267 4672/7156/3267 4772/7155/3267
f 4787/7176/3267 4772/7155/3267 4777/7162/3267
f 4787/7176/3267 4777/7162/3267 4776/7161/3267
f 4787/7176/3267 4776/7161/3267 4789/7178/3267
f 4787/7176/3267 4789/7178/3267 4788/7177/3267
f 4773/7158/3267 4677/7157/3267 4681/7179/3267
f 4773/7158/3267 4681/7179/3267 4790/7180/3267
f 4773/7158/3267 4790/7180/3267 4791/7181/3267
f 4773/7158/3267 4791/7181/3267 4792/7182/4149
f 4773/7158/3267 4792/7182/4149 4775/7160/4150
f 4773/7158/3267 4775/7160/4150 4774/7159/3267
f 4790/7180/3267 4681/7179/3267 4685/7183/3267
f 4790/7180/3267 4685/7183/3267 4793/7184/3267
f 4790/7180/3267 4793/7184/3267 4794/7185/3267
f 4790/7180/3267 4794/7185/3267 4795/7186/4151
f 4790/7180/3267 4795/7186/4151 4792/7182/4152
f 4790/7180/3267 4792/7182/4152 4791/7181/3267
f 4796/7187/4153 4795/7186/4154 4794/7185/3267
f 4796/7187/4153 4794/7185/3267 4793/7184/3267
f 4796/7187/4153 4793/7184/3267 4685/7183/3267
f 4796/7187/4153 4685/7183/3267 4797/7188/3267
f 4796/7187/4153 4797/7188/3267 4798/7189/3267
f 4796/7187/4153 4798/7189/3267 4799/7190/3267
f 4796/7187/4153 4799/7190/3267 4800/7191/3267
f 4796/7187/4153 4800/7191/3267 4801/7192/4155
f 4800/7191/3267 4799/7190/3267 4798/7189/3267
f 4800/7191/3267 4798/7189/3267 4802/7193/3267
f 4800/7191/3267 4802/7193/3267 4710/7194/3267
f 4800/7191/3267 4710/7194/3267 4803/7195/3267
f 4800/7191/3267 4803/7195/3267 4804/7196/3267
f 4800/7191/3267 4804/7196/3267 4805/7197/3267
f 4800/7191/3267 4805/7197/3267 4806/7198/3267
f 4806/7198/3267 4801/7192/3267 4800/7191/3267
f 4803/7195/3267 4710/7194/3267 4709/7199/3267
f 4803/7195/3267 4709/7199/3267 4708/7200/3267
f 4803/7195/3267 4708/7200/3267 4807/7201/3267
f 4803/7195/3267 4807/7201/3267 4808/7202/3267
f 4803/7195/3267 4808/7202/3267 4809/7203/3267
f 4803/7195/3267 4809/7203/3267 4810/7204/3267
f 4810/7204/3267 4805/7197/3267 4804/7196/3267
f 4803/7195/3267 4810/7204/3267 4804/7196/3267
f 4811/7205/3267 4718/7206/3267 4717/7207/3267
f 4811/7205/3267 4717/7207/3267 4812/7208/3267
f 4811/7205/3267 4812/7208/3267 4813/7209/3267
f 4811/7205/3267 4813/7209/3267 4814/7210/3267
f 4811/7205/3267 4814/7210/3267 4815/7211/3267
f 4811/7205/3267 4815/7211/3267 4816/7212/3267
f 4812/7208/3267 4717/7207/3267 4725/7213/3267
f 4812/7208/3267 4725/7213/3267 4724/7214/3267
f 4812/7208/3267 4724/7214/3267 4817/7215/3267
f 4812/7208/3267 4817/7215/3267 4818/7216/3267
f 4812/7208/3267 4818/7216/3267 4819/7217/3267
f 4812/7208/3267 4819/7217/3267 4820/7218/3267
f 4812/7208/3267 4820/7218/3267 4814/7210/3267
f 4812/7208/3267 4814/7210/3267 4813/7209/3267
f 4818/7216/3267 4817/7215/3267 4724/7214/3267
f 4818/7216/3267 4724/7214/3267 4729/7219/3267
f 4818/7216/3267 4729/7219/3267 4821/7220/3267
f 4818/7216/3267 4821/7220/3267 4822/7221/3267
f 4818/7216/3267 4822/7221/3267 4823/7222/3267
f 4823/7222/3267 4819/7217/3267 4818/7216/3267
f 4826/7226/3267 4824/7223/3267 4741/7224/3267
f 4826/7226/3267 4741/7224/3267 4745/7164/3267
f 4826/7226/3267 4745/7164/3267 4778/7163/3267
f 4826/7226/3267 4778/7163/3267 4783/7170/3267
f 4826/7226/3267 4783/7170/3267 4782/7169/4156
f 4782/7169/4156 4825/7225/4157 4826/7226/3267
f 4829/7230/3267 4827/7227/3267 4737/7228/3267
f 4829/7230/3267 4737/7228/3267 4741/7224/3267
f 4829/7230/3267 4741/7224/3267 4824/7223/3267
f 4829/7230/3267 4824/7223/3267 4826/7226/3267
f 4829/7230/3267 4826/7226/3267 4825/7225/3267
f 4825/7225/3267 4828/7229/3267 4829/7230/3267
f 4830/7231/3267 4757/7232/3267 4761/7148/3267
f 4830/7231/3267 4761/7148/3267 4766/7147/3267
f 4830/7231/3267 4766/7147/3267 4771/7154/3267
f 4830/7231/3267 4771/7154/3267 4770/7153/3267
f 4830/7231/3267 4770/7153/3267 4831/7233/3267
f 4830/7231/3267 4831/7233/3267 4832/7234/3267
f 4821/7220/3267 4729/7219/3267 4733/7235/3267
f 4821/7220/3267 4733/7235/3267 4833/7236/3267
f 4821/7220/3267 4833/7236/3267 4834/7237/3267
f 4821/7220/3267 4834/7237/3267 4835/7238/3267
f 4835/7238/3267 4823/7222/3267 4822/7221/3267
f 4821/7220/3267 4835/7238/3267 4822/7221/3267
f 4833/7236/3267 4733/7235/3267 4737/7228/3267
f 4833/7236/3267 4737/7228/3267 4827/7227/3267
f 4833/7236/3267 4827/7227/3267 4829/7230/3267
f 4833/7236/3267 4829/7230/3267 4828/7229/3267
f 4833/7236/3267 4828/7229/3267 4835/7238/3267
f 4833/7236/3267 4835/7238/3267 4834/7237/3267
f 4785/7173/3267 4784/7172/3267 4753/7171/3267
f 4785/7173/3267 4753/7171/3267 4757/7232/3267
f 4785/7173/3267 4757/7232/3267 4830/7231/3267
f 4785/7173/3267 4830/7231/3267 4832/7234/3267
f 4785/7173/3267 4832/7234/3267 4831/7233/3267
f 4831/7233/3267 4786/7174/3267 4785/7173/3267
f 4836/7239/3217 4758/7240/3217 4754/7241/3217
f 4836/7239/3217 4754/7241/3217 4837/7242/3217
f 4836/7239/3217 4837/7242/3217 4838/7243/3217
f 4836/7239/3217 4838/7243/3217 4839/7244/3217
f 4836/7239/3217 4839/7244/3217 4840/7245/3217
f 4836/7239/3217 4840/7245/3217 4841/7246/3217
f 4842/7247/3217 4668/7248/3217 4762/7249/3217
f 4842/7247/3217 4762/7249/3217 4843/7250/3217
f 4842/7247/3217 4843/7250/3217 4844/7251/3217
f 4842/7247/3217 4844/7251/3217 4845/7252/3217
f 4842/7247/3217 4845/7252/3217 4846/7253/3217
f 4842/7247/3217 4846/7253/3217 4847/7254/3217
f 4844/7251/3217 4843/7250/3217 4762/7249/3217
f 4844/7251/3217 4762/7249/3217 4758/7240/3217
f 4844/7251/3217 4758/7240/3217 4836/7239/3217
f 4844/7251/3217 4836/7239/3217 4841/7246/3217
f 4844/7251/3217 4841/7246/3217 4840/7245/3217
f 4840/7245/3217 4845/7252/3217 4844/7251/3217
f 4848/7255/3217 4750/7256/3217 4746/7257/3217
f 4848/7255/3217 4746/7257/3217 4849/7258/3217
f 4848/7255/3217 4849/7258/3217 4850/7259/3217
f 4848/7255/3217 4850/7259/3217 4851/7260/3217
f 4851/7260/3217 4852/7261/3217 4853/7262/3217
f 4848/7255/3217 4851/7260/3217 4853/7262/3217
f 4850/7259/3217 4849/7258/3217 4746/7257/3217
f 4850/7259/3217 4746/7257/3217 4742/7263/3217
f 4850/7259/3217 4742/7263/3217 4854/7264/3217
f 4850/7259/3217 4854/7264/3217 4855/7265/3217
f 4850/7259/3217 4855/7265/3217 4856/7266/3217
f 4856/7266/3217 4851/7260/3217 4850/7259/3217
f 4859/7270/3217 4857/7267/3217 4669/7268/3217
f 4859/7270/3217 4669/7268/3217 4668/7248/3217
f 4859/7270/3217 4668/7248/3217 4842/7247/3217
f 4859/7270/3217 4842/7247/3217 4847/7254/3217
f 4859/7270/3217 4847/7254/3217 4846/7253/3217
f 4846/7253/3217 4858/7269/3217 4859/7270/3217
f 4860/7271/3217 4682/7272/3217 4678/7273/3217
f 4860/7271/3217 4678/7273/3217 4861/7274/3217
f 4860/7271/3217 4861/7274/3217 4862/7275/3217
f 4860/7271/3217 4862/7275/3217 4863/7276/3217
f 4860/7271/3217 4863/7276/3217 4864/7277/3217
f 4860/7271/3217 4864/7277/3217 4865/7278/3217
f 4862/7275/3217 4861/7274/3217 4678/7273/3217
f 4862/7275/3217 4678/7273/3217 4674/7279/3217
f 4862/7275/3217 4674/7279/3217 4866/7280/3217
f 4862/7275/3217 4866/7280/3217 4867/7281/3217
f 4862/7275/3217 4867/7281/3217 4868/7282/3217
f 4868/7282/3217 4863/7276/3217 4862/7275/3217
f 4866/7280/3217 4674/7279/3217 4669/7268/3217
f 4866/7280/3217 4669/7268/3217 4857/7267/3217
f 4866/7280/3217 4857/7267/3217 4859/7270/3217
f 4866/7280/3217 4859/7270/3217 4858/7269/3217
f 4866/7280/3217 4858/7269/3217 4868/7282/3217
f 4866/7280/3217 4868/7282/3217 4867/7281/3217
f 4838/7243/3217 4837/7242/3217 4754/7241/3217
f 4838/7243/3217 4754/7241/3217 4750/7256/3217
f 4838/7243/3217 4750/7256/3217 4848/7255/3217
f 4838/7243/3217 4848/7255/3217 4853/7262/3217
f 4838/7243/3217 4853/7262/3217 4852/7261/3217
f 4852/7261/3217 4839/7244/3217 4838/7243/3217
f 4854/7264/3217 4742/7263/3217 4738/7283/3217
f 4854/7264/3217 4738/7283/3217 4869/7284/3217
f 4854/7264/3217 4869/7284/3217 4870/7285/3217
f 4854/7264/3217 4870/7285/3217 4871/7286/3217
f 4871/7286/3217 4856/7266/3217 4855/7265/3217
f 4854/7264/3217 4871/7286/3217 4855/7265/3217
f 4869/7284/3217 4738/7283/3217 4734/7287/3217
f 4869/7284/3217 4734/7287/3217 4872/7288/3217
f 4869/7284/3217 4872/7288/3217 4873/7289/3217
f 4869/7284/3217 4873/7289/3217 4874/7290/3217
f 4869/7284/3217 4874/7290/3217 4871/7286/3217
f 4869/7284/3217 4871/7286/3217 4870/7285/3217
f 4872/7288/3217 4734/7287/3217 4730/7291/3217
f 4872/7288/3217 4730/7291/3217 4875/7292/3217
f 4872/7288/3217 4875/7292/3217 4876/7293/3217
f 4872/7288/3217 4876/7293/3217 4877/7294/3217
f 4872/7288/3217 4877/7294/3217 4874/7290/3217
f 4872/7288/3217 4874/7290/3217 4873/7289/3217
f 4876/7293/3217 4875/7292/3217 4730/7291/3217
f 4876/7293/3217 4730/7291/3217 4726/7295/3217
f 4876/7293/3217 4726/7295/3217 4878/7296/3217
f 4876/7293/3217 4878/7296/3217 4879/7297/3217
f 4876/7293/3217 4879/7297/3217 4880/7298/3217
f 4880/7298/3217 4877/7294/3217 4876/7293/3217
f 4878/7296/3217 4726/7295/3217 4721/7299/3217
f 4878/7296/3217 4721/7299/3217 4881/7300/3217
f 4878/7296/3217 4881/7300/3217 4882/7301/3217
f 4878/7296/3217 4882/7301/3217 4883/7302/3217
f 4878/7296/3217 4883/7302/3217 4880/7298/3217
f 4878/7296/3217 4880/7298/3217 4879/7297/3217
f 4882/7301/3217 4881/7300/3217 4721/7299/3217
f 4882/7301/3217 4721/7299/3217 4720/7303/3217
f 4882/7301/3217 4720/7303/3217 4714/7304/3217
f 4882/7301/3217 4714/7304/3217 4884/7305/3217
f 4882/7301/3217 4884/7305/3217 4885/7306/3217
f 4882/7301/3217 4885/7306/3217 4886/7307/3217
f 4882/7301/3217 4886/7307/3217 4887/7308/3217
f 4887/7308/3217 4883/7302/3217 4882/7301/3217
f 4884/7305/3217 4714/7304/3217 4713/7309/3217
f 4713/7309/3217 4888/7310/3217 4884/7305/3217
f 4704/7311/3217 4703/7312/3217 4889/7313/4158
f 4704/7311/3217 4889/7313/4158 4890/7314/4159
f 4704/7311/3217 4890/7314/4159 4891/7315/4160
f 4704/7311/3217 4891/7315/4160 4705/7316/3217
f 4889/7313/3217 4703/7312/3217 4892/7317/3217
f 4889/7313/3217 4892/7317/3217 4893/7318/4161
f 4889/7313/3217 4893/7318/4161 4894/7319/3217
f 4889/7313/3217 4894/7319/3217 4895/7320/3217
f 4889/7313/3217 4895/7320/3217 4896/7321/3217
f 4889/7313/3217 4896/7321/3217 4897/7322/3217
f 4889/7313/3217 4897/7322/3217 4898/7323/3217
f 4889/7313/3217 4898/7323/3217 4899/7324/3217
f 4900/7325/4162 4682/7272/4163 4860/7271/4164
f 4900/7325/4162 4860/7271/4164 4865/7278/4164
f 4900/7325/4162 4865/7278/4164 4864/7277/4165
f 4900/7325/4162 4864/7277/4165 4901/7326/4164
f 4900/7325/4162 4901/7326/4164 4896/7321/4164
f 4900/7325/4162 4896/7321/4164 4895/7320/4164
f 4900/7325/4162 4895/7320/4164 4894/7319/4164
f 4900/7325/4162 4894/7319/4164 4893/7318/4161
f 4907/7334/4166 4902/7327/4166 4840/7328/4166
f 4907/7334/4166 4840/7328/4166 4839/7329/4167
f 4907/7334/4166 4839/7329/4167 4903/7330/4167
f 4907/7334/4166 4903/7330/4167 4904/7331/4167
f 4907/7334/4166 4904/7331/4167 4905/7332/4167
f 4905/7332/4167 4906/7333/4166 4907/7334/4166
f 4913/7342/4168 4908/7335/4168 4846/7336/4168
f 4913/7342/4168 4846/7336/4168 4845/7337/4169
f 4913/7342/4168 4845/7337/4169 4909/7338/4169
f 4913/7342/4168 4909/7338/4169 4910/7339/4169
f 4913/7342/4168 4910/7339/4169 4911/7340/4169
f 4911/7340/4169 4912/7341/4168 4913/7342/4168
f 4910/7339/4169 4909/7338/4169 4845/7337/4169
f 4910/7339/4169 4845/7337/4169 4840/7328/4166
f 4910/7339/4169 4840/7328/4166 4902/7327/4166
f 4910/7339/4169 4902/7327/4166 4907/7334/4166
f 4910/7339/4169 4907/7334/4166 4906/7333/4166
f 4906/7333/4166 4911/7340/4169 4910/7339/4169
f 4919/7350/4170 4914/7343/4170 4852/7344/4170
f 4919/7350/4170 4852/7344/4170 4851/7345/4171
f 4919/7350/4170 4851/7345/4171 4915/7346/4171
f 4919/7350/4170 4915/7346/4171 4916/7347/4171
f 4919/7350/4170 4916/7347/4171 4917/7348/4171
f 4917/7348/4171 4918/7349/4170 4919/7350/4170
f 4916/7347/4171 4915/7346/4171 4851/7345/4171
f 4916/7347/4171 4851/7345/4171 4856/7351/3237
f 4916/7347/4171 4856/7351/3237 4920/7352/3237
f 4916/7347/4171 4920/7352/3237 4921/7353/3237
f 4916/7347/4171 4921/7353/3237 4922/7354/3237
f 4922/7354/3237 4917/7348/4171 4916/7347/4171
f 4925/7358/3240 4923/7355/3240 4858/7356/3240
f 4925/7358/3240 4858/7356/3240 4846/7336/4168
f 4925/7358/3240 4846/7336/4168 4908/7335/4168
f 4925/7358/3240 4908/7335/4168 4913/7342/4168
f 4925/7358/3240 4913/7342/4168 4912/7341/4168
f 4912/7341/4168 4924/7357/3240 4925/7358/3240
f 4926/7359/4172 4864/7360/4172 4863/7361/4173
f 4926/7359/4172 4863/7361/4173 4927/7362/4173
f 4926/7359/4172 4927/7362/4173 4928/7363/4173
f 4926/7359/4172 4928/7363/4173 4929/7364/4173
f 4926/7359/4172 4929/7364/4173 4930/7365/4172
f 4926/7359/4172 4930/7365/4172 4931/7366/4172
f 4927/7362/4173 4863/7361/4173 4868/7367/3245
f 4927/7362/4173 4868/7367/3245 4932/7368/4174
f 4927/7362/4173 4932/7368/4174 4933/7369/4174
f 4927/7362/4173 4933/7369/4174 4934/7370/4174
f 4927/7362/4173 4934/7370/4174 4929/7364/4173
f 4927/7362/4173 4929/7364/4173 4928/7363/4173
f 4933/7374/4174 4932/7371/4174 4868/7372/3245
f 4933/7374/4174 4868/7372/3245 4858/7356/3240
f 4933/7374/4174 4858/7356/3240 4923/7355/3240
f 4933/7374/4174 4923/7355/3240 4925/7358/3240
f 4933/7374/4174 4925/7358/3240 4924/7357/3240
f 4924/7357/3240 4934/7373/4174 4933/7374/4174
f 4904/7331/4167 4903/7330/4167 4839/7329/4167
f 4904/7331/4167 4839/7329/4167 4852/7375/4170
f 4904/7331/4167 4852/7375/4170 4914/7376/4170
f 4904/7331/4167 4914/7376/4170 4919/7377/4170
f 4904/7331/4167 4919/7377/4170 4918/7378/4170
f 4918/7378/4170 4905/7332/4167 4904/7331/4167
f 4921/7353/3237 4920/7352/3237 4856/7351/3237
f 4921/7353/3237 4856/7351/3237 4871/7379/4175
f 4921/7353/3237 4871/7379/4175 4935/7380/4175
f 4921/7353/3237 4935/7380/4175 4936/7381/4175
f 4921/7353/3237 4936/7381/4175 4937/7382/4175
f 4937/7382/4175 4922/7354/3237 4921/7353/3237
f 4936/7381/4175 4935/7380/4175 4871/7379/4175
f 4936/7381/4175 4871/7379/4175 4874/7383/4176
f 4936/7381/4175 4874/7383/4176 4938/7384/4176
f 4936/7381/4175 4938/7384/4176 4939/7385/4176
f 4936/7381/4175 4939/7385/4176 4940/7386/4176
f 4940/7386/4176 4937/7382/4175 4936/7381/4175
f 4939/7394/4176 4938/7387/4176 4874/7388/4176
f 4939/7394/4176 4874/7388/4176 4877/7389/4177
f 4939/7394/4176 4877/7389/4177 4941/7390/4177
f 4939/7394/4176 4941/7390/4177 4942/7391/4177
f 4939/7394/4176 4942/7391/4177 4943/7392/4177
f 4943/7392/4177 4940/7393/4176 4939/7394/4176
f 4942/7391/4177 4941/7390/4177 4877/7389/4177
f 4942/7391/4177 4877/7389/4177 4880/7395/4178
f 4942/7391/4177 4880/7395/4178 4944/7396/4178
f 4942/7391/4177 4944/7396/4178 4945/7397/4178
f 4942/7391/4177 4945/7397/4178 4946/7398/4178
f 4946/7398/4178 4943/7392/4177 4942/7391/4177
f 4945/7397/4178 4944/7396/4178 4880/7395/4178
f 4945/7397/4178 4880/7395/4178 4883/7399/4179
f 4945/7397/4178 4883/7399/4179 4947/7400/4179
f 4945/7397/4178 4947/7400/4179 4948/7401/4179
f 4945/7397/4178 4948/7401/4179 4949/7402/4179
f 4949/7402/4179 4946/7398/4178 4945/7397/4178
f 4883/7399/4179 4887/7403/3256 4886/7404/4180
f 4883/7399/4179 4886/7404/4180 4950/7405/3256
f 4883/7399/4179 4950/7405/3256 4951/7406/3256
f 4883/7399/4179 4951/7406/3256 4952/7407/3256
f 4883/7399/4179 4952/7407/3256 4953/7408/3256
f 4883/7399/4179 4953/7408/3256 4949/7402/4179
f 4883/7399/4179 4949/7402/4179 4948/7401/4179
f 4948/7401/4179 4947/7400/4179 4883/7399/4179
f 4962/7418/4181 4954/7409/4181 4955/7410/4181
f 4955/7410/4181 4956/7411/4182 4957/7412/4181
f 4955/7410/4181 4957/7412/4181 4898/7413/4183
f 4955/7410/4181 4898/7413/4183 4958/7414/4184
f 4955/7410/4181 4958/7414/4184 4959/7415/4184
f 4955/7410/4181 4959/7415/4184 4960/7416/4184
f 4955/7410/4181 4960/7416/4184 4961/7417/4181
f 4955/7410/4181 4961/7417/4181 4962/7418/4181
f 4959/7415/4184 4958/7414/4184 4898/7413/4183
f 4959/7415/4184 4898/7413/4183 4897/7419/4185
f 4959/7415/4184 4897/7419/4185 4896/7420/4186
f 4959/7415/4184 4896/7420/4186 4963/7421/4186
f 4959/7415/4184 4963/7421/4186 4964/7422/4186
f 4959/7415/4184 4964/7422/4186 4965/7423/4186
f 4959/7415/4184 4965/7423/4186 4966/7424/4185
f 4966/7424/4185 4960/7416/4184 4959/7415/4184
f 4967/7425/4187 4901/7426/4188 4864/7360/4172
f 4967/7425/4187 4864/7360/4172 4926/7359/4172
f 4967/7425/4187 4926/7359/4172 4931/7366/4172
f 4967/7425/4187 4931/7366/4172 4930/7365/4172
f 4967/7425/4187 4930/7365/4172 4968/7427/4187
f 4967/7425/4187 4968/7427/4187 4969/7428/4187
f 4707/7080/4132 4706/7079/4132 4705/7078/4132
f 4707/7080/4132 4705/7078/4132 4713/7086/4134
f 4707/7080/4132 4713/7086/4134 4712/7085/4133
f 4707/7080/4132 4712/7085/4133 4719/7092/4133
f 4707/7080/4132 4719/7092/4133 4718/7091/4133
f 4718/7091/4133 4708/7081/4132 4707/7080/4132
f 4807/7201/3267 4708/7200/3267 4718/7206/3267
f 4807/7201/3267 4718/7206/3267 4811/7205/3267
f 4807/7201/3267 4811/7205/3267 4816/7212/3267
f 4807/7201/3267 4816/7212/3267 4815/7211/3267
f 4815/7211/3267 4809/7203/3267 4808/7202/3267
f 4807/7201/3267 4815/7211/3267 4808/7202/3267
f 4888/7310/3217 4713/7309/3217 4705/7316/3217
f 4705/7316/3217 4891/7315/4160 4888/7310/3217
f 4770/7153/3267 4970/7429/3267 4906/7430/3267
f 4770/7153/3267 4906/7430/3267 4905/7431/3267
f 4770/7153/3267 4905/7431/3267 4971/7432/3267
f 4971/7432/3267 4831/7233/3267 4770/7153/3267
f 4831/7233/3267 4971/7432/3267 4905/7431/3267
f 4831/7233/3267 4905/7431/3267 4918/7433/3267
f 4831/7233/3267 4918/7433/3267 4972/7434/3267
f 4972/7434/3267 4786/7174/3267 4831/7233/3267
f 4972/7434/3267 4918/7433/3267 4917/7435/3267
f 4972/7434/3267 4917/7435/3267 4973/7436/3267
f 4972/7434/3267 4973/7436/3267 4781/7168/3267
f 4972/7434/3267 4781/7168/3267 4786/7174/3267
f 4781/7168/3267 4973/7436/3267 4917/7435/3267
f 4781/7168/3267 4917/7435/3267 4922/7437/3267
f 4781/7168/3267 4922/7437/3267 4974/7438/3267
f 4974/7438/3267 4782/7169/3267 4781/7168/3267
f 4974/7438/4189 4922/7437/4190 4937/7439/4191
f 4974/7438/4189 4937/7439/4191 4975/7440/4189
f 4974/7438/4189 4975/7440/4189 4825/7225/4157
f 4974/7438/4189 4825/7225/4157 4782/7169/4156
f 4825/7225/3267 4975/7440/3267 4937/7439/3267
f 4825/7225/3267 4937/7439/3267 4940/7441/3267
f 4825/7225/3267 4940/7441/3267 4976/7442/3267
f 4976/7442/3267 4828/7229/3267 4825/7225/3267
f 4828/7229/3267 4976/7442/3267 4940/7441/3267
f 4828/7229/3267 4940/7441/3267 4943/7443/3267
f 4828/7229/3267 4943/7443/3267 4977/7444/3267
f 4977/7444/3267 4835/7238/3267 4828/7229/3267
f 4977/7444/3267 4943/7443/3267 4946/7445/3267
f 4977/7444/3267 4946/7445/3267 4978/7446/3267
f 4977/7444/3267 4978/7446/3267 4823/7222/3267
f 4977/7444/3267 4823/7222/3267 4835/7238/3267
f 4823/7222/3267 4978/7446/3267 4946/7445/3267
f 4823/7222/3267 4946/7445/3267 4949/7447/3267
f 4823/7222/3267 4949/7447/3267 4979/7448/3267
f 4979/7448/3267 4819/7217/3267 4823/7222/3267
f 4949/7447/3267 4953/7449/3267 4952/7450/3267
f 4949/7447/3267 4952/7450/3267 4980/7451/3267
f 4949/7447/3267 4980/7451/3267 4814/7210/3267
f 4949/7447/3267 4814/7210/3267 4820/7218/3267
f 4820/7218/3267 4819/7217/3267 4979/7448/3267
f 4820/7218/3267 4979/7448/3267 4949/7447/3267
f 4962/7456/3267 4961/7452/3267 4960/7453/3267
f 4962/7456/3267 4960/7453/3267 4981/7454/3267
f 4962/7456/3267 4981/7454/3267 4805/7197/3267
f 4962/7456/3267 4805/7197/3267 4810/7204/3267
f 4962/7456/3267 4810/7204/3267 4809/7203/3267
f 4809/7203/3267 4982/7455/3267 4962/7456/3267
f 4960/7453/3267 4966/7457/3267 4965/7458/3267
f 4960/7453/3267 4965/7458/3267 4983/7459/3267
f 4960/7453/3267 4983/7459/3267 4801/7192/3267
f 4960/7453/3267 4801/7192/3267 4806/7198/3267
f 4960/7453/3267 4806/7198/3267 4805/7197/3267
f 4805/7197/3267 4981/7454/3267 4960/7453/3267
f 4968/7460/4192 4930/7461/4192 4984/7462/4192
f 4968/7460/4192 4984/7462/4192 4795/7186/4154
f 4968/7460/4192 4795/7186/4154 4796/7187/4153
f 4968/7460/4192 4796/7187/4153 4801/7192/4155
f 4968/7460/4192 4801/7192/4155 4983/7459/3267
f 4968/7460/4192 4983/7459/3267 4965/7458/3267
f 4795/7186/4151 4984/7462/4193 4930/7461/4194
f 4795/7186/4151 4930/7461/4194 4929/7463/4193
f 4795/7186/4151 4929/7463/4193 4985/7464/4193
f 4985/7464/4193 4792/7182/4152 4795/7186/4151
f 4985/7464/4195 4929/7463/4195 4934/7465/4196
f 4985/7464/4195 4934/7465/4196 4986/7466/4195
f 4985/7464/4195 4986/7466/4195 4775/7160/4150
f 4985/7464/4195 4775/7160/4150 4792/7182/4149
f 4775/7160/3267 4986/7466/3267 4934/7465/3267
f 4775/7160/3267 4934/7465/3267 4924/7467/3267
f 4775/7160/3267 4924/7467/3267 4987/7468/3267
f 4987/7468/3267 4776/7161/3267 4775/7160/3267
f 4987/7468/3267 4924/7467/3267 4912/7469/3267
f 4987/7468/3267 4912/7469/3267 4988/7470/3267
f 4987/7468/3267 4988/7470/3267 4789/7178/3267
f 4987/7468/3267 4789/7178/3267 4776/7161/3267
f 4789/7178/3267 4988/7470/3267 4912/7469/3267
f 4789/7178/3267 4912/7469/3267 4911/7471/3267
f 4789/7178/3267 4911/7471/3267 4989/7472/3267
f 4989/7472/3267 4769/7152/3267 4789/7178/3267
f 4769/7152/3267 4989/7472/3267 4911/7471/3267
f 4769/7152/3267 4911/7471/3267 4906/7430/3267
f 4769/7152/3267 4906/7430/3267 4970/7429/3267
f 4970/7429/3267 4770/7153/3267 4769/7152/3267
f 4891/7315/4160 4890/7314/4159 4889/7313/4158
f 4891/7315/4160 4889/7313/4158 4899/7324/4197
f 4891/7315/4160 4899/7324/4197 4898/7323/4198
f 4891/7315/4160 4898/7323/4198 4957/7473/4199
f 4891/7315/4160 4957/7473/4199 4956/7474/4198
f 4956/7474/4198 4990/7475/4197 4891/7315/4160
f 4994/7483/4200 4991/7476/4200 4884/7477/4200
f 4994/7483/4200 4884/7477/4200 4888/7478/3271
f 4994/7483/4200 4888/7478/3271 4992/7479/3271
f 4994/7483/4200 4992/7479/3271 4993/7480/3271
f 4994/7483/4200 4993/7480/3271 4815/7481/3271
f 4815/7481/3271 4814/7482/4200 4994/7483/4200
f 4951/7493/4201 4950/7484/4201 4886/7485/4202
f 4951/7493/4201 4886/7485/4202 4885/7486/4201
f 4951/7493/4201 4885/7486/4201 4884/7487/4201
f 4951/7493/4201 4884/7487/4201 4991/7488/4201
f 4951/7493/4201 4991/7488/4201 4994/7489/4201
f 4951/7493/4201 4994/7489/4201 4814/7490/4201
f 4951/7493/4201 4814/7490/4201 4980/7491/4201
f 4980/7491/4201 4952/7492/4201 4951/7493/4201
f 4996/7499/3273 4995/7494/3273 4891/7495/4203
f 4996/7499/3273 4891/7495/4203 4990/7496/3273
f 4996/7499/3273 4990/7496/3273 4956/7411/3273
f 4996/7499/3273 4956/7411/3273 4955/7410/3273
f 4996/7499/3273 4955/7410/3273 4954/7409/3273
f 4996/7499/3273 4954/7409/3273 4962/7418/3273
f 4996/7499/3273 4962/7418/3273 4982/7497/3273
f 4982/7497/3273 4809/7498/3273 4996/7499/3273
f 4993/7480/3271 4992/7479/3271 4888/7478/3271
f 4993/7480/3271 4888/7478/3271 4891/7500/4204
f 4993/7480/3271 4891/7500/4204 4995/7501/4204
f 4993/7480/3271 4995/7501/4204 4996/7502/4204
f 4993/7480/3271 4996/7502/4204 4809/7503/4204
f 4809/7503/4204 4815/7481/3271 4993/7480/3271
f 4997/7504/4205 4682/7272/4163 4900/7325/4162
f 4997/7504/4205 4900/7325/4162 4893/7318/4161
f 4997/7504/4205 4893/7318/4161 4998/7505/4206
f 4997/7504/4205 4998/7505/4206 4692/7506/4207
f 4997/7504/4205 4692/7506/4207 4691/7507/4205
f 4997/7504/4205 4691/7507/4205 4690/7508/4205
f 4695/7513/3267 4999/7509/3267 4798/7189/3267
f 4695/7513/3267 4798/7189/3267 4797/7188/3267
f 4695/7513/3267 4797/7188/3267 4685/7183/3267
f 4695/7513/3267 4685/7183/3267 5000/7510/3267
f 5000/7510/3267 4687/7511/3267 4686/7512/3267
f 5000/7510/3267 4686/7512/3267 4695/7513/3267
f 4687/7523/4210 5000/7514/4208 4685/7515/4209
f 4687/7523/4210 4685/7515/4209 4684/7516/4208
f 4687/7523/4210 4684/7516/4208 4683/7517/4208
f 4687/7523/4210 4683/7517/4208 4682/7518/4209
f 4687/7523/4210 4682/7518/4209 4997/7519/4208
f 4687/7523/4210 4997/7519/4208 4690/7520/4209
f 4687/7523/4210 4690/7520/4209 4689/7521/4208
f 4689/7521/4208 4688/7522/4208 4687/7523/4210
f 4998/7505/4206 4893/7318/4161 4892/7317/3217
f 4998/7505/4206 4892/7317/3217 4703/7312/3217
f 4998/7505/4206 4703/7312/3217 5001/7524/3217
f 4998/7505/4206 5001/7524/3217 4697/7525/3217
f 4998/7505/4206 4697/7525/3217 4696/7526/3217
f 4998/7505/4206 4696/7526/3217 4692/7506/4207
f 4697/7532/4211 5001/7527/4211 4703/7076/4211
f 4697/7532/4211 4703/7076/4211 4702/7075/4211
f 4697/7532/4211 4702/7075/4211 4711/7084/4211
f 4697/7532/4211 4711/7084/4211 4710/7083/4211
f 4697/7532/4211 4710/7083/4211 5002/7528/4211
f 4697/7532/4211 5002/7528/4211 4700/7529/4211
f 4700/7529/4211 4699/7530/4211 4698/7531/4211
f 4700/7529/4211 4698/7531/4211 4697/7532/4211
f 4700/7535/3267 5002/7533/3267 4710/7194/3267
f 4700/7535/3267 4710/7194/3267 4802/7193/3267
f 4700/7535/3267 4802/7193/3267 4798/7189/3267
f 4700/7535/3267 4798/7189/3267 4999/7509/3267
f 4700/7535/3267 4999/7509/3267 4695/7513/3267
f 4695/7513/3267 4701/7534/3267 4700/7535/3267
f 4964/7422/4186 4963/7421/4186 4896/7420/4186
f 4964/7422/4186 4896/7420/4186 4901/7426/4188
f 4964/7422/4186 4901/7426/4188 4967/7425/4187
f 4964/7422/4186 4967/7425/4187 4969/7428/4187
f 4964/7422/4186 4969/7428/4187 4968/7427/4187
f 4968/7427/4187 4965/7423/4186 4964/7422/4186

# Mesh
g LowPoly_Circle_With_Bump_T2
usemtl lambert1
f 5010/7543/3447 5003/7536/3447 5004/7537/3447
f 5010/7543/3447 5004/7537/3447 5005/7538/3447
f 5010/7543/3447 5005/7538/3447 5006/7539/3448
f 5010/7543/3447 5006/7539/3448 5007/7540/3448
f 5010/7543/3447 5007/7540/3448 5008/7541/3448
f 5008/7541/3448 5009/7542/3448 5010/7543/3447
f 5009/7542/3448 5008/7541/3448 5007/7540/3448
f 5009/7542/3448 5007/7540/3448 5006/7539/3448
f 5009/7542/3448 5006/7539/3448 5011/7544/3449
f 5009/7542/3448 5011/7544/3449 5012/7545/3449
f 5009/7542/3448 5012/7545/3449 5013/7546/3449
f 5013/7546/3449 5014/7547/3449 5009/7542/3448
f 5014/7555/3449 5013/7548/3449 5012/7549/3449
f 5014/7555/3449 5012/7549/3449 5011/7550/3449
f 5014/7555/3449 5011/7550/3449 5015/7551/3450
f 5014/7555/3449 5015/7551/3450 5016/7552/3450
f 5014/7555/3449 5016/7552/3450 5017/7553/3450
f 5017/7553/3450 5018/7554/3450 5014/7555/3449
f 5018/7554/3450 5017/7553/3450 5016/7552/3450
f 5018/7554/3450 5016/7552/3450 5015/7551/3450
f 5018/7554/3450 5015/7551/3450 5019/7556/3451
f 5019/7556/3451 5020/7557/3451 5018/7554/3450
f 5024/7561/3452 5021/7558/3452 5022/7559/3453
f 5022/7559/3453 5023/7560/3453 5024/7561/3452
f 5027/7564/3454 5025/7562/3454 5023/7560/3453
f 5027/7564/3454 5023/7560/3453 5022/7559/3453
f 5022/7559/3453 5026/7563/3454 5027/7564/3454
f 5031/7568/3455 5028/7565/3455 5029/7566/3456
f 5029/7566/3456 5030/7567/3456 5031/7568/3455
f 5035/7572/3458 5032/7569/3457 5033/7570/3457
f 5033/7570/3457 5034/7571/3458 5035/7572/3458
f 5037/7574/3459 5035/7572/3458 5034/7571/3458
f 5034/7571/3458 5036/7573/3459 5037/7574/3459
f 5039/7576/3460 5037/7574/3459 5036/7573/3459
f 5036/7573/3459 5038/7575/3460 5039/7576/3460
f 5041/7578/3461 5039/7576/3460 5038/7575/3460
f 5038/7575/3460 5040/7577/3461 5041/7578/3461
f 5044/7583/3462 5041/7579/3461 5040/7580/3461
f 5044/7583/3462 5040/7580/3461 5042/7581/3462
f 5042/7581/3462 5043/7582/3462 5044/7583/3462
f 5048/7587/3463 5044/7583/3462 5043/7582/3462
f 5048/7587/3463 5043/7582/3462 5042/7581/3462
f 5048/7587/3463 5042/7581/3462 5045/7584/3463
f 5048/7587/3463 5045/7584/3463 5046/7585/3463
f 5046/7585/3463 5047/7586/3463 5048/7587/3463
f 5048/7587/3463 5047/7586/3463 5046/7585/3463
f 5048/7587/3463 5046/7585/3463 5045/7584/3463
f 5048/7587/3463 5045/7584/3463 5049/7588/3464
f 5048/7587/3463 5049/7588/3464 5050/7589/3464
f 5048/7587/3463 5050/7589/3464 5051/7590/3464
f 5051/7590/3464 5052/7591/3464 5048/7587/3463
f 5052/7591/3464 5051/7590/3464 5050/7589/3464
f 5052/7591/3464 5050/7589/3464 5049/7588/3464
f 5052/7591/3464 5049/7588/3464 5053/7592/3465
f 5052/7591/3464 5053/7592/3465 5054/7593/3465
f 5052/7591/3464 5054/7593/3465 5055/7594/3465
f 5055/7594/3465 5056/7595/3465 5052/7591/3464
f 5056/7603/3465 5055/7596/3465 5054/7597/3465
f 5056/7603/3465 5054/7597/3465 5053/7598/3465
f 5056/7603/3465 5053/7598/3465 5057/7599/3466
f 5056/7603/3465 5057/7599/3466 5058/7600/3466
f 5056/7603/3465 5058/7600/3466 5059/7601/3466
f 5059/7601/3466 5060/7602/3466 5056/7603/3465
f 5060/7602/3466 5059/7601/3466 5058/7600/3466
f 5060/7602/3466 5058/7600/3466 5057/7599/3466
f 5060/7602/3466 5057/7599/3466 5061/7604/3467
f 5060/7602/3466 5061/7604/3467 5062/7605/3467
f 5060/7602/3466 5062/7605/3467 5063/7606/3467
f 5063/7606/3467 5064/7607/3467 5060/7602/3466
f 5064/7607/3467 5063/7606/3467 5062/7605/3467
f 5064/7607/3467 5062/7605/3467 5061/7604/3467
f 5064/7607/3467 5061/7604/3467 5065/7608/3468
f 5064/7607/3467 5065/7608/3468 5066/7609/3468
f 5064/7607/3467 5066/7609/3468 5067/7610/3468
f 5067/7610/3468 5068/7611/3468 5064/7607/3467
f 5068/7611/3468 5067/7610/3468 5066/7609/3468
f 5068/7611/3468 5066/7609/3468 5065/7608/3468
f 5068/7611/3468 5065/7608/3468 5005/7538/3447
f 5068/7611/3468 5005/7538/3447 5004/7537/3447
f 5068/7611/3468 5004/7537/3447 5003/7536/3447
f 5003/7536/3447 5010/7543/3447 5068/7611/3468
f 5071/7616/3469 5069/7612/3469 5070/7613/3469
f 5071/7616/3469 5070/7613/3469 5029/7614/3469
f 5029/7614/3469 5028/7615/3469 5071/7616/3469
f 5034/7617/3470 5033/7618/3470 5072/7619/3470
f 5075/7623/3471 5073/7620/3470 5074/7621/3470
f 5074/7621/3470 5031/7622/3470 5075/7623/3471
f 5031/7622/3470 5030/7624/3472 5075/7623/3471
f 5079/7628/3475 5076/7625/3473 5077/7626/3474
f 5077/7626/3474 5078/7627/3474 5079/7628/3475
f 5083/7632/3476 5080/7629/3476 5081/7630/3477
f 5081/7630/3477 5082/7631/3477 5083/7632/3476
f 5082/7631/3477 5081/7630/3477 5076/7625/3473
f 5076/7625/3473 5079/7628/3475 5082/7631/3477
f 5087/7636/3478 5084/7633/3478 5085/7634/3479
f 5085/7634/3479 5086/7635/3479 5087/7636/3478
f 5086/7635/3479 5085/7634/3479 5088/7637/3480
f 5088/7637/3480 5089/7638/3480 5086/7635/3479
f 5091/7640/3481 5090/7639/3481 5080/7629/3476
f 5080/7629/3476 5083/7632/3476 5091/7640/3481
f 5095/7644/3482 5092/7641/3482 5093/7642/3483
f 5093/7642/3483 5094/7643/3483 5095/7644/3482
f 5094/7643/3483 5093/7642/3483 5096/7645/3484
f 5096/7645/3484 5097/7646/3484 5094/7643/3483
f 5097/7648/3484 5096/7647/3484 5090/7639/3481
f 5090/7639/3481 5091/7640/3481 5097/7648/3484
f 5078/7627/3474 5077/7626/3474 5084/7649/3478
f 5084/7649/3478 5087/7650/3478 5078/7627/3474
f 5089/7638/3480 5088/7637/3480 5098/7651/3485
f 5098/7651/3485 5099/7652/3485 5089/7638/3480
f 5099/7652/3485 5098/7651/3485 5100/7653/3486
f 5100/7653/3486 5101/7654/3486 5099/7652/3485
f 5101/7658/3486 5100/7655/3486 5102/7656/3487
f 5102/7656/3487 5103/7657/3487 5101/7658/3486
f 5103/7657/3487 5102/7656/3487 5104/7659/3488
f 5104/7659/3488 5105/7660/3488 5103/7657/3487
f 5105/7660/3488 5104/7659/3488 5106/7661/3489
f 5106/7661/3489 5107/7662/3489 5105/7660/3488
f 5069/7667/3490 5108/7663/3490 5109/7664/3491
f 5069/7667/3490 5109/7664/3491 5110/7665/3492
f 5110/7665/3492 5070/7666/3493 5069/7667/3490
f 5070/7666/3493 5110/7665/3492 5111/7668/3494
f 5111/7668/3494 5112/7669/3494 5070/7666/3493
f 5113/7671/3495 5028/7565/3455 5031/7568/3455
f 5031/7568/3455 5074/7670/3495 5113/7671/3495
f 5115/7675/3469 5114/7672/3469 5113/7673/3469
f 5113/7673/3469 5032/7674/3469 5115/7675/3469
f 5064/7679/3469 5079/7676/3469 5078/7677/3469
f 5078/7677/3469 5060/7678/3469 5064/7679/3469
f 5060/7678/3469 5078/7677/3469 5087/7680/3469
f 5087/7680/3469 5056/7681/3469 5060/7678/3469
f 5056/7681/3469 5087/7680/3469 5086/7682/3469
f 5086/7682/3469 5052/7683/3469 5056/7681/3469
f 5052/7683/3469 5086/7682/3469 5089/7684/3469
f 5089/7684/3469 5048/7685/3469 5052/7683/3469
f 5048/7685/3469 5089/7684/3469 5099/7686/3496
f 5099/7686/3496 5044/7687/3497 5048/7685/3469
f 5044/7687/3497 5099/7686/3469 5101/7688/3469
f 5101/7688/3469 5041/7689/3469 5044/7687/3497
f 5041/7689/3469 5101/7688/3469 5103/7690/3469
f 5103/7690/3469 5039/7691/3469 5041/7689/3469
f 5039/7691/3469 5103/7690/3469 5105/7692/3469
f 5105/7692/3469 5037/7693/3469 5039/7691/3469
f 5037/7693/3469 5105/7692/3469 5107/7694/3469
f 5107/7694/3469 5035/7695/3469 5037/7693/3469
f 5029/7614/3469 5070/7613/3469 5112/7696/3469
f 5112/7696/3469 5116/7697/3469 5029/7614/3469
f 5020/7701/3498 5095/7698/3498 5094/7699/3498
f 5094/7699/3498 5018/7700/3498 5020/7701/3498
f 5018/7700/3498 5094/7699/3469 5097/7702/3469
f 5097/7702/3469 5014/7703/3469 5018/7700/3498
f 5014/7703/3469 5097/7702/3469 5091/7704/3469
f 5091/7704/3469 5009/7705/3469 5014/7703/3469
f 5009/7705/3469 5091/7704/3469 5083/7706/3469
f 5083/7706/3469 5010/7707/3469 5009/7705/3469
f 5010/7707/3469 5083/7706/3469 5082/7708/3469
f 5082/7708/3469 5068/7709/3469 5010/7707/3469
f 5068/7709/3469 5082/7708/3469 5079/7676/3469
f 5079/7676/3469 5064/7679/3469 5068/7709/3469
f 5117/7710/3470 5076/7711/3470 5081/7712/3470
f 5117/7710/3470 5081/7712/3470 5118/7713/3470
f 5117/7710/3470 5118/7713/3470 5065/7714/3470
f 5117/7710/3470 5065/7714/3470 5061/7715/3470
f 5065/7714/3470 5118/7713/3470 5081/7712/3470
f 5065/7714/3470 5081/7712/3470 5080/7716/3470
f 5065/7714/3470 5080/7716/3470 5119/7717/3470
f 5119/7717/3470 5005/7718/3470 5065/7714/3470
f 5119/7717/3470 5080/7716/3470 5090/7719/3470
f 5119/7717/3470 5090/7719/3470 5120/7720/3470
f 5119/7717/3470 5120/7720/3470 5006/7721/3470
f 5119/7717/3470 5006/7721/3470 5005/7718/3470
f 5006/7721/3470 5120/7720/3470 5090/7719/3470
f 5006/7721/3470 5090/7719/3470 5096/7722/3470
f 5006/7721/3470 5096/7722/3470 5121/7723/3470
f 5121/7723/3470 5011/7724/3470 5006/7721/3470
f 5121/7723/3470 5096/7722/3470 5093/7725/3470
f 5121/7723/3470 5093/7725/3470 5015/7726/3470
f 5121/7723/3470 5015/7726/3470 5011/7724/3470
f 5015/7726/3470 5093/7725/3470 5092/7727/3470
f 5092/7727/3470 5019/7728/3470 5015/7726/3470
f 5122/7730/3470 5019/7728/3470 5092/7727/3470
f 5092/7727/3470 5111/7729/3470 5122/7730/3470
f 5110/7731/3470 5030/7624/3470 5122/7730/3470
f 5122/7730/3470 5111/7729/3470 5110/7731/3470
f 5109/7732/3499 5075/7623/3471 5030/7624/3472
f 5030/7624/3472 5110/7731/3499 5109/7732/3499
f 5106/7734/3470 5034/7617/3470 5072/7619/3470
f 5072/7619/3470 5123/7733/3470 5106/7734/3470
f 5034/7617/3470 5106/7734/3470 5104/7735/3470
f 5034/7617/3470 5104/7735/3470 5124/7736/3470
f 5124/7736/3470 5036/7737/3470 5034/7617/3470
f 5124/7736/3470 5104/7735/3470 5102/7738/3470
f 5124/7736/3470 5102/7738/3470 5125/7739/3470
f 5124/7736/3470 5125/7739/3470 5038/7740/3470
f 5124/7736/3470 5038/7740/3470 5036/7737/3470
f 5125/7739/3470 5102/7738/3470 5100/7741/3470
f 5125/7739/3470 5100/7741/3470 5126/7742/3470
f 5125/7739/3470 5126/7742/3470 5040/7743/3470
f 5125/7739/3470 5040/7743/3470 5038/7740/3470
f 5126/7742/3470 5100/7741/3470 5098/7744/3470
f 5126/7742/3470 5098/7744/3470 5127/7745/3470
f 5126/7742/3470 5127/7745/3470 5042/7746/3470
f 5126/7742/3470 5042/7746/3470 5040/7743/3470
f 5127/7745/3470 5098/7744/3470 5088/7747/3470
f 5127/7745/3470 5088/7747/3470 5128/7748/3470
f 5127/7745/3470 5128/7748/3470 5045/7749/3470
f 5127/7745/3470 5045/7749/3470 5042/7746/3470
f 5128/7748/3500 5088/7747/3500 5085/7750/3500
f 5128/7748/3500 5085/7750/3500 5129/7751/3501
f 5128/7748/3500 5129/7751/3501 5049/7752/3502
f 5128/7748/3500 5049/7752/3502 5045/7749/3470
f 5049/7752/3470 5129/7751/3470 5085/7750/3470
f 5049/7752/3470 5085/7750/3470 5084/7753/3470
f 5049/7752/3470 5084/7753/3470 5130/7754/3470
f 5130/7754/3470 5053/7755/3470 5049/7752/3470
f 5130/7754/3470 5084/7753/3470 5077/7756/3470
f 5130/7754/3470 5077/7756/3470 5131/7757/3470
f 5130/7754/3470 5131/7757/3470 5057/7758/3470
f 5130/7754/3470 5057/7758/3470 5053/7755/3470
f 5057/7758/3470 5131/7757/3470 5077/7756/3470
f 5057/7758/3470 5077/7756/3470 5076/7711/3470
f 5057/7758/3470 5076/7711/3470 5117/7710/3470
f 5117/7710/3470 5061/7715/3470 5057/7758/3470
f 5134/7764/3503 5123/7759/3503 5072/7760/3503
f 5134/7764/3503 5072/7760/3503 5132/7761/3503
f 5134/7764/3503 5132/7761/3503 5133/7762/3503
f 5133/7762/3503 5115/7763/3504 5134/7764/3503
f 5075/7767/3505 5109/7664/3505 5108/7663/3506
f 5075/7767/3505 5108/7663/3506 5135/7765/3507
f 5135/7765/3507 5136/7766/3508 5075/7767/3505
f 5137/7771/3512 5073/7768/3509 5075/7769/3510
f 5075/7769/3510 5136/7770/3511 5137/7771/3512
f 5022/7773/3470 5021/7772/3470 5019/7728/3470
f 5019/7728/3470 5122/7730/3470 5022/7773/3470
f 5020/7777/3513 5019/7774/3513 5021/7775/3513
f 5021/7775/3513 5024/7776/3514 5020/7777/3513
f 5030/7624/3470 5026/7778/3470 5022/7773/3470
f 5022/7773/3470 5122/7730/3470 5030/7624/3470
f 5027/7780/3515 5026/7779/3515 5030/7567/3515
f 5030/7567/3515 5029/7566/3515 5027/7780/3515
f 5027/7783/3469 5029/7614/3469 5116/7697/3469
f 5027/7783/3469 5116/7697/3469 5023/7781/3469
f 5023/7781/3469 5025/7782/3469 5027/7783/3469
f 5035/7695/3469 5107/7694/3469 5134/7784/3469
f 5035/7695/3469 5134/7784/3469 5115/7675/3469
f 5115/7675/3469 5032/7674/3469 5035/7695/3469
f 5107/7662/3489 5106/7661/3489 5123/7785/3516
f 5123/7785/3516 5134/7786/3516 5107/7662/3489
f 5071/7788/3517 5138/7787/3517 5136/7766/3508
f 5135/7765/3507 5108/7663/3506 5069/7667/3517
f 5135/7765/3507 5069/7667/3517 5071/7788/3517
f 5136/7766/3508 5135/7765/3507 5071/7788/3517
f 5136/7770/3511 5138/7789/3518 5139/7790/3519
f 5139/7790/3519 5137/7771/3512 5136/7770/3511
f 5112/7669/3494 5111/7668/3494 5092/7641/3482
f 5092/7641/3482 5095/7644/3482 5112/7669/3494
f 5032/7569/3457 5113/7671/3495 5074/7670/3495
f 5074/7670/3495 5033/7570/3457 5032/7569/3457
f 5139/7790/3519 5133/7791/3520 5132/7792/3521
f 5132/7792/3521 5137/7771/3512 5139/7790/3519
f 5072/7793/3522 5073/7768/3509 5137/7771/3512
f 5137/7771/3512 5132/7792/3521 5072/7793/3522
f 5114/7795/3524 5139/7790/3519 5138/7789/3518
f 5138/7789/3518 5071/7794/3523 5114/7795/3524
f 5115/7796/3525 5133/7791/3520 5139/7790/3519
f 5139/7790/3519 5114/7795/3524 5115/7796/3525
f 5024/7797/3469 5023/7781/3469 5116/7697/3469
f 5116/7697/3469 5020/7701/3498 5024/7797/3469
f 5020/7701/3498 5116/7697/3469 5112/7696/3469
f 5112/7696/3469 5095/7698/3469 5020/7701/3498
f 5074/7621/3470 5073/7620/3470 5072/7619/3470
f 5072/7619/3470 5033/7618/3470 5074/7621/3470
f 5113/7673/3469 5114/7672/3469 5071/7616/3469
f 5071/7616/3469 5028/7615/3469 5113/7673/3469
